homega,previousyeartableposition,homegf,currenttableposition,awaygf,awayga,teamshortform,hasachievedobjective,yettowin,unbeatenallcomps,unbeatenleague,champion,leagueid,prevleagueid,highestpossible,teamform,highestprobable,homewins,artificialkey,nummatchesplayed,teamid,grouping,awaywins,objective,points,actualvsexpectations,homelosses,unbeatenhome,lastgameresult,unbeatenaway,awaylosses,awaydraws,homedraws,teamlongform
0,5,0,2,0,0,0,0,0,0,0,0,1,1,0,0,0,0,0,0,269,0,0,0,0,0,0,0,0,0,0,0,0,0
0,9,0,9,0,0,0,0,0,0,0,0,1,1,0,0,0,0,1,0,270,0,0,0,0,0,0,0,0,0,0,0,0,0
0,3,0,1,0,0,0,0,0,0,0,0,1,1,0,0,0,0,2,0,271,0,0,0,0,0,0,0,0,0,0,0,0,0
0,8,0,7,0,0,0,0,0,0,0,0,1,1,0,0,0,0,3,0,272,0,0,0,0,0,0,0,0,0,0,0,0,0
0,1,0,3,0,0,0,0,0,0,0,1,1,1,0,0,0,0,4,0,819,0,0,0,0,0,0,0,0,0,0,0,0,0
0,11,0,11,0,0,0,0,0,0,0,0,1,1,0,0,0,0,5,0,822,0,0,0,0,0,0,0,0,0,0,0,0,0
0,4,0,12,0,0,0,0,0,0,0,0,1,1,0,0,0,0,6,0,1443,0,0,0,0,0,0,0,0,0,0,0,0,0
0,12,0,10,0,0,0,0,0,0,0,0,1,1,0,0,0,0,7,0,1447,0,0,0,0,0,0,0,0,0,0,0,0,0
0,7,0,5,0,0,0,0,0,0,0,0,1,1,0,0,0,0,8,0,1516,0,0,0,0,0,0,0,0,0,0,0,0,0
0,6,0,8,0,0,0,0,0,0,0,0,1,1,0,0,0,0,9,0,1786,0,0,0,0,0,0,0,0,0,0,0,0,0
0,2,0,6,0,0,0,0,0,0,0,0,1,1,0,0,0,0,10,0,1788,0,0,0,0,0,0,0,0,0,0,0,0,0
0,13,0,4,0,0,0,0,0,0,0,0,1,1,0,0,0,0,11,0,15006,0,0,0,0,0,0,0,0,0,0,0,0,0
0,11,0,1,0,0,0,0,0,0,0,0,4,4,0,0,0,0,12,0,229,0,0,0,0,0,0,0,0,0,0,0,0,0
0,3,0,2,0,0,0,0,0,0,0,1,4,4,0,0,0,0,13,0,230,0,0,0,0,0,0,0,0,0,0,0,0,0
0,4,0,4,0,0,0,0,0,0,0,0,4,4,0,0,0,0,14,0,231,0,0,0,0,0,0,0,0,0,0,0,0,0
0,6,0,13,0,0,0,0,0,0,0,0,4,4,0,0,0,0,15,0,232,0,0,0,0,0,0,0,0,0,0,0,0,0
0,14,0,5,0,0,0,0,0,0,0,0,4,4,0,0,0,0,16,0,537,0,0,0,0,0,0,0,0,0,0,0,0,0
0,9,0,12,0,0,0,0,0,0,0,0,4,4,0,0,0,0,17,0,670,0,0,0,0,0,0,0,0,0,0,0,0,0
0,1,0,6,0,0,0,0,0,0,0,0,4,4,0,0,0,0,18,0,673,0,0,0,0,0,0,0,0,0,0,0,0,0
0,5,0,7,0,0,0,0,0,0,0,0,4,4,0,0,0,0,19,0,674,0,0,0,0,0,0,0,0,0,0,0,0,0
0,12,0,11,0,0,0,0,0,0,0,0,4,4,0,0,0,0,20,0,680,0,0,0,0,0,0,0,0,0,0,0,0,0
0,7,0,15,0,0,0,0,0,0,0,0,4,4,0,0,0,0,21,0,681,0,0,0,0,0,0,0,0,0,0,0,0,0
0,8,0,3,0,0,0,0,0,0,0,0,4,4,0,0,0,0,22,0,1750,0,0,0,0,0,0,0,0,0,0,0,0,0
0,2,0,14,0,0,0,0,0,0,0,0,4,4,0,0,0,0,23,0,2014,0,0,0,0,0,0,0,0,0,0,0,0,0
0,15,0,16,0,0,0,0,0,0,0,0,4,4,0,0,0,0,24,0,15005,0,0,0,0,0,0,0,0,0,0,0,0,0
0,10,0,9,0,0,0,0,0,0,0,0,4,4,0,0,0,0,25,0,100087,0,0,0,0,0,0,0,0,0,0,0,0,0
0,13,0,8,0,0,0,0,0,0,0,0,4,4,0,0,0,0,26,0,110724,0,0,0,0,0,0,0,0,0,0,0,0,0
0,16,0,10,0,0,0,0,0,0,0,0,4,4,0,0,0,0,27,0,132231,0,0,0,0,0,0,0,0,0,0,0,0,0
0,3,0,2,0,0,0,0,0,0,0,0,10,10,0,0,0,0,28,0,245,0,0,0,0,0,0,0,0,0,0,0,0,0
0,1,0,3,0,0,0,0,0,0,0,1,10,10,0,0,0,0,29,0,246,0,0,0,0,0,0,0,2,0,0,0,0,0
0,2,0,1,0,0,0,0,0,0,0,0,10,10,0,0,0,0,30,0,247,0,0,0,0,0,0,0,0,0,0,0,0,0
0,13,0,11,0,0,0,0,0,0,0,0,10,10,0,0,0,0,31,0,634,0,0,0,0,0,0,0,1,0,0,0,0,0
0,14,0,17,0,0,0,0,0,0,0,0,10,10,0,0,0,0,32,0,645,0,0,0,0,0,0,0,0,0,0,0,0,0
0,7,0,4,0,0,0,0,0,0,0,0,10,10,0,0,0,0,33,0,1903,0,0,0,0,0,0,0,1,0,0,0,0,0
0,18,0,15,0,0,0,0,0,0,0,0,10,10,0,0,0,0,34,0,1904,0,0,0,0,0,0,0,1,0,0,0,0,0
0,4,0,5,0,0,0,0,0,0,0,0,10,10,0,0,0,0,35,0,1906,0,0,0,0,0,0,0,1,0,0,0,0,0
0,5,0,6,0,0,0,0,0,0,0,0,10,10,0,0,0,0,36,0,1908,0,0,0,0,0,0,0,2,0,0,0,0,0
0,12,0,8,0,0,0,0,0,0,0,0,10,10,0,0,0,0,37,0,1910,0,0,0,0,0,0,0,0,0,0,0,0,0
0,8,0,9,0,0,0,0,0,0,0,0,10,10,0,0,0,0,38,0,1913,0,0,0,0,0,0,0,0,0,0,0,0,0
0,17,0,10,0,0,0,0,0,0,0,0,10,10,0,0,0,0,39,0,1914,0,0,0,0,0,0,0,0,0,0,0,0,0
0,12,0,13,0,0,0,0,0,0,0,0,10,10,0,0,0,0,40,0,1915,0,0,0,0,0,0,0,2,0,0,0,0,0
0,15,0,16,0,0,0,0,0,0,0,0,10,10,0,0,0,0,41,0,1971,0,0,0,0,0,0,0,0,0,0,0,0,0
0,11,0,7,0,0,0,0,0,0,0,0,10,10,0,0,0,0,42,0,100632,0,0,0,0,0,0,0,2,0,0,0,0,0
0,16,0,14,0,0,0,0,0,0,0,0,10,10,0,0,0,0,43,0,100634,0,0,0,0,0,0,0,2,0,0,0,0,0
0,19,0,2,0,0,0,0,0,0,0,0,10,10,0,0,0,0,44,0,100638,0,0,0,0,0,0,0,0,0,0,0,0,0
0,6,0,12,0,0,0,0,0,0,0,0,10,10,0,0,0,0,45,0,100646,0,0,0,0,0,0,0,2,0,0,0,0,0
0,2,0,2,0,0,0,0,0,0,0,0,13,13,0,0,0,0,46,0,1,0,0,0,0,0,0,0,0,0,0,0,0,0
0,7,0,3,0,0,0,0,0,0,0,0,13,13,0,0,0,0,47,0,2,0,0,0,0,0,0,0,0,0,0,0,0,0
0,12,0,7,0,0,0,0,0,0,0,0,13,13,0,0,0,0,48,0,5,0,0,0,0,0,0,0,0,0,0,0,0,0
0,17,0,9,0,0,0,0,0,0,0,0,13,13,0,0,0,0,49,0,7,0,0,0,0,0,0,0,0,0,0,0,0,0
0,18,0,11,0,0,0,0,0,0,0,0,13,13,0,0,0,0,50,0,8,0,0,0,0,0,0,0,0,0,0,0,0,0
0,5,0,12,0,0,0,0,0,0,0,0,13,13,0,0,0,0,51,0,9,0,0,0,0,0,0,0,0,0,0,0,0,0
0,1,0,13,0,0,0,0,0,0,0,1,13,13,0,0,0,0,52,0,10,0,0,0,0,0,0,0,0,0,0,0,0,0
0,3,0,14,0,0,0,0,0,0,0,0,13,13,0,0,0,0,53,0,11,0,0,0,0,0,0,0,0,0,0,0,0,0
0,4,0,15,0,0,0,0,0,0,0,0,13,13,0,0,0,0,54,0,13,0,0,0,0,0,0,0,0,0,0,0,0,0
0,16,0,16,0,0,0,0,0,0,0,0,13,13,0,0,0,0,55,0,14,0,0,0,0,0,0,0,0,0,0,0,0,0
0,8,0,18,0,0,0,0,0,0,0,0,13,13,0,0,0,0,56,0,18,0,0,0,0,0,0,0,0,0,0,0,0,0
0,14,0,19,0,0,0,0,0,0,0,0,13,13,0,0,0,0,57,0,19,0,0,0,0,0,0,0,0,0,0,0,0,0
0,6,0,17,0,0,0,0,0,0,0,0,13,14,0,0,0,0,58,0,106,0,0,0,0,0,0,0,0,0,0,0,0,0
0,13,0,20,0,0,0,0,0,0,0,0,13,13,0,0,0,0,59,0,110,0,0,0,0,0,0,0,0,0,0,0,0,0
0,10,0,10,0,0,0,0,0,0,0,0,13,13,0,0,0,0,60,0,144,0,0,0,0,0,0,0,0,0,0,0,0,0
0,1,0,6,0,0,0,0,0,0,0,1,13,14,0,0,0,0,61,0,1796,0,0,0,0,0,0,0,0,0,0,0,0,0
0,11,0,8,0,0,0,0,0,0,0,0,13,13,0,0,0,0,62,0,1799,0,0,0,0,0,0,0,0,0,0,0,0,0
0,6,0,5,0,0,0,0,0,0,0,0,13,13,0,0,0,0,63,0,1808,0,0,0,0,0,0,0,0,0,0,0,0,0
0,9,0,4,0,0,0,0,0,0,0,0,13,13,0,0,0,0,64,0,1925,0,0,0,0,0,0,0,0,0,0,0,0,0
0,15,0,1,0,0,0,0,0,0,0,0,13,13,0,0,0,0,65,0,1943,0,0,0,0,0,0,0,0,0,0,0,0,0
0,7,0,2,0,0,0,0,0,0,0,0,14,14,0,0,0,0,66,0,3,0,0,0,0,0,0,0,0,0,0,0,0,0
0,4,0,10,0,0,0,0,0,0,0,0,14,14,0,0,0,0,67,0,12,0,0,0,0,0,0,0,0,0,0,0,0,0
0,20,0,16,0,0,0,0,0,0,0,0,14,14,0,0,0,0,68,0,15,0,0,0,0,0,0,0,0,0,0,0,0,0
0,20,0,19,0,0,0,0,0,0,0,0,14,13,0,0,0,0,69,0,17,0,0,0,0,0,0,0,0,0,0,0,0,0
0,17,0,1,0,0,0,0,0,0,0,0,14,14,0,0,0,0,70,0,88,0,0,0,0,0,0,0,0,0,0,0,0,0
0,10,0,4,0,0,0,0,0,0,0,0,14,60,0,0,0,0,71,0,89,0,0,0,0,0,0,0,0,0,0,0,0,0
0,7,0,6,0,0,0,0,0,0,0,0,14,60,0,0,0,0,72,0,91,0,0,0,0,0,0,0,0,0,0,0,0,0
0,2,0,8,0,0,0,0,0,0,0,0,14,60,0,0,0,0,73,0,94,0,0,0,0,0,0,0,0,0,0,0,0,0
0,19,0,9,0,0,0,0,0,0,0,0,14,13,0,0,0,0,74,0,95,0,0,0,0,0,0,0,0,0,0,0,0,0
0,8,0,11,0,0,0,0,0,0,0,0,14,14,0,0,0,0,75,0,97,0,0,0,0,0,0,0,0,0,0,0,0,0
0,9,0,23,0,0,0,0,0,0,0,0,14,14,0,0,0,0,76,0,109,0,0,0,0,0,0,0,0,0,0,0,0,0
0,8,0,14,0,0,0,0,0,0,0,0,14,60,0,0,0,0,77,0,1790,0,0,0,0,0,0,0,0,0,0,0,0,0
0,13,0,12,0,0,0,0,0,0,0,0,14,14,0,0,0,0,78,0,1792,0,0,0,0,0,0,0,0,0,0,0,0,0
0,2,0,17,0,0,0,0,0,0,0,0,14,14,0,0,0,0,79,0,1794,0,0,0,0,0,0,0,0,0,0,0,0,0
0,11,0,22,0,0,0,0,0,0,0,0,14,14,0,0,0,0,80,0,1795,0,0,0,0,0,0,0,0,0,0,0,0,0
0,5,0,5,0,0,0,0,0,0,0,0,14,14,0,0,0,0,81,0,1800,0,0,0,0,0,0,0,0,0,0,0,0,0
0,12,0,15,0,0,0,0,0,0,0,0,14,14,0,0,0,0,82,0,1801,0,0,0,0,0,0,0,0,0,0,0,0,0
0,16,0,20,0,0,0,0,0,0,0,0,14,14,0,0,0,0,83,0,1806,0,0,0,0,0,0,0,0,0,0,0,0,0
0,3,0,18,0,0,0,0,0,0,0,0,14,60,0,0,0,0,84,0,1807,0,0,0,0,0,0,0,0,0,0,0,0,0
0,14,0,3,0,0,0,0,0,0,0,0,14,14,0,0,0,0,85,0,1919,0,0,0,0,0,0,0,0,0,0,0,0,0
0,23,0,24,0,0,0,0,0,0,0,0,14,61,0,0,0,0,86,0,1947,0,0,0,0,0,0,0,0,0,0,0,0,0
0,19,0,13,0,0,0,0,0,0,0,0,14,60,0,0,0,0,87,0,1951,0,0,0,0,0,0,0,0,0,0,0,0,0
0,15,0,7,0,0,0,0,0,0,0,0,14,14,0,0,0,0,88,0,1952,0,0,0,0,0,0,0,0,0,0,0,0,0
0,10,0,21,0,0,0,0,0,0,0,0,14,14,0,0,0,0,89,0,1960,0,0,0,0,0,0,0,0,0,0,0,0,0
0,17,0,2,0,0,0,0,0,0,0,0,16,16,0,0,0,0,90,0,57,0,0,0,0,0,0,0,0,0,0,0,0,0
0,2,0,5,0,0,0,0,0,0,0,0,16,16,0,0,0,0,91,0,64,0,0,0,0,0,0,0,0,0,0,0,0,0
0,5,0,6,0,0,0,0,0,0,0,0,16,16,0,0,0,0,92,0,65,0,0,0,0,0,0,0,0,0,0,0,0,0
0,7,0,8,0,0,0,0,0,0,0,0,16,16,0,0,0,0,93,0,66,0,0,0,0,0,0,0,0,0,0,0,0,0
0,2,0,10,0,0,0,0,0,0,0,0,16,17,0,0,0,0,94,0,68,0,0,0,0,0,0,0,0,0,0,0,0,0
0,6,0,11,0,0,0,0,0,0,0,0,16,16,0,0,0,0,95,0,69,0,0,0,0,0,0,0,0,0,0,0,0,0
0,16,0,12,0,0,0,0,0,0,0,0,16,16,0,0,0,0,96,0,71,0,0,0,0,0,0,0,0,0,0,0,0,0
0,9,0,13,0,0,0,0,0,0,0,0,16,16,0,0,0,0,97,0,72,0,0,0,0,0,0,0,0,0,0,0,0,0
0,1,0,14,0,0,0,0,0,0,0,1,16,16,0,0,0,0,98,0,73,0,0,0,0,0,0,0,0,0,0,0,0,0
0,4,0,16,0,0,0,0,0,0,0,0,16,16,0,0,0,0,99,0,74,0,0,0,0,0,0,0,0,0,0,0,0,0
0,15,0,17,0,0,0,0,0,0,0,0,16,16,0,0,0,0,100,0,76,0,0,0,0,0,0,0,0,0,0,0,0,0
0,10,0,7,0,0,0,0,0,0,0,0,16,16,0,0,0,0,101,0,217,0,0,0,0,0,0,0,0,0,0,0,0,0
0,3,0,9,0,0,0,0,0,0,0,0,16,16,0,0,0,0,102,0,219,0,0,0,0,0,0,0,0,0,0,0,0,0
0,14,0,3,0,0,0,0,0,0,0,0,16,16,0,0,0,0,103,0,378,0,0,0,0,0,0,0,0,0,0,0,0,0
0,20,0,1,0,0,0,0,0,0,0,0,16,16,0,0,0,0,104,0,1530,0,0,0,0,0,0,0,0,0,0,0,0,0
0,1,0,4,0,0,0,0,0,0,0,1,16,17,0,0,0,0,105,0,1738,0,0,0,0,0,0,0,0,0,0,0,0,0
0,13,0,18,0,0,0,0,0,0,0,0,16,16,0,0,0,0,106,0,1809,0,0,0,0,0,0,0,0,0,0,0,0,0
0,7,0,15,0,0,0,0,0,0,0,0,16,17,0,0,0,0,107,0,111817,0,0,0,0,0,0,0,0,0,0,0,0,0
0,4,0,4,0,0,0,0,0,0,0,0,17,17,0,0,0,0,108,0,58,0,0,0,0,0,0,0,0,0,0,0,0,0
0,6,0,8,0,0,0,0,0,0,0,0,17,17,0,0,0,0,109,0,62,0,0,0,0,0,0,0,0,0,0,0,0,0
0,12,0,11,0,0,0,0,0,0,0,0,17,16,0,0,0,0,110,0,70,0,0,0,0,0,0,0,0,0,0,0,0,0
0,19,0,18,0,0,0,0,0,0,0,0,17,16,0,0,0,0,111,0,294,0,0,0,0,0,0,0,0,0,0,0,0,0
0,11,0,15,0,0,0,0,0,0,0,0,17,16,0,0,0,0,112,0,379,0,0,0,0,0,0,0,0,0,0,0,0,0
0,18,0,1,0,0,0,0,0,0,0,0,17,16,0,0,0,0,113,0,614,0,0,0,0,0,0,0,0,0,0,0,0,0
0,21,0,10,0,0,0,0,0,0,0,0,17,17,0,0,0,0,114,0,1739,0,0,0,0,0,0,0,0,0,0,0,0,0
0,10,0,7,0,0,0,0,0,0,0,0,17,17,0,0,0,0,115,0,1805,0,0,0,0,0,0,0,0,0,0,0,0,0
0,15,0,9,0,0,0,0,0,0,0,0,17,17,0,0,0,0,116,0,1814,0,0,0,0,0,0,0,0,0,0,0,0,0
0,8,0,5,0,0,0,0,0,0,0,0,17,16,0,0,0,0,117,0,1815,0,0,0,0,0,0,0,0,0,0,0,0,0
0,12,0,2,0,0,0,0,0,0,0,0,17,17,0,0,0,0,118,0,1816,0,0,0,0,0,0,0,0,0,0,0,0,0
0,8,0,17,0,0,0,0,0,0,0,0,17,17,0,0,0,0,119,0,1819,0,0,0,0,0,0,0,0,0,0,0,0,0
0,22,0,12,0,0,0,0,0,0,0,0,17,16,0,0,0,0,120,0,1823,0,0,0,0,0,0,0,0,0,0,0,0,0
0,13,0,13,0,0,0,0,0,0,0,0,17,17,0,0,0,0,121,0,110321,0,0,0,0,0,0,0,0,0,0,0,0,0
0,23,0,14,0,0,0,0,0,0,0,0,17,17,0,0,0,0,122,0,111273,0,0,0,0,0,0,0,0,0,0,0,0,0
0,20,0,6,0,0,0,0,0,0,0,0,17,17,0,0,0,0,123,0,111276,0,0,0,0,0,0,0,0,0,0,0,0,0
0,14,0,16,0,0,0,0,0,0,0,0,17,17,0,0,0,0,124,0,111659,0,0,0,0,0,0,0,0,0,0,0,0,0
0,24,0,3,0,0,0,0,0,0,0,0,17,17,0,0,0,0,125,0,131447,0,0,0,0,0,0,0,0,0,0,0,0,0
0,1,0,3,0,0,0,0,0,0,0,1,19,19,0,0,0,0,126,0,21,0,0,0,0,0,0,0,0,0,0,0,0,0
0,2,0,4,0,0,0,0,0,0,0,0,19,19,0,0,0,0,127,0,22,0,0,0,0,0,0,0,0,0,0,0,0,0
0,10,0,5,0,0,0,0,0,0,0,0,19,19,0,0,0,0,128,0,23,0,0,0,0,0,0,0,0,0,0,0,0,0
0,5,0,8,0,0,0,0,0,0,0,0,19,19,0,0,0,0,129,0,25,0,0,0,0,0,0,0,0,0,0,0,0,0
0,3,0,9,0,0,0,0,0,0,0,0,19,20,0,0,0,0,130,0,28,0,0,0,0,0,0,0,0,0,0,0,0,0
0,11,0,7,0,0,0,0,0,0,0,0,19,19,0,0,0,0,131,0,31,0,0,0,0,0,0,0,0,0,0,0,0,0
0,6,0,2,0,0,0,0,0,0,0,0,19,19,0,0,0,0,132,0,32,0,0,0,0,0,0,0,0,0,0,0,0,0
0,16,0,15,0,0,0,0,0,0,0,0,19,19,0,0,0,0,133,0,36,0,0,0,0,0,0,0,0,0,0,0,0,0
0,13,0,17,0,0,0,0,0,0,0,0,19,19,0,0,0,0,134,0,38,0,0,0,0,0,0,0,0,0,0,0,0,0
0,9,0,12,0,0,0,0,0,0,0,0,19,19,0,0,0,0,135,0,169,0,0,0,0,0,0,0,0,0,0,0,0,0
0,8,0,18,0,0,0,0,0,0,0,0,19,19,0,0,0,0,136,0,175,0,0,0,0,0,0,0,0,0,0,0,0,0
0,7,0,6,0,0,0,0,0,0,0,0,19,19,0,0,0,0,137,0,1824,0,0,0,0,0,0,0,0,0,0,0,0,0
0,4,0,16,0,0,0,0,0,0,0,0,19,19,0,0,0,0,138,0,1831,0,0,0,0,0,0,0,0,0,0,0,0,0
0,12,0,11,0,0,0,0,0,0,0,0,19,19,0,0,0,0,139,0,10029,0,0,0,0,0,0,0,0,0,0,0,0,0
0,15,0,1,0,0,0,0,0,0,0,0,19,19,0,0,0,0,140,0,100409,0,0,0,0,0,0,0,0,0,0,0,0,0
0,5,0,14,0,0,0,0,0,0,0,0,19,20,0,0,0,0,141,0,110329,0,0,0,0,0,0,0,0,0,0,0,0,0
0,1,0,10,0,0,0,0,0,0,0,1,19,20,0,0,0,0,142,0,111235,0,0,0,0,0,0,0,0,0,0,0,0,0
0,3,0,13,0,0,0,0,0,0,0,0,19,19,0,0,0,0,143,0,112172,0,0,0,0,0,0,0,0,0,0,0,0,0
0,9,0,12,0,0,0,0,0,0,0,0,20,20,0,0,0,0,144,0,29,0,0,0,0,0,0,0,0,0,0,0,0,0
0,17,0,18,0,0,0,0,0,0,0,0,20,19,0,0,0,0,145,0,34,0,0,0,0,0,0,0,0,0,0,0,0,0
0,16,0,1,0,0,0,0,0,0,0,0,20,20,0,0,0,0,146,0,159,0,0,0,0,0,0,0,0,0,0,0,0,0
0,14,0,2,0,0,0,0,0,0,0,0,20,19,0,0,0,0,147,0,160,0,0,0,0,0,0,0,0,0,0,0,0,0
0,12,0,8,0,0,0,0,0,0,0,0,20,20,0,0,0,0,148,0,165,0,0,0,0,0,0,0,0,0,0,0,0,0
0,18,0,10,0,0,0,0,0,0,0,0,20,19,0,0,0,0,149,0,166,0,0,0,0,0,0,0,0,0,0,0,0,0
0,14,0,15,0,0,0,0,0,0,0,0,20,20,0,0,0,0,150,0,171,0,0,0,0,0,0,0,0,0,0,0,0,0
0,10,0,9,0,0,0,0,0,0,0,0,20,20,0,0,0,0,151,0,485,0,0,0,0,0,0,0,0,0,0,0,0,0
0,6,0,4,0,0,0,0,0,0,0,0,20,2076,0,0,0,0,152,0,503,0,0,0,0,0,0,0,0,0,0,0,0,0
0,20,0,17,0,0,0,0,0,0,0,0,20,2076,0,0,0,0,153,0,531,0,0,0,0,0,0,0,0,0,0,0,0,0
0,8,0,11,0,0,0,0,0,0,0,0,20,20,0,0,0,0,154,0,576,0,0,0,0,0,0,0,0,0,0,0,0,0
0,1,0,6,0,0,0,0,0,0,0,1,20,2076,0,0,0,0,155,0,580,0,0,0,0,0,0,0,0,0,0,0,0,0
0,7,0,13,0,0,0,0,0,0,0,0,20,20,0,0,0,0,156,0,1832,0,0,0,0,0,0,0,0,0,0,0,0,0
0,6,0,16,0,0,0,0,0,0,0,0,20,20,0,0,0,0,157,0,10030,0,0,0,0,0,0,0,0,0,0,0,0,0
0,15,0,5,0,0,0,0,0,0,0,0,20,20,0,0,0,0,158,0,110500,0,0,0,0,0,0,0,0,0,0,0,0,0
0,2,0,3,0,0,0,0,0,0,0,0,20,20,0,0,0,0,159,0,110502,0,0,0,0,0,0,0,0,0,0,0,0,0
0,11,0,14,0,0,0,0,0,0,0,0,20,20,0,0,0,0,160,0,110588,0,0,0,0,0,0,0,0,0,0,0,0,0
0,4,0,7,0,0,0,0,0,0,0,0,20,20,0,0,0,0,161,0,110636,0,0,0,0,0,0,0,0,0,0,0,0,0
0,7,0,10,0,0,0,0,0,0,0,0,31,31,0,0,0,0,162,0,45,0,0,0,0,0,0,0,0,0,0,0,0,0
0,10,0,13,0,0,0,0,0,0,0,0,31,31,0,0,0,0,163,0,48,0,0,0,0,0,0,0,0,0,0,0,0,0
0,4,0,14,0,0,0,0,0,0,0,0,31,32,0,0,0,0,164,0,50,0,0,0,0,0,0,0,0,0,0,0,0,0
0,5,0,16,0,0,0,0,0,0,0,0,31,31,0,0,0,0,165,0,52,0,0,0,0,0,0,0,0,0,0,0,0,0
0,10,0,18,0,0,0,0,0,0,0,0,31,31,0,0,0,0,166,0,54,0,0,0,0,0,0,0,0,0,0,0,0,0
0,12,0,19,0,0,0,0,0,0,0,0,31,31,0,0,0,0,167,0,55,0,0,0,0,0,0,0,0,0,0,0,0,0
0,9,0,3,0,0,0,0,0,0,0,0,31,31,0,0,0,0,168,0,189,0,0,0,0,0,0,0,0,0,0,0,0,0
0,17,0,20,0,0,0,0,0,0,0,0,31,31,0,0,0,0,169,0,206,0,0,0,0,0,0,0,0,0,0,0,0,0
0,16,0,12,0,0,0,0,0,0,0,0,31,31,0,0,0,0,170,0,347,0,0,0,0,0,0,0,0,0,0,0,0,0
0,13,0,5,0,0,0,0,0,0,0,0,31,32,0,0,0,0,171,0,1745,0,0,0,0,0,0,0,0,0,0,0,0,0
0,5,0,4,0,0,0,0,0,0,0,0,31,32,0,0,0,0,172,0,1842,0,0,0,0,0,0,0,0,0,0,0,0,0
0,8,0,7,0,0,0,0,0,0,0,0,31,31,0,0,0,0,173,0,110374,0,0,0,0,0,0,0,0,0,0,0,0,0
0,2,0,8,0,0,0,0,0,0,0,0,31,32,0,0,0,0,174,0,110556,0,0,0,0,0,0,0,0,0,0,0,0,0
0,11,0,15,0,0,0,0,0,0,0,0,31,32,0,0,0,0,175,0,110738,0,0,0,0,0,0,0,0,0,0,0,0,0
0,19,0,6,0,0,0,0,0,0,0,0,31,31,0,0,0,0,176,0,111434,0,0,0,0,0,0,0,2,0,0,0,0,0
0,13,0,17,0,0,0,0,0,0,0,0,31,31,0,0,0,0,177,0,111974,0,0,0,0,0,0,0,2,0,0,0,0,0
0,2,0,11,0,0,0,0,0,0,0,0,31,31,0,0,0,0,178,0,115841,0,0,0,0,0,0,0,0,0,0,0,0,0
0,5,0,2,0,0,0,0,0,0,0,0,31,31,0,0,0,0,179,0,115845,0,0,0,0,0,0,0,0,0,0,0,0,0
0,2,0,1,0,0,0,0,0,0,0,0,31,31,0,0,0,0,180,0,131681,0,0,0,0,0,0,0,0,0,0,0,0,0
0,1,0,9,0,0,0,0,0,0,0,0,31,31,0,0,0,0,181,0,131682,0,0,0,0,0,0,0,0,0,0,0,0,0
0,20,0,14,0,0,0,0,0,0,0,0,32,31,0,0,0,0,182,0,200,0,0,0,0,0,0,0,0,0,0,0,0,0
0,8,0,19,0,0,0,0,0,0,0,0,32,32,0,0,0,0,183,0,205,0,0,0,0,0,0,0,0,0,0,0,0,0
0,10,0,11,0,0,0,0,0,0,0,0,32,32,0,0,0,0,184,0,1744,0,0,0,0,0,0,0,2,0,0,0,0,0
0,14,0,18,0,0,0,0,0,0,0,0,32,31,0,0,0,0,185,0,1746,0,0,0,0,0,0,0,0,0,0,0,0,0
0,7,0,18,0,0,0,0,0,0,0,0,32,31,0,0,0,0,186,0,1837,0,0,0,0,0,0,0,1,0,0,0,0,0
0,9,0,8,0,0,0,0,0,0,0,0,32,32,0,0,0,0,187,0,1843,0,0,0,0,0,0,0,1,0,0,0,0,0
0,3,0,9,0,0,0,0,0,0,0,0,32,32,0,0,0,0,188,0,1848,0,0,0,0,0,0,0,1,0,0,0,0,0
0,21,0,2,0,0,0,0,0,0,0,0,32,32,0,0,0,0,189,0,2038,0,0,0,0,0,0,0,0,0,0,0,0,0
0,19,0,13,0,0,0,0,0,0,0,0,32,32,0,0,0,0,190,0,110740,0,0,0,0,0,0,0,2,0,0,0,0,0
0,17,0,6,0,0,0,0,0,0,0,0,32,32,0,0,0,0,191,0,110908,0,0,0,0,0,0,0,1,0,0,0,0,0
0,22,0,17,0,0,0,0,0,0,0,0,32,32,0,0,0,0,192,0,110912,0,0,0,0,0,0,0,0,0,0,0,0,0
0,23,0,7,0,0,0,0,0,0,0,0,32,32,0,0,0,0,193,0,110915,0,0,0,0,0,0,0,0,0,0,0,0,0
0,24,0,14,0,0,0,0,0,0,0,0,32,32,0,0,0,0,194,0,111433,0,0,0,0,0,0,0,1,0,0,0,0,0
0,1,0,16,0,0,0,0,0,0,0,1,32,32,0,0,0,0,195,0,111657,0,0,0,0,0,0,0,0,0,0,0,0,0
0,11,0,20,0,0,0,0,0,0,0,0,32,31,0,0,0,0,196,0,111811,0,0,0,0,0,0,0,0,0,0,0,0,0
0,25,0,5,0,0,0,0,0,0,0,0,32,32,0,0,0,0,197,0,112124,0,0,0,0,0,0,0,1,0,0,0,0,0
0,26,0,12,0,0,0,0,0,0,0,0,32,32,0,0,0,0,198,0,112493,0,0,0,0,0,0,0,1,0,0,0,0,0
0,6,0,10,0,0,0,0,0,0,0,0,32,32,0,0,0,0,199,0,112494,0,0,0,0,0,0,0,1,0,0,0,0,0
0,27,0,10,0,0,0,0,0,0,0,0,32,32,0,0,0,0,200,0,113147,0,0,0,0,0,0,0,0,0,0,0,0,0
0,18,0,3,0,0,0,0,0,0,0,0,32,31,0,0,0,0,201,0,113974,0,0,0,0,0,0,0,0,0,0,0,0,0
12,16,21,7,17,20,66,0,0,0,0,0,39,39,16,22120,13,7,202,23,687,13,4,0,41,0,1,0,2,0,3,4,4,50
18,28,9,27,10,25,6,0,0,0,0,0,39,39,16,100,11,2,203,23,688,11,2,0,19,0,5,0,2,0,7,2,5,20
13,6,30,15,8,17,40,0,0,0,0,0,39,39,16,11102,13,8,204,23,689,13,1,0,33,0,1,0,0,0,7,4,2,50
13,20,10,22,19,17,13,0,0,0,0,0,39,39,16,10010,11,2,205,22,691,11,4,0,25,0,5,0,2,0,4,5,2,23
14,24,11,19,31,26,26,0,0,0,0,0,39,39,16,2001,12,2,206,22,693,13,6,0,29,0,4,0,1,0,5,1,4,43
16,18,17,14,13,20,33,0,0,0,0,0,39,39,16,10021,11,6,207,24,694,12,2,0,30,0,5,0,1,0,5,4,2,36
18,7,9,25,20,23,6,0,0,0,0,0,39,39,16,1,11,1,208,22,695,11,4,0,22,0,7,0,1,0,3,5,2,20
23,22,19,23,16,18,46,0,0,0,0,0,39,39,16,2120,11,3,209,22,696,11,3,0,23,0,5,0,2,0,6,2,3,43
18,8,14,29,11,27,46,0,0,0,0,0,39,39,16,1220,11,3,210,23,697,0,0,0,15,0,6,0,2,0,8,4,2,40
22,25,14,21,15,16,40,0,0,0,0,0,39,39,16,2200,11,4,211,23,698,11,3,0,26,0,7,0,2,0,4,4,1,43
13,17,22,4,16,12,40,0,0,0,0,0,39,39,16,2002,13,6,212,22,101112,14,6,0,41,0,2,0,0,0,3,3,2,46
10,14,13,20,11,18,86,0,0,0,0,0,39,39,16,21222,12,5,213,22,111065,11,3,0,28,0,4,0,0,0,6,3,1,50
14,11,23,6,16,12,66,0,0,0,0,0,39,39,16,21220,13,6,214,23,111138,13,5,0,40,0,3,0,2,0,2,4,3,60
22,3,8,30,12,21,0,0,0,0,0,0,39,39,0,0,0,1,215,23,111139,11,2,0,15,0,6,0,2,0,8,3,3,0
15,15,18,12,13,16,26,0,0,0,0,0,39,39,16,10200,13,6,216,22,111140,13,3,0,33,0,2,0,2,0,5,2,4,40
12,21,24,10,10,19,53,0,0,0,0,0,39,39,16,2121,13,6,217,22,111144,13,3,0,34,0,1,0,1,0,5,3,4,50
14,27,10,24,15,15,53,0,0,0,0,0,39,39,16,12012,11,2,218,22,111651,11,3,0,21,0,7,0,0,0,4,2,4,36
21,26,29,18,15,18,40,0,0,0,0,0,39,39,16,21101,11,3,219,23,111928,12,4,0,29,0,3,0,1,0,5,2,6,40
13,2,26,1,13,9,60,0,0,0,0,0,39,39,16,20022,16,8,220,23,112134,16,6,0,46,0,1,0,0,0,4,1,3,66
19,13,24,11,17,12,33,0,0,0,0,0,39,39,16,20110,13,5,221,23,112606,13,4,0,35,0,4,0,2,0,2,5,3,46
10,5,19,13,10,15,60,0,0,0,0,0,39,39,16,20202,13,8,222,22,112828,13,2,0,34,0,3,0,0,0,5,4,0,56
17,23,19,26,6,23,20,0,0,0,0,0,39,39,16,111,11,4,223,22,112885,11,0,0,20,0,3,0,1,0,7,4,4,33
16,12,24,9,20,17,80,0,0,0,0,0,39,39,16,22220,14,6,224,20,112893,13,5,0,38,0,2,0,2,0,2,3,2,56
6,1,20,8,16,18,80,0,0,0,0,1,39,39,16,20222,13,8,225,20,112996,12,2,0,35,0,2,0,0,0,3,4,1,70
16,29,14,28,9,19,26,0,0,0,0,0,39,39,16,10002,11,3,226,22,113018,11,1,0,18,0,4,0,0,0,8,2,4,26
14,10,21,3,17,17,80,0,0,0,0,0,39,39,16,22202,15,7,227,23,113149,14,7,0,45,0,2,0,0,0,4,1,2,56
8,4,8,16,9,16,66,0,0,0,0,0,39,39,16,22012,12,4,228,22,114161,12,4,0,30,0,2,0,0,0,6,1,5,46
9,9,25,5,16,16,80,0,0,0,0,0,39,39,16,22202,14,8,229,23,114162,13,5,0,44,0,1,0,0,0,4,2,3,70
12,19,23,17,15,25,46,0,0,0,0,0,39,39,16,122,12,8,230,23,114640,11,2,0,32,0,2,0,0,0,9,1,1,43
12,30,22,2,24,19,60,0,0,0,0,0,39,39,16,22020,13,6,231,23,131439,15,7,0,42,0,3,0,2,0,4,0,3,63
0,3,0,5,0,0,0,0,0,0,0,0,41,41,0,0,0,0,232,0,298,8,0,0,0,0,0,0,0,0,0,0,0,0
0,11,0,1,0,0,0,0,0,0,0,0,41,41,0,0,0,0,233,0,300,0,0,0,0,0,0,0,2,0,0,0,0,0
0,1,0,13,0,0,0,0,0,0,0,1,41,41,0,0,0,0,234,0,417,5,0,0,0,0,0,0,2,0,0,0,0,0
0,7,0,3,0,0,0,0,0,0,0,0,41,41,0,0,0,0,235,0,418,10,0,0,0,0,0,0,0,0,0,0,0,0
0,2,0,4,0,0,0,0,0,0,0,0,41,41,0,0,0,0,236,0,918,8,0,0,0,0,0,0,0,0,0,0,0,0
0,15,0,2,0,0,0,0,0,0,0,0,41,41,0,0,0,0,237,0,919,10,0,0,0,0,0,0,0,0,0,0,0,0
0,6,0,12,0,0,0,0,0,0,0,0,41,41,0,0,0,0,238,0,920,3,0,0,0,0,0,0,2,0,0,0,0,0
0,12,0,15,0,0,0,0,0,0,0,0,41,41,0,0,0,0,239,0,922,5,0,0,0,0,0,0,2,0,0,0,0,0
0,10,0,16,0,0,0,0,0,0,0,0,41,41,0,0,0,0,240,0,1463,5,0,0,0,0,0,0,2,0,0,0,0,0
0,16,0,10,0,0,0,0,0,0,0,0,41,41,0,0,0,0,241,0,1523,3,0,0,0,0,0,0,0,0,0,0,0,0
0,13,0,14,0,0,0,0,0,0,0,0,41,41,0,0,0,0,242,0,1756,5,0,0,0,0,0,0,2,0,0,0,0,0
0,14,0,7,0,0,0,0,0,0,0,0,41,41,0,0,0,0,243,0,1757,3,0,0,0,0,0,0,2,0,0,0,0,0
0,17,0,8,0,0,0,0,0,0,0,0,41,41,0,0,0,0,244,0,2041,3,0,0,0,0,0,0,2,0,0,0,0,0
0,8,0,6,0,0,0,0,0,0,0,0,41,41,0,0,0,0,245,0,112199,8,0,0,0,0,0,0,1,0,0,0,0,0
0,6,0,9,0,0,0,0,0,0,0,0,41,41,0,0,0,0,246,0,113459,3,0,0,0,0,0,0,1,0,0,0,0,0
0,18,0,11,0,0,0,0,0,0,0,0,41,41,0,0,0,0,247,0,131491,3,0,0,0,0,0,0,0,0,0,0,0,0
0,3,0,1,0,0,0,0,0,0,0,0,50,50,0,0,0,0,248,0,77,0,0,0,0,0,0,0,0,0,0,0,0,0
0,1,0,2,0,0,0,0,0,0,0,1,50,50,0,0,0,0,249,0,78,0,0,0,0,0,0,0,0,0,0,0,0,0
0,13,0,5,0,0,0,0,0,0,0,0,50,50,0,0,0,0,250,0,79,0,0,0,0,0,0,0,0,0,0,0,0,0
0,4,0,6,0,0,0,0,0,0,0,0,50,50,0,0,0,0,251,0,80,0,0,0,0,0,0,0,0,0,0,0,0,0
0,5,0,7,0,0,0,0,0,0,0,0,50,50,0,0,0,0,252,0,81,0,0,0,0,0,0,0,0,0,0,0,0,0
0,10,0,8,0,0,0,0,0,0,0,0,50,50,0,0,0,0,253,0,82,0,0,0,0,0,0,0,0,0,0,0,0,0
0,7,0,10,0,0,0,0,0,0,0,0,50,50,0,0,0,0,254,0,83,0,0,0,0,0,0,0,0,0,0,0,0,0
0,2,0,11,0,0,0,0,0,0,0,0,50,50,0,0,0,0,255,0,86,0,0,0,0,0,0,0,0,0,0,0,0,0
0,12,0,3,0,0,0,0,0,0,0,0,50,50,0,0,0,0,256,0,180,0,0,0,0,0,0,0,0,0,0,0,0,0
0,4,0,4,0,0,0,0,0,0,0,0,50,50,0,0,0,0,257,0,181,0,0,0,0,0,0,0,0,0,0,0,0,0
0,8,0,9,0,0,0,0,0,0,0,0,50,50,0,0,0,0,258,0,621,0,0,0,0,0,0,0,0,0,0,0,0,0
0,6,0,12,0,0,0,0,0,0,0,0,50,50,0,0,0,0,259,0,100805,0,0,0,0,0,0,0,0,0,0,0,0,0
0,3,0,3,0,0,0,0,0,0,0,0,53,53,0,0,0,0,260,0,240,0,0,0,0,0,0,0,0,0,0,0,0,0
0,1,0,4,0,0,0,0,0,0,0,1,53,53,0,0,0,0,261,0,241,0,0,0,0,0,0,0,0,0,0,0,0,0
0,2,0,15,0,0,0,0,0,0,0,0,53,53,0,0,0,0,262,0,243,0,0,0,0,0,0,0,0,0,0,0,0,0
0,8,0,2,0,0,0,0,0,0,0,0,53,53,0,0,0,0,263,0,448,0,0,0,0,0,0,0,0,0,0,0,0,0
0,6,0,14,0,0,0,0,0,0,0,0,53,53,0,0,0,0,264,0,449,0,0,0,0,0,0,0,0,0,0,0,0,0
0,13,0,5,0,0,0,0,0,0,0,0,53,53,0,0,0,0,265,0,450,0,0,0,0,0,0,0,0,0,0,0,0,0
0,19,0,7,0,0,0,0,0,0,0,0,53,53,0,0,0,0,266,0,452,0,0,0,0,0,0,0,0,0,0,0,0,0
0,9,0,11,0,0,0,0,0,0,0,0,53,53,0,0,0,0,267,0,453,0,0,0,0,0,0,0,0,0,0,0,0,0
0,4,0,17,0,0,0,0,0,0,0,0,53,53,0,0,0,0,268,0,457,0,0,0,0,0,0,0,0,0,0,0,0,0
0,16,0,19,0,0,0,0,0,0,0,0,53,53,0,0,0,0,269,0,461,0,0,0,0,0,0,0,0,0,0,0,0,0
0,4,0,1,0,0,0,0,0,0,0,0,53,54,0,0,0,0,270,0,463,0,0,0,0,0,0,0,0,0,0,0,0,0
0,20,0,6,0,0,0,0,0,0,0,0,53,53,0,0,0,0,271,0,468,0,0,0,0,0,0,0,0,0,0,0,0,0
0,7,0,12,0,0,0,0,0,0,0,0,53,53,0,0,0,0,272,0,479,0,0,0,0,0,0,0,0,0,0,0,0,0
0,11,0,13,0,0,0,0,0,0,0,0,53,53,0,0,0,0,273,0,480,0,0,0,0,0,0,0,0,0,0,0,0,0
0,12,0,18,0,0,0,0,0,0,0,0,53,53,0,0,0,0,274,0,481,0,0,0,0,0,0,0,0,0,0,0,0,0
0,5,0,20,0,0,0,0,0,0,0,0,53,53,0,0,0,0,275,0,483,0,0,0,0,0,0,0,0,0,0,0,0,0
0,3,0,10,0,0,0,0,0,0,0,0,53,54,0,0,0,0,276,0,1853,0,0,0,0,0,0,0,0,0,0,0,0,0
0,15,0,8,0,0,0,0,0,0,0,0,53,53,0,0,0,0,277,0,1860,0,0,0,0,0,0,0,0,0,0,0,0,0
0,10,0,9,0,0,0,0,0,0,0,0,53,53,0,0,0,0,278,0,110062,0,0,0,0,0,0,0,0,0,0,0,0,0
0,8,0,16,0,0,0,0,0,0,0,0,53,54,0,0,0,0,279,0,110827,0,0,0,0,0,0,0,0,0,0,0,0,0
0,19,0,9,0,0,0,0,0,0,0,0,54,53,0,0,0,0,280,0,242,0,0,0,0,0,0,0,0,0,0,0,0,0
0,13,0,21,0,0,0,0,0,0,0,0,54,54,0,0,0,0,281,0,244,0,0,0,0,0,0,0,0,0,0,0,0,0
0,11,0,18,0,0,0,0,0,0,0,0,54,54,0,0,0,0,282,0,456,0,0,0,0,0,0,0,0,0,0,0,0,0
0,17,0,22,0,0,0,0,0,0,0,0,54,54,0,0,0,0,283,0,459,0,0,0,0,0,0,0,0,0,0,0,0,0
0,18,0,20,0,0,0,0,0,0,0,0,54,53,0,0,0,0,284,0,462,0,0,0,0,0,0,0,0,0,0,0,0,0
0,5,0,10,0,0,0,0,0,0,0,0,54,54,0,0,0,0,285,0,467,0,0,0,0,0,0,0,0,0,0,0,0,0
0,2,0,14,0,0,0,0,0,0,0,0,54,54,0,0,0,0,286,0,472,0,0,0,0,0,0,0,0,0,0,0,0,0
0,18,0,16,0,0,0,0,0,0,0,0,54,54,0,0,0,0,287,0,573,0,0,0,0,0,0,0,0,0,0,0,0,0
0,6,0,1,0,0,0,0,0,0,0,0,54,54,0,0,0,0,288,0,1854,0,0,0,0,0,0,0,0,0,0,0,0,0
0,17,0,2,0,0,0,0,0,0,0,0,54,53,0,0,0,0,289,0,1861,0,0,0,0,0,0,0,0,0,0,0,0,0
0,20,0,8,0,0,0,0,0,0,0,0,54,54,0,0,0,0,290,0,1867,0,0,0,0,0,0,0,0,0,0,0,0,0
0,21,0,6,0,0,0,0,0,0,0,0,54,54,0,0,0,0,291,0,1894,0,0,0,0,0,0,0,0,0,0,0,0,0
0,14,0,4,0,0,0,0,0,0,0,0,54,53,0,0,0,0,292,0,1968,0,0,0,0,0,0,0,0,0,0,0,0,0
0,12,0,3,0,0,0,0,0,0,0,0,54,54,0,0,0,0,293,0,10846,0,0,0,0,0,0,0,0,0,0,0,0,0
0,22,0,7,0,0,0,0,0,0,0,0,54,54,0,0,0,0,294,0,15012,0,0,0,0,0,0,0,0,0,0,0,0,0
0,23,0,5,0,0,0,0,0,0,0,0,54,54,0,0,0,0,295,0,100852,0,0,0,0,0,0,0,0,0,0,0,0,0
0,14,0,15,0,0,0,0,0,0,0,0,54,54,0,0,0,0,296,0,100888,0,0,0,0,0,0,0,0,0,0,0,0,0
0,16,0,17,0,0,0,0,0,0,0,0,54,54,0,0,0,0,297,0,110069,0,0,0,0,0,0,0,0,0,0,0,0,0
0,24,0,19,0,0,0,0,0,0,0,0,54,54,0,0,0,0,298,0,110711,0,0,0,0,0,0,0,0,0,0,0,0,0
0,1,0,12,0,0,0,0,0,0,0,1,54,54,0,0,0,0,299,0,110832,0,0,0,0,0,0,0,0,0,0,0,0,0
0,15,0,13,0,0,0,0,0,0,0,0,54,54,0,0,0,0,300,0,110839,0,0,0,0,0,0,0,0,0,0,0,0,0
0,7,0,11,0,0,0,0,0,0,0,0,54,54,0,0,0,0,301,0,114554,0,0,0,0,0,0,0,0,0,0,0,0,0
0,13,0,7,0,0,0,0,0,0,0,0,56,56,0,0,0,0,302,0,319,3,0,0,0,0,0,0,2,0,0,0,0,0
0,1,0,5,0,0,0,0,0,0,0,1,56,56,0,0,0,0,303,0,320,8,0,0,0,0,0,0,0,0,0,0,0,0
0,12,0,11,0,0,0,0,0,0,0,0,56,56,0,0,0,0,304,0,321,3,0,0,0,0,0,0,2,0,0,0,0,0
0,3,0,3,0,0,0,0,0,0,0,0,56,56,0,0,0,0,305,0,433,10,0,0,0,0,0,0,0,0,0,0,0,0
0,7,0,4,0,0,0,0,0,0,0,0,56,56,0,0,0,0,306,0,700,8,0,0,0,0,0,0,0,0,0,0,0,0
0,11,0,12,0,0,0,0,0,0,0,0,56,56,0,0,0,0,307,0,702,3,0,0,0,0,0,0,2,0,0,0,0,0
0,2,0,2,0,0,0,0,0,0,0,0,56,56,0,0,0,0,308,0,708,10,0,0,0,0,0,0,2,0,0,0,0,0
0,4,0,10,0,0,0,0,0,0,0,0,56,56,0,0,0,0,309,0,710,3,0,0,0,0,0,0,2,0,0,0,0,0
0,8,0,8,0,0,0,0,0,0,0,0,56,56,0,0,0,0,310,0,711,3,0,0,0,0,0,0,0,0,0,0,0,0
0,15,0,15,0,0,0,0,0,0,0,0,56,56,0,0,0,0,311,0,1870,5,0,0,0,0,0,0,2,0,0,0,0,0
0,6,0,6,0,0,0,0,0,0,0,0,56,56,0,0,0,0,312,0,111594,8,0,0,0,0,0,0,0,0,0,0,0,0
0,10,0,9,0,0,0,0,0,0,0,0,56,56,0,0,0,0,313,0,111705,3,0,0,0,0,0,0,0,0,0,0,0,0
0,5,0,1,0,0,0,0,0,0,0,0,56,56,0,0,0,0,314,0,112072,0,0,0,0,0,0,0,0,0,0,0,0,0
0,14,0,16,0,0,0,0,0,0,0,0,56,56,0,0,0,0,315,0,112126,5,0,0,0,0,0,0,0,0,0,0,0,0
0,9,0,13,0,0,0,0,0,0,0,0,56,56,0,0,0,0,316,0,113458,5,0,0,0,0,0,0,2,0,0,0,0,0
0,16,0,14,0,0,0,0,0,0,0,0,56,56,0,0,0,0,317,0,113892,5,0,0,0,0,0,0,2,0,0,0,0,0
0,5,0,4,0,0,0,0,0,0,0,0,60,60,0,0,0,0,318,0,4,0,0,0,0,0,0,0,0,0,0,0,0,0
0,5,0,8,0,0,0,0,0,0,0,0,60,61,0,0,0,0,319,0,142,0,0,0,0,0,0,0,0,0,0,0,0,0
0,14,0,9,0,0,0,0,0,0,0,0,60,60,0,0,0,0,320,0,143,0,0,0,0,0,0,0,0,0,0,0,0,0
0,11,0,12,0,0,0,0,0,0,0,0,60,60,0,0,0,0,321,0,149,0,0,0,0,0,0,0,0,0,0,0,0,0
0,2,0,21,0,0,0,0,0,0,0,0,60,61,0,0,0,0,322,0,361,0,0,0,0,0,0,0,0,0,0,0,0,0
0,22,0,19,0,0,0,0,0,0,0,0,60,14,0,0,0,0,323,0,1793,0,0,0,0,0,0,0,0,0,0,0,0,0
0,19,0,20,0,0,0,0,0,0,0,0,60,14,0,0,0,0,324,0,1797,0,0,0,0,0,0,0,0,0,0,0,0,0
0,9,0,5,0,0,0,0,0,0,0,0,60,61,0,0,0,0,325,0,1804,0,0,0,0,0,0,0,0,0,0,0,0,0
0,24,0,23,0,0,0,0,0,0,0,0,60,14,0,0,0,0,326,0,1917,0,0,0,0,0,0,0,0,0,0,0,0,0
0,3,0,13,0,0,0,0,0,0,0,0,60,14,0,0,0,0,327,0,1923,0,0,0,0,0,0,0,0,0,0,0,0,0
0,23,0,3,0,0,0,0,0,0,0,0,60,14,0,0,0,0,328,0,1926,0,0,0,0,0,0,0,0,0,0,0,0,0
0,23,0,18,0,0,0,0,0,0,0,0,60,60,0,0,0,0,329,0,1928,0,0,0,0,0,0,0,0,0,0,0,0,0
0,1,0,17,0,0,0,0,0,0,0,1,60,60,0,0,0,0,330,0,1929,0,0,0,0,0,0,0,0,0,0,0,0,0
0,3,0,15,0,0,0,0,0,0,0,0,60,61,0,0,0,0,331,0,1930,0,0,0,0,0,0,0,0,0,0,0,0,0
0,4,0,22,0,0,0,0,0,0,0,0,60,61,0,0,0,0,332,0,1931,0,0,0,0,0,0,0,0,0,0,0,0,0
0,4,0,2,0,0,0,0,0,0,0,0,60,60,0,0,0,0,333,0,1932,0,0,0,0,0,0,0,0,0,0,0,0,0
0,9,0,24,0,0,0,0,0,0,0,0,60,60,0,0,0,0,334,0,1933,0,0,0,0,0,0,0,0,0,0,0,0,0
0,6,0,16,0,0,0,0,0,0,0,0,60,60,0,0,0,0,335,0,1938,0,0,0,0,0,0,0,0,0,0,0,0,0
0,18,0,10,0,0,0,0,0,0,0,0,60,14,0,0,0,0,336,0,1939,0,0,0,0,0,0,0,0,0,0,0,0,0
0,8,0,14,0,0,0,0,0,0,0,0,60,61,0,0,0,0,337,0,1940,0,0,0,0,0,0,0,0,0,0,0,0,0
0,1,0,11,0,0,0,0,0,0,0,1,60,61,0,0,0,0,338,0,1958,0,0,0,0,0,0,0,0,0,0,0,0,0
0,21,0,7,0,0,0,0,0,0,0,0,60,14,0,0,0,0,339,0,1961,0,0,0,0,0,0,0,0,0,0,0,0,0
0,15,0,6,0,0,0,0,0,0,0,0,60,60,0,0,0,0,340,0,15015,0,0,0,0,0,0,0,0,0,0,0,0,0
0,10,0,1,0,0,0,0,0,0,0,0,60,61,0,0,0,0,341,0,112259,0,0,0,0,0,0,0,0,0,0,0,0,0
0,21,0,14,0,0,0,0,0,0,0,0,61,61,0,0,0,0,342,0,92,0,0,0,0,0,0,0,0,0,0,0,0,0
0,6,0,11,0,0,0,0,0,0,0,0,61,61,0,0,0,0,343,0,121,0,0,0,0,0,0,0,0,0,0,0,0,0
0,12,0,21,0,0,0,0,0,0,0,0,61,60,0,0,0,0,344,0,127,0,0,0,0,0,0,0,0,0,0,0,0,0
0,25,0,2,0,0,0,0,0,0,0,0,61,61,0,0,0,0,345,0,135,0,0,0,0,0,0,0,0,0,0,0,0,0
0,8,0,3,0,0,0,0,0,0,0,0,61,61,0,0,0,0,346,0,381,0,0,0,0,0,0,0,0,0,0,0,0,0
0,4,0,16,0,0,0,0,0,0,0,0,61,61,0,0,0,0,347,0,1798,0,0,0,0,0,0,0,0,0,0,0,0,0
0,12,0,13,0,0,0,0,0,0,0,0,61,61,0,0,0,0,348,0,1802,0,0,0,0,0,0,0,0,0,0,0,0,0
0,11,0,24,0,0,0,0,0,0,0,0,61,61,0,0,0,0,349,0,1803,0,0,0,0,0,0,0,0,0,0,0,0,0
0,26,0,19,0,0,0,0,0,0,0,0,61,60,0,0,0,0,350,0,1920,0,0,0,0,0,0,0,0,0,0,0,0,0
0,24,0,8,0,0,0,0,0,0,0,0,61,61,0,0,0,0,351,0,1924,0,0,0,0,0,0,0,0,0,0,0,0,0
0,19,0,22,0,0,0,0,0,0,0,0,61,61,0,0,0,0,352,0,1934,0,0,0,0,0,0,0,0,0,0,0,0,0
0,22,0,9,0,0,0,0,0,0,0,0,61,61,0,0,0,0,353,0,1935,0,0,0,0,0,0,0,0,0,0,0,0,0
0,21,0,7,0,0,0,0,0,0,0,0,61,60,0,0,0,0,354,0,1936,0,0,0,0,0,0,0,0,0,0,0,0,0
0,14,0,18,0,0,0,0,0,0,0,0,61,61,0,0,0,0,355,0,1937,0,0,0,0,0,0,0,0,0,0,0,0,0
0,20,0,6,0,0,0,0,0,0,0,0,61,60,0,0,0,0,356,0,1944,0,0,0,0,0,0,0,0,0,0,0,0,0
0,17,0,4,0,0,0,0,0,0,0,0,61,60,0,0,0,0,357,0,1962,0,0,0,0,0,0,0,0,0,0,0,0,0
0,16,0,23,0,0,0,0,0,0,0,0,61,61,0,0,0,0,358,0,15048,0,0,0,0,0,0,0,0,0,0,0,0,0
0,17,0,1,0,0,0,0,0,0,0,0,61,61,0,0,0,0,359,0,110313,0,0,0,0,0,0,0,0,0,0,0,0,0
0,22,0,10,0,0,0,0,0,0,0,0,61,61,0,0,0,0,360,0,110890,0,0,0,0,0,0,0,0,0,0,0,0,0
0,13,0,15,0,0,0,0,0,0,0,0,61,61,0,0,0,0,361,0,112222,0,0,0,0,0,0,0,0,0,0,0,0,0
0,18,0,17,0,0,0,0,0,0,0,0,61,61,0,0,0,0,362,0,112254,0,0,0,0,0,0,0,0,0,0,0,0,0
0,22,0,12,0,0,0,0,0,0,0,0,61,60,0,0,0,0,363,0,112260,0,0,0,0,0,0,0,0,0,0,0,0,0
0,23,0,5,0,0,0,0,0,0,0,0,61,61,0,0,0,0,364,0,112764,0,0,0,0,0,0,0,0,0,0,0,0,0
0,20,0,20,0,0,0,0,0,0,0,0,61,61,0,0,0,0,365,0,113926,0,0,0,0,0,0,0,0,0,0,0,0,0
0,6,0,2,0,0,0,0,0,0,0,0,65,65,0,0,0,0,366,0,305,10,0,0,0,0,0,0,0,0,0,0,0,0
0,1,0,1,0,0,0,0,0,0,0,1,65,65,0,0,0,0,367,0,306,0,0,0,0,0,0,0,1,0,0,0,0,0
0,10,0,10,0,0,0,0,0,0,0,0,65,65,0,0,0,0,368,0,422,5,0,0,0,0,0,0,2,0,0,0,0,0
0,4,0,6,0,0,0,0,0,0,0,0,65,65,0,0,0,0,369,0,423,8,0,0,0,0,0,0,1,0,0,0,0,0
0,2,0,3,0,0,0,0,0,0,0,0,65,65,0,0,0,0,370,0,445,10,0,0,0,0,0,0,2,0,0,0,0,0
0,5,0,9,0,0,0,0,0,0,0,0,65,65,0,0,0,0,371,0,563,4,0,0,0,0,0,0,0,0,0,0,0,0
0,6,0,7,0,0,0,0,0,0,0,0,65,65,0,0,0,0,372,0,753,3,0,0,0,0,0,0,0,0,0,0,0,0
0,7,0,5,0,0,0,0,0,0,0,0,65,65,0,0,0,0,373,0,834,3,0,0,0,0,0,0,0,0,0,0,0,0
0,11,0,8,0,0,0,0,0,0,0,0,65,65,0,0,0,0,374,0,1571,5,0,0,0,0,0,0,2,0,0,0,0,0
0,8,0,4,0,0,0,0,0,0,0,0,65,65,0,0,0,0,375,0,1572,3,0,0,0,0,0,0,0,0,0,0,0,0
0,12,0,15,0,0,0,0,0,0,0,0,66,66,0,0,0,0,376,0,301,0,0,0,0,0,0,0,0,0,0,0,0,0
0,6,0,4,0,0,0,0,0,0,0,0,66,66,0,0,0,0,377,0,420,0,0,0,0,0,0,0,0,0,0,0,0,0
0,3,0,7,0,0,0,0,0,0,0,0,66,66,0,0,0,0,378,0,873,0,0,0,0,0,0,0,0,0,0,0,0,0
0,6,0,16,0,0,0,0,0,0,0,0,66,66,0,0,0,0,379,0,1569,0,0,0,0,0,0,0,0,0,0,0,0,0
0,2,0,8,0,0,0,0,0,0,0,0,66,66,0,0,0,0,380,0,1871,0,0,0,0,0,0,0,0,0,0,0,0,0
0,15,0,3,0,0,0,0,0,0,0,0,66,66,0,0,0,0,381,0,110206,0,0,0,0,0,0,0,0,0,0,0,0,0
0,14,0,5,0,0,0,0,0,0,0,0,66,66,0,0,0,0,382,0,110745,0,0,0,0,0,0,0,0,0,0,0,0,0
0,4,0,12,0,0,0,0,0,0,0,0,66,66,0,0,0,0,383,0,110746,0,0,0,0,0,0,0,0,0,0,0,0,0
0,7,0,2,0,0,0,0,0,0,0,0,66,66,0,0,0,0,384,0,110747,0,0,0,0,0,0,0,0,0,0,0,0,0
0,9,0,17,0,0,0,0,0,0,0,0,66,66,0,0,0,0,385,0,110749,0,0,0,0,0,0,0,0,0,0,0,0,0
0,16,0,1,0,0,0,0,0,0,0,0,66,66,0,0,0,0,386,0,111082,0,0,0,0,0,0,0,0,0,0,0,0,0
0,13,0,6,0,0,0,0,0,0,0,0,66,66,0,0,0,0,387,0,111083,0,0,0,0,0,0,0,0,0,0,0,0,0
0,5,0,11,0,0,0,0,0,0,0,0,66,66,0,0,0,0,388,0,111086,0,0,0,0,0,0,0,0,0,0,0,0,0
0,10,0,13,0,0,0,0,0,0,0,0,66,66,0,0,0,0,389,0,111088,0,0,0,0,0,0,0,0,0,0,0,0,0
0,17,0,18,0,0,0,0,0,0,0,0,66,66,0,0,0,0,390,0,111091,0,0,0,0,0,0,0,0,0,0,0,0,0
0,18,0,9,0,0,0,0,0,0,0,0,66,66,0,0,0,0,391,0,111097,0,0,0,0,0,0,0,0,0,0,0,0,0
0,19,0,10,0,0,0,0,0,0,0,0,66,66,0,0,0,0,392,0,112510,0,0,0,0,0,0,0,0,0,0,0,0,0
0,1,0,14,0,0,0,0,0,0,0,1,66,66,0,0,0,0,393,0,114326,0,0,0,0,0,0,0,0,0,0,0,0,0
0,1,0,7,0,0,0,0,0,0,0,1,68,68,0,0,0,0,394,0,325,0,0,0,0,0,0,0,0,0,0,0,0,0
0,2,0,6,0,0,0,0,0,0,0,0,68,68,0,0,0,0,395,0,326,0,0,0,0,0,0,0,0,0,0,0,0,0
0,3,0,3,0,0,0,0,0,0,0,0,68,68,0,0,0,0,396,0,327,0,0,0,0,0,0,0,0,0,0,0,0,0
0,6,0,18,0,0,0,0,0,0,0,0,68,68,0,0,0,0,397,0,436,0,0,0,0,0,0,0,0,0,0,0,0,0
0,13,0,2,0,0,0,0,0,0,0,0,68,68,0,0,0,0,398,0,741,0,0,0,0,0,0,0,0,0,0,0,0,0
0,18,0,17,0,0,0,0,0,0,0,0,68,68,0,0,0,0,399,0,748,0,0,0,0,0,0,0,0,0,0,0,0,0
0,5,0,11,0,0,0,0,0,0,0,0,68,68,0,0,0,0,400,0,101014,0,0,0,0,0,0,0,0,0,0,0,0,0
0,9,0,13,0,0,0,0,0,0,0,0,68,68,0,0,0,0,401,0,101020,0,0,0,0,0,0,0,0,0,0,0,0,0
0,20,0,9,0,0,0,0,0,0,0,0,68,68,0,0,0,0,402,0,101025,0,0,0,0,0,0,0,0,0,0,0,0,0
0,2,0,10,0,0,0,0,0,0,0,0,68,68,0,0,0,0,403,0,101026,0,0,0,0,0,0,0,0,0,0,0,0,0
0,21,0,14,0,0,0,0,0,0,0,0,68,68,0,0,0,0,404,0,101032,0,0,0,0,0,0,0,0,0,0,0,0,0
0,8,0,15,0,0,0,0,0,0,0,0,68,68,0,0,0,0,405,0,101033,0,0,0,0,0,0,0,0,0,0,0,0,0
0,19,0,16,0,0,0,0,0,0,0,0,68,68,0,0,0,0,406,0,101037,0,0,0,0,0,0,0,0,0,0,0,0,0
0,16,0,8,0,0,0,0,0,0,0,0,68,68,0,0,0,0,407,0,110776,0,0,0,0,0,0,0,0,0,0,0,0,0
0,7,0,5,0,0,0,0,0,0,0,0,68,68,0,0,0,0,408,0,111117,0,0,0,0,0,0,0,0,0,0,0,0,0
0,10,0,12,0,0,0,0,0,0,0,0,68,68,0,0,0,0,409,0,111339,0,0,0,0,0,0,0,0,0,0,0,0,0
0,14,0,1,0,0,0,0,0,0,0,0,68,68,0,0,0,0,410,0,113142,0,0,0,0,0,0,0,0,0,0,0,0,0
0,22,0,4,0,0,0,0,0,0,0,0,68,68,0,0,0,0,411,0,131174,0,0,0,0,0,0,0,0,0,0,0,0,0
0,1,0,1,0,0,0,0,0,0,0,1,76,76,0,0,0,0,412,0,211,0,0,0,0,0,0,0,0,0,0,0,0,0
0,1,0,1,0,0,0,0,0,0,0,0,76,76,0,0,0,0,413,0,263,0,0,0,0,0,0,0,0,0,0,0,0,0
0,1,0,1,0,0,0,0,0,0,0,0,76,76,0,0,0,0,414,0,266,0,0,0,0,0,0,0,0,0,0,0,0,0
0,1,0,1,0,0,0,0,0,0,0,0,76,76,0,0,0,0,415,0,267,0,0,0,0,0,0,0,0,0,0,0,0,0
0,1,0,1,0,0,0,0,0,0,0,0,76,76,0,0,0,0,416,0,278,0,0,0,0,0,0,0,0,0,0,0,0,0
0,3,0,1,0,0,0,0,0,0,0,0,76,76,0,0,0,0,417,0,280,0,0,0,0,0,0,0,0,0,0,0,0,0
0,1,0,1,0,0,0,0,0,0,0,0,76,76,0,0,0,0,418,0,393,0,0,0,0,0,0,0,0,0,0,0,0,0
0,1,0,1,0,0,0,0,0,0,0,1,76,76,0,0,0,0,419,0,1874,0,0,0,0,0,0,0,0,0,0,0,0,0
0,1,0,1,0,0,0,0,0,0,0,0,76,76,0,0,0,0,420,0,1884,0,0,0,0,0,0,0,0,0,0,0,0,0
0,1,0,1,0,0,0,0,0,0,0,0,76,76,0,0,0,0,421,0,100135,0,0,0,0,0,0,0,0,0,0,0,0,0
0,1,0,1,0,0,0,0,0,0,0,1,76,76,0,0,0,0,422,0,100325,0,0,0,0,0,0,0,0,0,0,0,0,0
0,1,0,1,0,0,0,0,0,0,0,0,76,76,0,0,0,0,423,0,101047,0,0,0,0,0,0,0,0,0,0,0,0,0
0,1,0,1,0,0,0,0,0,0,0,0,76,76,0,0,0,0,424,0,101059,0,0,0,0,0,0,0,0,0,0,0,0,0
0,1,0,1,0,0,0,0,0,0,0,1,76,76,0,0,0,0,425,0,110468,0,0,0,0,0,0,0,0,0,0,0,0,0
0,2,0,1,0,0,0,0,0,0,0,0,76,1014,0,0,0,0,426,0,110975,0,0,0,0,0,0,0,0,0,0,0,0,0
0,4,0,1,0,0,0,0,0,0,0,0,76,76,0,0,0,0,427,0,111205,0,0,0,0,0,0,0,0,0,0,0,0,0
0,2,0,1,0,0,0,0,0,0,0,0,76,76,0,0,0,0,428,0,111596,0,0,0,0,0,0,0,0,0,0,0,0,0
0,1,0,1,0,0,0,0,0,0,0,1,76,76,0,0,0,0,429,0,111701,0,0,0,0,0,0,0,0,0,0,0,0,0
0,5,0,1,0,0,0,0,0,0,0,0,76,76,0,0,0,0,430,0,113888,0,0,0,0,0,0,0,0,0,0,0,0,0
0,1,0,1,0,0,0,0,0,0,0,0,76,76,0,0,0,0,431,0,114815,0,0,0,0,0,0,0,0,0,0,0,0,0
0,2,0,4,0,0,0,0,0,0,0,0,78,78,0,0,0,0,432,0,1318,0,0,0,1812,0,0,0,0,0,0,0,0,0
0,2,0,12,0,0,0,0,0,0,0,0,78,78,0,0,0,0,433,0,1328,0,0,0,1701,0,0,0,0,0,0,0,0,0
0,2,0,47,0,0,0,0,0,0,0,0,78,78,0,0,0,0,434,0,1330,0,0,0,1473,0,0,0,0,0,0,0,0,0
0,2,0,21,0,0,0,0,0,0,0,0,78,78,0,0,0,0,435,0,1331,0,0,0,1591,0,0,0,0,0,0,0,0,0
0,2,0,63,0,0,0,0,0,0,0,0,78,78,0,0,0,0,436,0,1334,0,0,0,1393,0,0,0,0,0,0,0,0,0
0,2,0,2,0,0,0,0,0,0,0,0,78,78,0,0,0,0,437,0,1335,0,0,0,1854,0,0,0,0,0,0,0,0,0
0,2,0,13,0,0,0,0,0,0,0,0,78,78,0,0,0,0,438,0,1337,0,0,0,1686,0,0,0,0,0,0,0,0,0
0,2,0,71,0,0,0,0,0,0,0,0,78,78,0,0,0,0,439,0,1341,0,0,0,1353,0,0,0,0,0,0,0,0,0
0,2,0,10,0,0,0,0,0,0,0,0,78,78,0,0,0,0,440,0,1343,0,0,0,1714,0,0,0,0,0,0,0,0,0
0,2,0,50,0,0,0,0,0,0,0,0,78,78,0,0,0,0,441,0,1352,0,0,0,1466,0,0,0,0,0,0,0,0,0
0,2,0,28,0,0,0,0,0,0,0,0,78,78,0,0,0,0,442,0,1353,0,0,0,1523,0,0,0,0,0,0,0,0,0
0,2,0,8,0,0,0,0,0,0,0,0,78,78,0,0,0,0,443,0,1354,0,0,0,1741,0,0,0,0,0,0,0,0,0
0,2,0,58,0,0,0,0,0,0,0,0,78,78,0,0,0,0,444,0,1355,0,0,0,1403,0,0,0,0,0,0,0,0,0
0,2,0,45,0,0,0,0,0,0,0,0,78,78,0,0,0,0,445,0,1356,0,0,0,1474,0,0,0,0,0,0,0,0,0
0,2,0,48,0,0,0,0,0,0,0,0,78,78,0,0,0,0,446,0,1359,0,0,0,1472,0,0,0,0,0,0,0,0,0
0,2,0,3,0,0,0,0,0,0,0,0,78,78,0,0,0,0,447,0,1362,0,0,0,1835,0,0,0,0,0,0,0,0,0
0,2,0,29,0,0,0,0,0,0,0,0,78,78,0,0,0,0,448,0,1363,0,0,0,1522,0,0,0,0,0,0,0,0,0
0,2,0,25,0,0,0,0,0,0,0,0,78,78,0,0,0,0,449,0,1366,0,0,0,1567,0,0,0,0,0,0,0,0,0
0,2,0,30,0,0,0,0,0,0,0,0,78,78,0,0,0,0,450,0,1367,0,0,0,1521,0,0,0,0,0,0,0,0,0
0,2,0,1,0,0,0,0,0,0,0,0,78,78,0,0,0,0,451,0,1369,0,0,0,1901,0,0,0,0,0,0,0,0,0
0,2,0,17,0,0,0,0,0,0,0,0,78,78,0,0,0,0,452,0,1386,0,0,0,1635,0,0,0,0,0,0,0,0,0
0,2,0,16,0,0,0,0,0,0,0,0,78,78,0,0,0,0,453,0,1387,0,0,0,1641,0,0,0,0,0,0,0,0,0
0,2,0,31,0,0,0,0,0,0,0,0,78,78,0,0,0,0,454,0,1886,0,0,0,1518,0,0,0,0,0,0,0,0,0
0,2,0,7,0,0,0,0,0,0,0,0,78,78,0,0,0,0,455,0,105035,0,0,0,1758,0,0,0,0,0,0,0,0,0
0,2,0,74,0,0,0,0,0,0,0,0,78,78,0,0,0,0,456,0,110081,0,0,0,1341,0,0,0,0,0,0,0,0,0
0,2,0,14,0,0,0,0,0,0,0,0,78,78,0,0,0,0,457,0,111111,0,0,0,1669,0,0,0,0,0,0,0,0,0
0,2,0,64,0,0,0,0,0,0,0,0,78,78,0,0,0,0,458,0,111462,0,0,0,1381,0,0,0,0,0,0,0,0,0
0,2,0,34,0,0,0,0,0,0,0,0,78,78,0,0,0,0,459,0,111527,0,0,0,1504,0,0,0,0,0,0,0,0,0
0,1,0,9,0,0,0,0,0,0,0,1,80,80,0,0,0,0,460,0,191,0,0,0,0,0,0,0,0,0,0,0,0,0
0,2,0,10,0,0,0,0,0,0,0,0,80,80,0,0,0,0,461,0,209,0,0,0,0,0,0,0,0,0,0,0,0,0
0,3,0,5,0,0,0,0,0,0,0,0,80,80,0,0,0,0,462,0,252,0,0,0,0,0,0,0,0,0,0,0,0,0
0,4,0,6,0,0,0,0,0,0,0,0,80,80,0,0,0,0,463,0,254,0,0,0,0,0,0,0,0,0,0,0,0,0
0,5,0,1,0,0,0,0,0,0,0,0,80,80,0,0,0,0,464,0,256,0,0,0,0,0,0,0,0,0,0,0,0,0
0,1,0,8,0,0,0,0,0,0,0,0,80,80,0,0,0,0,465,0,780,0,0,0,0,0,0,0,0,0,0,0,0,0
0,10,0,4,0,0,0,0,0,0,0,0,80,80,0,0,0,0,466,0,2017,0,0,0,0,0,0,0,0,0,0,0,0,0
0,11,0,7,0,0,0,0,0,0,0,0,80,80,0,0,0,0,467,0,15009,0,0,0,0,0,0,0,0,0,0,0,0,0
0,9,0,11,0,0,0,0,0,0,0,0,80,80,0,0,0,0,468,0,15040,0,0,0,0,0,0,0,0,0,0,0,0,0
0,12,0,2,0,0,0,0,0,0,0,0,80,80,0,0,0,0,469,0,110720,0,0,0,0,0,0,0,0,0,0,0,0,0
0,7,0,12,0,0,0,0,0,0,0,0,80,80,0,0,0,0,470,0,111822,0,0,0,0,0,0,0,0,0,0,0,0,0
0,13,0,3,0,0,0,0,0,0,0,0,80,80,0,0,0,0,471,0,113616,0,0,0,0,0,0,0,0,0,0,0,0,0
0,12,0,2,0,0,0,0,0,0,0,0,83,83,0,0,0,0,472,0,980,0,0,0,0,0,0,0,1,0,0,0,0,0
0,8,0,7,0,0,0,0,0,0,0,0,83,83,0,0,0,0,473,0,982,3,0,0,0,0,0,0,0,0,0,0,0,0
0,1,0,6,0,0,0,0,0,0,0,1,83,83,0,0,0,0,474,0,1473,8,0,0,0,0,0,0,1,0,0,0,0,0
0,3,0,4,0,0,0,0,0,0,0,0,83,83,0,0,0,0,475,0,1474,5,0,0,0,0,0,0,2,0,0,0,0,0
0,2,0,1,0,0,0,0,0,0,0,0,83,83,0,0,0,0,476,0,1477,9,0,0,0,0,0,0,0,0,0,0,0,0
0,5,0,10,0,0,0,0,0,0,0,0,83,83,0,0,0,0,477,0,1478,5,0,0,0,0,0,0,1,0,0,0,0,0
0,11,0,3,0,0,0,0,0,0,0,0,83,83,0,0,0,0,478,0,2055,8,0,0,0,0,0,0,2,0,0,0,0,0
0,9,0,12,0,0,0,0,0,0,0,0,83,83,0,0,0,0,479,0,2056,5,0,0,0,0,0,0,1,0,0,0,0,0
0,6,0,8,0,0,0,0,0,0,0,0,83,83,0,0,0,0,480,0,112115,3,0,0,0,0,0,0,0,0,0,0,0,0
0,11,0,5,0,0,0,0,0,0,0,0,83,83,0,0,0,0,481,0,112258,9,0,0,0,0,0,0,0,0,0,0,0,0
0,1,0,9,0,0,0,0,0,0,0,0,83,83,0,0,0,0,482,0,112555,3,0,0,0,0,0,0,2,0,0,0,0,0
0,7,0,11,0,0,0,0,0,0,0,0,83,83,0,0,0,0,483,0,112558,5,0,0,0,0,0,0,2,0,0,0,0,0
0,2,0,2,0,0,0,0,0,0,0,0,111,111,0,0,0,0,484,0,111,0,0,0,0,0,0,0,0,0,0,0,0,0
0,2,0,2,0,0,0,0,0,0,0,0,111,111,0,0,0,0,485,0,112,0,0,0,0,0,0,0,0,0,0,0,0,0
0,7,0,2,0,0,0,0,0,0,0,0,189,189,0,0,0,0,486,0,322,0,0,0,0,0,0,0,0,0,0,0,0,0
0,2,0,6,0,0,0,0,0,0,0,0,189,189,0,0,0,0,487,0,324,0,0,0,0,0,0,0,0,0,0,0,0,0
0,8,0,12,0,0,0,0,0,0,0,0,189,189,0,0,0,0,488,0,894,0,0,0,0,0,0,0,0,0,0,0,0,0
0,5,0,1,0,0,0,0,0,0,0,0,189,189,0,0,0,0,489,0,896,0,0,0,0,0,0,0,0,0,0,0,0,0
0,4,0,5,0,0,0,0,0,0,0,0,189,189,0,0,0,0,490,0,897,0,0,0,0,0,0,0,0,0,0,0,0,0
0,6,0,8,0,0,0,0,0,0,0,0,189,189,0,0,0,0,491,0,898,0,0,0,0,0,0,0,0,0,0,0,0,0
0,1,0,11,0,0,0,0,0,0,0,1,189,189,0,0,0,0,492,0,900,0,0,0,0,0,0,0,0,0,0,0,0,0
0,9,0,10,0,0,0,0,0,0,0,0,189,189,0,0,0,0,493,0,1713,0,0,0,0,0,0,0,0,0,0,0,0,0
0,12,0,9,0,0,0,0,0,0,0,0,189,189,0,0,0,0,494,0,1715,0,0,0,0,0,0,0,0,0,0,0,0,0
0,11,0,3,0,0,0,0,0,0,0,0,189,189,0,0,0,0,495,0,1862,0,0,0,0,0,0,0,0,0,0,0,0,0
0,3,0,4,0,0,0,0,0,0,0,0,189,189,0,0,0,0,496,0,10032,0,0,0,0,0,0,0,0,0,0,0,0,0
0,7,0,7,0,0,0,0,0,0,0,0,189,189,0,0,0,0,497,0,110770,0,0,0,0,0,0,0,0,0,0,0,0,0
0,1,0,4,0,0,0,0,0,0,0,1,308,308,0,0,0,0,498,0,234,0,0,0,0,0,0,0,0,0,0,0,0,0
0,2,0,12,0,0,0,0,0,0,0,0,308,308,0,0,0,0,499,0,236,0,0,0,0,0,0,0,0,0,0,0,0,0
0,4,0,16,0,0,0,0,0,0,0,0,308,308,0,0,0,0,500,0,237,0,0,0,0,0,0,0,0,0,0,0,0,0
0,19,0,2,0,0,0,0,0,0,0,0,308,308,0,0,0,0,501,0,717,0,0,0,0,0,0,0,0,0,0,0,0,0
0,18,0,7,0,0,0,0,0,0,0,0,308,308,0,0,0,0,502,0,718,0,0,0,0,0,0,0,0,0,0,0,0,0
0,12,0,13,0,0,0,0,0,0,0,0,308,308,0,0,0,0,503,0,744,0,0,0,0,0,0,0,0,0,0,0,0,0
0,18,0,14,0,0,0,0,0,0,0,0,308,308,0,0,0,0,504,0,1438,0,0,0,0,0,0,0,0,0,0,0,0,0
0,6,0,18,0,0,0,0,0,0,0,0,308,308,0,0,0,0,505,0,1887,0,0,0,0,0,0,0,0,0,0,0,0,0
0,13,0,9,0,0,0,0,0,0,0,0,308,308,0,0,0,0,506,0,1888,0,0,0,0,0,0,0,0,0,0,0,0,0
0,20,0,11,0,0,0,0,0,0,0,0,308,308,0,0,0,0,507,0,1891,0,0,0,0,0,0,0,0,0,0,0,0,0
0,3,0,15,0,0,0,0,0,0,0,0,308,308,0,0,0,0,508,0,1896,0,0,0,0,0,0,0,0,0,0,0,0,0
0,16,0,10,0,0,0,0,0,0,0,0,308,308,0,0,0,0,509,0,1900,0,0,0,0,0,0,0,0,0,0,0,0,0
0,14,0,6,0,0,0,0,0,0,0,0,308,308,0,0,0,0,510,0,10020,0,0,0,0,0,0,0,0,0,0,0,0,0
0,5,0,3,0,0,0,0,0,0,0,0,308,308,0,0,0,0,511,0,112513,0,0,0,0,0,0,0,0,0,0,0,0,0
0,21,0,17,0,0,0,0,0,0,0,0,308,308,0,0,0,0,512,0,112516,0,0,0,0,0,0,0,0,0,0,0,0,0
0,8,0,8,0,0,0,0,0,0,0,0,308,308,0,0,0,0,513,0,112809,0,0,0,0,0,0,0,0,0,0,0,0,0
0,10,0,5,0,0,0,0,0,0,0,0,308,308,0,0,0,0,514,0,114510,0,0,0,0,0,0,0,0,0,0,0,0,0
0,22,0,1,0,0,0,0,0,0,0,0,308,308,0,0,0,0,515,0,131463,0,0,0,0,0,0,0,0,0,0,0,0,0
0,4,0,5,0,0,0,0,0,0,0,0,330,330,0,0,0,0,516,0,308,0,0,0,0,0,0,0,1,0,0,0,0,0
0,5,0,2,0,0,0,0,0,0,0,0,330,330,0,0,0,0,517,0,310,0,0,0,0,0,0,0,0,0,0,0,0,0
0,16,0,7,0,0,0,0,0,0,0,0,330,330,0,0,0,0,518,0,100757,0,0,0,0,0,0,0,1,0,0,0,0,0
0,6,0,15,0,0,0,0,0,0,0,0,330,330,0,0,0,0,519,0,100759,0,0,0,0,0,0,0,2,0,0,0,0,0
0,2,0,9,0,0,0,0,0,0,0,0,330,330,0,0,0,0,520,0,100761,0,0,0,0,0,0,0,1,0,0,0,0,0
0,15,0,12,0,0,0,0,0,0,0,0,330,330,0,0,0,0,521,0,110072,0,0,0,0,0,0,0,1,0,0,0,0,0
0,1,0,10,0,0,0,0,0,0,0,1,330,330,0,0,0,0,522,0,110075,0,0,0,0,0,0,0,1,0,0,0,0,0
0,9,0,13,0,0,0,0,0,0,0,0,330,330,0,0,0,0,523,0,110078,0,0,0,0,0,0,0,1,0,0,0,0,0
0,13,0,4,0,0,0,0,0,0,0,0,330,330,0,0,0,0,524,0,110750,0,0,0,0,0,0,0,1,0,0,0,0,0
0,10,0,1,0,0,0,0,0,0,0,0,330,330,0,0,0,0,525,0,110751,0,0,0,0,0,0,0,0,0,0,0,0,0
0,11,0,8,0,0,0,0,0,0,0,0,330,330,0,0,0,0,526,0,110752,0,0,0,0,0,0,0,1,0,0,0,0,0
0,12,0,11,0,0,0,0,0,0,0,0,330,330,0,0,0,0,527,0,114147,0,0,0,0,0,0,0,1,0,0,0,0,0
0,3,0,3,0,0,0,0,0,0,0,0,330,330,0,0,0,0,528,0,114385,0,0,0,0,0,0,0,0,0,0,0,0,0
0,17,0,16,0,0,0,0,0,0,0,0,330,330,0,0,0,0,529,0,114545,0,0,0,0,0,0,0,2,0,0,0,0,0
0,18,0,6,0,0,0,0,0,0,0,0,330,330,0,0,0,0,530,0,114546,0,0,0,0,0,0,0,1,0,0,0,0,0
0,19,0,14,0,0,0,0,0,0,0,0,330,330,0,0,0,0,531,0,131459,0,0,0,0,0,0,0,2,0,0,0,0,0
0,3,0,2,0,0,0,0,0,0,0,0,350,350,0,0,0,0,532,0,605,0,0,0,0,0,0,0,0,0,0,0,0,0
0,1,0,1,0,0,0,0,0,0,0,1,350,350,0,0,0,0,533,0,607,0,0,0,0,0,0,0,0,0,0,0,0,0
0,4,0,6,0,0,0,0,0,0,0,0,350,350,0,0,0,0,534,0,111674,0,0,0,0,0,0,0,0,0,0,0,0,0
0,7,0,7,0,0,0,0,0,0,0,0,350,350,0,0,0,0,535,0,112096,0,0,0,0,0,0,0,0,0,0,0,0,0
0,2,0,3,0,0,0,0,0,0,0,0,350,350,0,0,0,0,536,0,112139,0,0,0,0,0,0,0,2,0,0,0,0,0
0,15,0,5,0,0,0,0,0,0,0,0,350,350,0,0,0,0,537,0,112387,0,0,0,0,0,0,0,0,0,0,0,0,0
0,6,0,10,0,0,0,0,0,0,0,0,350,350,0,0,0,0,538,0,112390,0,0,0,0,0,0,0,0,0,0,0,0,0
0,19,0,4,0,0,0,0,0,0,0,0,350,350,0,0,0,0,539,0,112391,0,0,0,0,0,0,0,2,0,0,0,0,0
0,5,0,8,0,0,0,0,0,0,0,0,350,350,0,0,0,0,540,0,112393,0,0,0,0,0,0,0,2,0,0,0,0,0
0,14,0,12,0,0,0,0,0,0,0,0,350,350,0,0,0,0,541,0,112883,0,0,0,0,0,0,0,2,0,0,0,0,0
0,18,0,11,0,0,0,0,0,0,0,0,350,350,0,0,0,0,542,0,113037,0,0,0,0,0,0,0,2,0,0,0,0,0
0,11,0,13,0,0,0,0,0,0,0,0,350,350,0,0,0,0,543,0,113057,0,0,0,0,0,0,0,2,0,0,0,0,0
0,17,0,15,0,0,0,0,0,0,0,0,350,350,0,0,0,0,544,0,113060,0,0,0,0,0,0,0,0,0,0,0,0,0
0,8,0,14,0,0,0,0,0,0,0,0,350,350,0,0,0,0,545,0,113217,0,0,0,0,0,0,0,2,0,0,0,0,0
0,16,0,18,0,0,0,0,0,0,0,0,350,350,0,0,0,0,546,0,113222,0,0,0,0,0,0,0,0,0,0,0,0,0
0,20,0,2,0,0,0,0,0,0,0,0,350,350,0,0,0,0,547,0,115892,0,0,0,0,0,0,0,0,0,0,0,0,0
0,21,0,9,0,0,0,0,0,0,0,0,350,350,0,0,0,0,548,0,131735,0,0,0,0,0,0,0,0,0,0,0,0,0
0,22,0,2,0,0,0,0,0,0,0,0,350,350,0,0,0,0,549,0,131798,0,0,0,0,0,0,0,0,0,0,0,0,0
0,3,0,6,0,0,0,0,0,0,0,0,351,351,0,0,0,0,550,0,111393,0,0,0,0,0,0,0,1,0,0,0,0,0
0,8,0,12,0,0,0,0,0,0,0,0,351,351,0,0,0,0,551,0,111395,0,0,0,0,0,0,0,0,0,0,0,0,0
0,2,0,10,0,0,0,0,0,0,0,1,351,351,0,0,0,0,552,0,111396,0,0,0,0,0,0,0,2,0,0,0,0,0
0,11,0,5,0,0,0,0,0,0,0,0,351,351,0,0,0,0,553,0,111397,0,0,0,0,0,0,0,1,0,0,0,0,0
0,10,0,9,0,0,0,0,0,0,0,0,351,351,0,0,0,0,554,0,111398,0,0,0,0,0,0,0,1,0,0,0,0,0
0,9,0,13,0,0,0,0,0,0,0,0,351,351,0,0,0,0,555,0,111399,0,0,0,0,0,0,0,0,0,0,0,0,0
0,5,0,7,0,0,0,0,0,0,0,0,351,351,0,0,0,0,556,0,111400,0,0,0,0,0,0,0,2,0,0,0,0,0
0,6,0,11,0,0,0,0,0,0,0,0,351,351,0,0,0,0,557,0,111766,0,0,0,0,0,0,0,2,0,0,0,0,0
0,1,0,2,0,0,0,0,0,0,0,0,351,351,0,0,0,0,558,0,112224,0,0,0,0,0,0,0,0,0,0,0,0,0
0,4,0,4,0,0,0,0,0,0,0,0,351,351,0,0,0,0,559,0,112427,0,0,0,0,0,0,0,0,0,0,0,0,0
0,7,0,3,0,0,0,0,0,0,0,0,351,351,0,0,0,0,560,0,114023,0,0,0,0,0,0,0,0,0,0,0,0,0
0,12,0,8,0,0,0,0,0,0,0,0,351,351,0,0,0,0,561,0,114604,0,0,0,0,0,0,0,2,0,0,0,0,0
0,13,0,1,0,0,0,0,0,0,0,0,351,351,0,0,0,0,562,0,131739,0,0,0,0,0,0,0,2,0,0,0,0,0
0,2,0,6,0,0,0,0,0,0,0,0,353,1003,0,0,0,0,563,0,1013,8,0,0,0,0,0,0,1,0,0,0,0,0
0,2,0,4,0,0,0,0,0,0,0,0,353,1003,0,0,0,0,564,0,1876,8,0,0,0,0,0,0,0,0,0,0,0,0
0,2,0,2,0,0,0,0,0,0,0,1,353,1014,0,0,0,0,565,0,1877,0,0,0,0,0,0,0,1,0,0,0,0,0
0,2,0,16,0,0,0,0,0,0,0,0,353,1003,0,0,0,0,566,0,101083,3,0,0,0,0,0,0,2,0,0,0,0,0
0,2,0,26,0,0,0,0,0,0,0,0,353,1014,0,0,0,0,567,0,101084,5,0,0,0,0,0,0,0,0,0,0,0,0
0,2,0,8,0,0,0,0,0,0,0,0,353,1014,0,0,0,0,568,0,101085,3,0,0,0,0,0,0,0,0,0,0,0,0
0,26,0,24,0,0,0,0,0,0,0,0,353,353,0,0,0,0,569,0,101088,4,0,0,0,0,0,0,2,0,0,0,0,0
0,14,0,5,0,0,0,0,0,0,0,0,353,353,0,0,0,0,570,0,110093,9,0,0,0,0,0,0,2,0,0,0,0,0
0,2,0,17,0,0,0,0,0,0,0,0,353,1014,0,0,0,0,571,0,110395,3,0,0,0,0,0,0,2,0,0,0,0,0
0,2,0,14,0,0,0,0,0,0,0,0,353,1014,0,0,0,0,572,0,110396,3,0,0,0,0,0,0,2,0,0,0,0,0
0,24,0,28,0,0,0,0,0,0,0,0,353,353,0,0,0,0,573,0,110404,5,0,0,0,0,0,0,0,0,0,0,0,0
0,2,0,1,0,0,0,0,0,0,0,0,353,1003,0,0,0,0,574,0,110580,9,0,0,0,0,0,0,0,0,0,0,0,0
0,28,0,15,0,0,0,0,0,0,0,0,353,353,0,0,0,0,575,0,110953,3,0,0,0,0,0,0,0,0,0,0,0,0
0,2,0,3,0,0,0,0,0,0,0,0,353,1014,0,0,0,0,576,0,111019,9,0,0,0,0,0,0,0,0,0,0,0,0
0,29,0,10,0,0,0,0,0,0,0,0,353,353,0,0,0,0,577,0,111020,3,0,0,0,0,0,0,0,0,0,0,0,0
0,2,0,19,0,0,0,0,0,0,0,0,353,1014,0,0,0,0,578,0,111022,3,0,0,0,0,0,0,1,0,0,0,0,0
0,15,0,22,0,0,0,0,0,0,0,0,353,353,0,0,0,0,579,0,111706,3,0,0,0,0,0,0,2,0,0,0,0,0
0,13,0,25,0,0,0,0,0,0,0,0,353,353,0,0,0,0,580,0,111707,4,0,0,0,0,0,0,0,0,0,0,0,0
0,5,0,21,0,0,0,0,0,0,0,0,353,353,0,0,0,0,581,0,111708,4,0,0,0,0,0,0,0,0,0,0,0,0
0,2,0,18,0,0,0,0,0,0,0,0,353,1014,0,0,0,0,582,0,111710,3,0,0,0,0,0,0,2,0,0,0,0,0
0,2,0,9,0,0,0,0,0,0,0,0,353,1014,0,0,0,0,583,0,111711,9,0,0,0,0,0,0,2,0,0,0,0,0
0,30,0,30,0,0,0,0,0,0,0,0,353,353,0,0,0,0,584,0,111713,4,0,0,0,0,0,0,2,0,0,0,0,0
0,2,0,12,0,0,0,0,0,0,0,0,353,1014,0,0,0,0,585,0,111715,8,0,0,0,0,0,0,1,0,0,0,0,0
0,22,0,23,0,0,0,0,0,0,0,0,353,353,0,0,0,0,586,0,111716,3,0,0,0,0,0,0,1,0,0,0,0,0
0,2,0,29,0,0,0,0,0,0,0,0,353,1003,0,0,0,0,587,0,112670,5,0,0,0,0,0,0,2,0,0,0,0,0
0,19,0,13,0,0,0,0,0,0,0,0,353,353,0,0,0,0,588,0,112689,3,0,0,0,0,0,0,2,0,0,0,0,0
0,21,0,27,0,0,0,0,0,0,0,0,353,353,0,0,0,0,589,0,112713,5,0,0,0,0,0,0,1,0,0,0,0,0
0,16,0,20,0,0,0,0,0,0,0,0,353,353,0,0,0,0,590,0,112965,3,0,0,0,0,0,0,2,0,0,0,0,0
0,17,0,7,0,0,0,0,0,0,0,0,353,353,0,0,0,0,591,0,113044,3,0,0,0,0,0,0,0,0,0,0,0,0
0,31,0,11,0,0,0,0,0,0,0,0,353,353,0,0,0,0,592,0,115472,3,0,0,0,0,0,0,0,0,0,0,0,0
0,2,0,2,0,0,0,0,0,0,0,0,382,382,0,0,0,0,593,0,111592,0,0,0,0,0,0,0,0,0,0,0,0,0
0,2,0,2,0,0,0,0,0,0,0,0,382,382,0,0,0,0,594,0,131368,0,0,0,0,0,0,0,0,0,0,0,0,0
0,2,0,2,0,0,0,0,0,0,0,0,382,382,0,0,0,0,595,0,131680,0,0,0,0,0,0,0,0,0,0,0,0,0
0,2,0,2,0,0,0,0,0,0,0,0,383,383,0,0,0,0,596,0,112428,0,0,0,0,0,0,0,0,0,0,0,0,0
0,2,0,2,0,0,0,0,0,0,0,0,383,383,0,0,0,0,597,0,115486,0,0,0,0,0,0,0,0,0,0,0,0,0
0,2,0,2,0,0,0,0,0,0,0,0,1003,1003,0,0,0,0,598,0,383,0,0,0,0,0,0,0,0,0,0,0,0,0
0,2,0,2,0,0,0,0,0,0,0,0,1003,1003,0,0,0,0,599,0,517,0,0,0,0,0,0,0,0,0,0,0,0,0
0,2,0,2,0,0,0,0,0,0,0,0,1003,1003,0,0,0,0,600,0,598,0,0,0,0,0,0,0,0,0,0,0,0,0
0,2,0,2,0,0,0,0,0,0,0,0,1003,1003,0,0,0,0,601,0,1043,0,0,0,0,0,0,0,0,0,0,0,0,0
0,2,0,2,0,0,0,0,0,0,0,0,1003,1003,0,0,0,0,602,0,1048,0,0,0,0,0,0,0,0,0,0,0,0,0
0,2,0,2,0,0,0,0,0,0,0,0,1003,1003,0,0,0,0,603,0,1598,0,0,0,0,0,0,0,0,0,0,0,0,0
0,2,0,2,0,0,0,0,0,0,0,0,1003,1003,0,0,0,0,604,0,15029,0,0,0,0,0,0,0,0,0,0,0,0,0
0,2,0,2,0,0,0,0,0,0,0,0,1003,1003,0,0,0,0,605,0,101100,0,0,0,0,0,0,0,0,0,0,0,0,0
0,2,0,2,0,0,0,0,0,0,0,0,1003,1003,0,0,0,0,606,0,101108,0,0,0,0,0,0,0,0,0,0,0,0,0
0,2,0,2,0,0,0,0,0,0,0,0,1003,1003,0,0,0,0,607,0,101110,0,0,0,0,0,0,0,0,0,0,0,0,0
0,2,0,2,0,0,0,0,0,0,0,0,1003,1003,0,0,0,0,608,0,110968,0,0,0,0,0,0,0,0,0,0,0,0,0
0,2,0,2,0,0,0,0,0,0,0,0,1003,1003,0,0,0,0,609,0,110980,0,0,0,0,0,0,0,0,0,0,0,0,0
0,2,0,2,0,0,0,0,0,0,0,0,1003,1003,0,0,0,0,610,0,110981,0,0,0,0,0,0,0,0,0,0,0,0,0
0,2,0,2,0,0,0,0,0,0,0,0,1003,1003,0,0,0,0,611,0,110986,0,0,0,0,0,0,0,0,0,0,0,0,0
0,2,0,2,0,0,0,0,0,0,0,0,1003,1003,0,0,0,0,612,0,110990,0,0,0,0,0,0,0,0,0,0,0,0,0
0,2,0,2,0,0,0,0,0,0,0,0,1003,1003,0,0,0,0,613,0,110991,0,0,0,0,0,0,0,0,0,0,0,0,0
0,2,0,2,0,0,0,0,0,0,0,0,1003,1003,0,0,0,0,614,0,111008,0,0,0,0,0,0,0,0,0,0,0,0,0
0,2,0,2,0,0,0,0,0,0,0,0,1003,1003,0,0,0,0,615,0,111010,0,0,0,0,0,0,0,0,0,0,0,0,0
0,2,0,2,0,0,0,0,0,0,0,0,1003,1003,0,0,0,0,616,0,111013,0,0,0,0,0,0,0,0,0,0,0,0,0
0,2,0,2,0,0,0,0,0,0,0,0,1003,1003,0,0,0,0,617,0,111014,0,0,0,0,0,0,0,0,0,0,0,0,0
0,2,0,2,0,0,0,0,0,0,0,0,1003,1003,0,0,0,0,618,0,111052,0,0,0,0,0,0,0,0,0,0,0,0,0
0,2,0,2,0,0,0,0,0,0,0,0,1003,1003,0,0,0,0,619,0,111325,0,0,0,0,0,0,0,0,0,0,0,0,0
0,2,0,2,0,0,0,0,0,0,0,0,1003,1003,0,0,0,0,620,0,112716,0,0,0,0,0,0,0,0,0,0,0,0,0
0,2,0,2,0,0,0,0,0,0,0,0,1003,1003,0,0,0,0,621,0,112908,0,0,0,0,0,0,0,0,0,0,0,0,0
0,2,0,2,0,0,0,0,0,0,0,0,1003,1003,0,0,0,0,622,0,112992,0,0,0,0,0,0,0,0,0,0,0,0,0
0,2,0,2,0,0,0,0,0,0,0,0,1003,1003,0,0,0,0,623,0,131795,0,0,0,0,0,0,0,0,0,0,0,0,0
0,2,0,2,0,0,0,0,0,0,0,0,1014,1014,0,0,0,0,624,0,567,0,0,0,0,0,0,0,0,0,0,0,0,0
0,2,0,2,0,0,0,0,0,0,0,0,1014,1014,0,0,0,0,625,0,568,0,0,0,0,0,0,0,0,0,0,0,0,0
0,2,0,2,0,0,0,0,0,0,0,0,1014,1014,0,0,0,0,626,0,569,0,0,0,0,0,0,0,0,0,0,0,0,0
0,2,0,2,0,0,0,0,0,0,0,1,1014,1014,0,0,0,0,627,0,1035,0,0,0,0,0,0,0,0,0,0,0,0,0
0,2,0,2,0,0,0,0,0,0,0,0,1014,1014,0,0,0,0,628,0,1041,0,0,0,0,0,0,0,0,0,0,0,0,0
0,2,0,2,0,0,0,0,0,0,0,0,1014,1014,0,0,0,0,629,0,1629,0,0,0,0,0,0,0,0,0,0,0,0,0
0,2,0,2,0,0,0,0,0,0,0,0,1014,1014,0,0,0,0,630,0,1719,0,0,0,0,0,0,0,0,0,0,0,0,0
0,2,0,2,0,0,0,0,0,0,0,0,1014,1014,0,0,0,0,631,0,101099,0,0,0,0,0,0,0,0,0,0,0,0,0
0,2,0,2,0,0,0,0,0,0,0,0,1014,1014,0,0,0,0,632,0,101106,0,0,0,0,0,0,0,0,0,0,0,0,0
0,2,0,2,0,0,0,0,0,0,0,0,1014,1014,0,0,0,0,633,0,110977,0,0,0,0,0,0,0,0,0,0,0,0,0
0,2,0,2,0,0,0,0,0,0,0,0,1014,1014,0,0,0,0,634,0,110989,0,0,0,0,0,0,0,0,0,0,0,0,0
0,2,0,2,0,0,0,0,0,0,0,0,1014,1014,0,0,0,0,635,0,111006,0,0,0,0,0,0,0,0,0,0,0,0,0
0,2,0,2,0,0,0,0,0,0,0,0,1014,1014,0,0,0,0,636,0,111011,0,0,0,0,0,0,0,0,0,0,0,0,0
0,2,0,2,0,0,0,0,0,0,0,0,1014,1014,0,0,0,0,637,0,111328,0,0,0,0,0,0,0,0,0,0,0,0,0
0,2,0,2,0,0,0,0,0,0,0,0,1014,1014,0,0,0,0,638,0,111329,0,0,0,0,0,0,0,0,0,0,0,0,0
0,2,0,2,0,0,0,0,0,0,0,0,1014,1014,0,0,0,0,639,0,111334,0,0,0,0,0,0,0,0,0,0,0,0,0
0,2,0,2,0,0,0,0,0,0,0,0,1014,1014,0,0,0,0,640,0,112531,0,0,0,0,0,0,0,0,0,0,0,0,0
0,2,0,2,0,0,0,0,0,0,0,0,1014,1014,0,0,0,0,641,0,112615,0,0,0,0,0,0,0,0,0,0,0,0,0
0,2,0,2,0,0,0,0,0,0,0,0,1014,1014,0,0,0,0,642,0,112667,0,0,0,0,0,0,0,0,0,0,0,0,0
0,2,0,2,0,0,0,0,0,0,0,0,1014,1014,0,0,0,0,643,0,112868,0,0,0,0,0,0,0,0,0,0,0,0,0
0,2,0,2,0,0,0,0,0,0,0,0,1014,1014,0,0,0,0,644,0,114581,0,0,0,0,0,0,0,0,0,0,0,0,0
0,2,0,2,0,0,0,0,0,0,0,0,1014,1014,0,0,0,0,645,0,114598,0,0,0,0,0,0,0,0,0,0,0,0,0
0,2,0,2,0,0,0,0,0,0,0,0,1014,1014,0,0,0,0,646,0,114611,0,0,0,0,0,0,0,0,0,0,0,0,0
0,2,0,2,0,0,0,0,0,0,0,0,1014,1014,0,0,0,0,647,0,114615,0,0,0,0,0,0,0,0,0,0,0,0,0
0,2,0,2,0,0,0,0,0,0,0,0,1014,1014,0,0,0,0,648,0,115536,0,0,0,0,0,0,0,0,0,0,0,0,0
0,2,0,2,0,0,0,0,0,0,0,0,1014,1014,0,0,0,0,649,0,132375,0,0,0,0,0,0,0,0,0,0,0,0,0
8,10,22,2,14,8,0,0,0,0,0,0,2012,2012,0,0,0,7,650,16,110955,0,5,0,38,0,0,1,0,0,2,1,1,0
9,2,16,5,17,18,0,0,0,0,0,0,2012,2012,0,0,0,4,651,16,111724,8,3,0,25,0,2,0,1,0,3,2,2,0
5,7,18,1,19,10,0,0,0,0,1,0,2012,2012,0,0,0,7,652,16,111768,9,4,0,38,0,0,1,0,1,0,4,1,0
10,13,6,16,8,19,0,0,0,0,0,0,2012,2012,0,0,0,1,653,16,111769,4,1,0,8,0,5,0,2,0,7,0,2,0
9,8,9,6,14,15,0,0,0,0,0,0,2012,2012,0,0,0,3,654,16,111774,8,4,0,25,0,2,0,0,0,3,2,2,0
20,6,16,12,8,9,0,0,0,0,0,0,2012,2012,0,0,0,2,655,16,111779,3,2,0,15,0,5,0,1,0,4,2,1,0
10,3,16,9,13,15,0,0,0,0,0,0,2012,2012,0,0,0,3,656,16,112163,3,2,0,20,0,0,1,2,0,6,1,4,0
10,4,17,4,19,10,0,0,0,0,0,0,2012,2012,0,0,0,5,657,16,112540,8,5,0,34,0,2,0,0,1,0,2,2,0
22,9,14,14,7,13,0,0,0,0,0,0,2012,2012,0,0,0,3,658,16,114628,3,0,0,12,0,6,0,2,0,4,3,0,0
5,5,14,3,18,8,0,0,0,0,0,0,2012,2012,0,0,0,5,659,16,116360,9,5,0,34,0,1,0,1,0,1,2,2,0
16,1,15,11,7,14,0,0,0,0,0,1,2012,2012,0,0,0,3,660,16,116361,3,2,0,19,0,2,0,1,0,5,1,3,0
10,15,8,15,5,15,0,0,0,0,0,0,2012,2012,0,0,0,1,661,16,131173,4,0,0,8,0,3,0,2,0,7,1,4,0
14,15,14,13,3,21,0,0,0,0,0,0,2012,2012,0,0,0,3,662,16,131487,3,1,0,14,0,4,0,2,0,6,1,1,0
11,15,14,8,7,13,0,0,0,0,0,0,2012,2012,0,0,0,4,663,16,131488,3,1,0,21,0,1,0,0,0,4,2,4,0
9,16,11,7,11,15,0,0,0,0,0,0,2012,2012,0,0,0,4,664,16,131531,3,2,0,22,0,2,0,2,0,4,3,1,0
8,17,9,10,6,16,0,0,0,0,0,0,2012,2012,0,0,0,5,665,16,132305,3,0,0,20,0,2,0,0,0,4,4,1,0
0,2,0,2,0,0,0,0,0,0,0,0,2028,2028,0,0,0,0,666,0,112264,0,0,0,0,0,0,0,0,0,0,0,0,0
0,13,0,5,0,0,0,0,0,0,0,0,2076,20,0,0,0,0,667,0,27,0,0,0,0,0,0,0,0,0,0,0,0,0
0,8,0,1,0,0,0,0,0,0,0,0,2076,2076,0,0,0,0,668,0,33,0,0,0,0,0,0,0,0,0,0,0,0,0
0,18,0,3,0,0,0,0,0,0,0,0,2076,20,0,0,0,0,669,0,162,0,0,0,0,0,0,0,0,0,0,0,0,0
0,3,0,11,0,0,0,0,0,0,0,0,2076,2076,0,0,0,0,670,0,487,0,0,0,0,0,0,0,0,0,0,0,0,0
0,4,0,20,0,0,0,0,0,0,0,0,2076,2076,0,0,0,0,671,0,492,0,0,0,0,0,0,0,0,0,0,0,0,0
0,14,0,4,0,0,0,0,0,0,0,0,2076,2076,0,0,0,0,672,0,506,0,0,0,0,0,0,0,0,0,0,0,0,0
0,5,0,13,0,0,0,0,0,0,0,0,2076,2076,0,0,0,0,673,0,523,0,0,0,0,0,0,0,0,0,0,0,0,0
0,15,0,12,0,0,0,0,0,0,0,0,2076,2076,0,0,0,0,674,0,526,0,0,0,0,0,0,0,0,0,0,0,0,0
0,17,0,9,0,0,0,0,0,0,0,0,2076,20,0,0,0,0,675,0,543,0,0,0,0,0,0,0,0,0,0,0,0,0
0,19,0,14,0,0,0,0,0,0,0,0,2076,2076,0,0,0,0,676,0,583,0,0,0,0,0,0,0,0,0,0,0,0,0
0,12,0,10,0,0,0,0,0,0,0,0,2076,2076,0,0,0,0,677,0,1825,0,0,0,0,0,0,0,0,0,0,0,0,0
0,20,0,2,0,0,0,0,0,0,0,0,2076,20,0,0,0,0,678,0,1826,0,0,0,0,0,0,0,0,0,0,0,0,0
0,17,0,16,0,0,0,0,0,0,0,0,2076,2076,0,0,0,0,679,0,110176,0,0,0,0,0,0,0,0,0,0,0,0,0
0,10,0,17,0,0,0,0,0,0,0,0,2076,2076,0,0,0,0,680,0,110501,0,0,0,0,0,0,0,0,0,0,0,0,0
0,7,0,19,0,0,0,0,0,0,0,0,2076,2076,0,0,0,0,681,0,110532,0,0,0,0,0,0,0,0,0,0,0,0,0
0,9,0,18,0,0,0,0,0,0,0,0,2076,2076,0,0,0,0,682,0,110645,0,0,0,0,0,0,0,0,0,0,0,0,0
0,21,0,6,0,0,0,0,0,0,0,0,2076,2076,0,0,0,0,683,0,110678,0,0,0,0,0,0,0,0,0,0,0,0,0
0,22,0,7,0,0,0,0,0,0,0,0,2076,2076,0,0,0,0,684,0,110685,0,0,0,0,0,0,0,0,0,0,0,0,0
0,23,0,15,0,0,0,0,0,0,0,0,2076,2076,0,0,0,0,685,0,110697,0,0,0,0,0,0,0,0,0,0,0,0,0
0,11,0,8,0,0,0,0,0,0,0,0,2076,2076,0,0,0,0,686,0,111239,0,0,0,0,0,0,0,0,0,0,0,0,0
0,2,0,2,0,0,0,0,0,0,0,0,2092,2092,0,0,0,0,687,0,114019,0,0,0,0,0,0,0,0,0,0,0,0,0
0,2,0,7,0,0,0,0,0,0,0,0,2136,2136,0,0,0,0,688,0,113000,0,0,0,1986,0,0,0,0,0,0,0,0,0
0,2,0,4,0,0,0,0,0,0,0,0,2136,2136,0,0,0,0,689,0,113002,0,0,0,2008,0,0,0,0,0,0,0,0,0
0,2,0,11,0,0,0,0,0,0,0,0,2136,2136,0,0,0,0,690,0,113003,0,0,0,1921,0,0,0,0,0,0,0,0,0
0,2,0,3,0,0,0,0,0,0,0,0,2136,2136,0,0,0,0,691,0,113004,0,0,0,2014,0,0,0,0,0,0,0,0,0
0,2,0,15,0,0,0,0,0,0,0,0,2136,2136,0,0,0,0,692,0,113007,0,0,0,1850,0,0,0,0,0,0,0,0,0
0,2,0,6,0,0,0,0,0,0,0,0,2136,2136,0,0,0,0,693,0,113008,0,0,0,1992,0,0,0,0,0,0,0,0,0
0,2,0,1,0,0,0,0,0,0,0,0,2136,2136,0,0,0,0,694,0,113009,0,0,0,2069,0,0,0,0,0,0,0,0,0
0,2,0,29,0,0,0,0,0,0,0,0,2136,2136,0,0,0,0,695,0,113010,0,0,0,1683,0,0,0,0,0,0,0,0,0
0,2,0,10,0,0,0,0,0,0,0,0,2136,2136,0,0,0,0,696,0,113011,0,0,0,1931,0,0,0,0,0,0,0,0,0
0,2,0,2,0,0,0,0,0,0,0,0,2136,2136,0,0,0,0,697,0,113012,0,0,0,2020,0,0,0,0,0,0,0,0,0
0,2,0,24,0,0,0,0,0,0,0,0,2136,2136,0,0,0,0,698,0,113984,0,0,0,1731,0,0,0,0,0,0,0,0,0
0,2,0,33,0,0,0,0,0,0,0,0,2136,2136,0,0,0,0,699,0,113996,0,0,0,1659,0,0,0,0,0,0,0,0,0
0,2,0,22,0,0,0,0,0,0,0,0,2136,2136,0,0,0,0,700,0,115682,0,0,0,1773,0,0,0,0,0,0,0,0,0
0,2,0,13,0,0,0,0,0,0,0,0,2136,2136,0,0,0,0,701,0,116428,0,0,0,1867,0,0,0,0,0,0,0,0,0
0,2,0,25,0,0,0,0,0,0,0,0,2136,2136,0,0,0,0,702,0,131124,0,0,0,1723,0,0,0,0,0,0,0,0,0
0,1,0,2,0,0,0,0,0,0,0,1,2215,2215,0,0,0,0,709,0,115995,0,0,0,0,0,0,0,0,0,0,0,0,0
0,5,0,1,0,0,0,0,0,0,0,0,2215,2215,0,0,0,0,710,0,115996,0,0,0,0,0,0,0,0,0,0,0,0,0
0,3,0,4,0,0,0,0,0,0,0,0,2215,2215,0,0,0,0,711,0,115997,0,0,0,0,0,0,0,0,0,0,0,0,0
0,2,0,14,0,0,0,0,0,0,0,0,2215,2215,0,0,0,0,712,0,115998,0,0,0,0,0,0,0,0,0,0,0,0,0
0,4,0,7,0,0,0,0,0,0,0,0,2215,2215,0,0,0,0,713,0,115999,0,0,0,0,0,0,0,0,0,0,0,0,0
0,7,0,11,0,0,0,0,0,0,0,0,2215,2215,0,0,0,0,714,0,116001,0,0,0,0,0,0,0,0,0,0,0,0,0
0,6,0,5,0,0,0,0,0,0,0,0,2215,2215,0,0,0,0,715,0,116002,0,0,0,0,0,0,0,0,0,0,0,0,0
0,9,0,8,0,0,0,0,0,0,0,0,2215,2215,0,0,0,0,716,0,116003,0,0,0,0,0,0,0,0,0,0,0,0,0
0,8,0,13,0,0,0,0,0,0,0,0,2215,2215,0,0,0,0,717,0,116004,0,0,0,0,0,0,0,0,0,0,0,0,0
0,2,0,3,0,0,0,0,0,0,0,0,2215,2215,0,0,0,0,718,0,116005,0,0,0,0,0,0,0,0,0,0,0,0,0
0,11,0,10,0,0,0,0,0,0,0,0,2215,2215,0,0,0,0,719,0,116021,0,0,0,0,0,0,0,0,0,0,0,0,0
0,12,0,9,0,0,0,0,0,0,0,0,2215,2215,0,0,0,0,720,0,131386,0,0,0,0,0,0,0,0,0,0,0,0,0
0,3,0,6,0,0,0,0,0,0,0,0,2215,2215,0,0,0,0,721,0,132533,0,0,0,0,0,0,0,0,0,0,0,0,0
0,1,0,12,0,0,0,0,0,0,0,0,2215,2215,0,0,0,0,722,0,132589,0,0,0,0,0,0,0,0,0,0,0,0,0
0,3,0,2,0,0,0,0,0,0,0,0,2216,2216,0,0,0,0,723,0,116009,0,0,0,0,0,0,0,0,0,0,0,0,0
0,1,0,1,0,0,0,0,0,0,0,1,2216,2216,0,0,0,0,724,0,116010,0,0,0,0,0,0,0,0,0,0,0,0,0
0,9,0,11,0,0,0,0,0,0,0,0,2216,2216,0,0,0,0,725,0,116011,0,0,0,0,0,0,0,1,0,0,0,0,0
0,2,0,3,0,0,0,0,0,0,0,0,2216,2216,0,0,0,0,726,0,116012,0,0,0,0,0,0,0,2,0,0,0,0,0
0,11,0,5,0,0,0,0,0,0,0,0,2216,2216,0,0,0,0,727,0,116013,0,0,0,0,0,0,0,2,0,0,0,0,0
0,8,0,9,0,0,0,0,0,0,0,0,2216,2216,0,0,0,0,728,0,116014,0,0,0,0,0,0,0,2,0,0,0,0,0
0,5,0,6,0,0,0,0,0,0,0,0,2216,2216,0,0,0,0,729,0,116015,0,0,0,0,0,0,0,0,0,0,0,0,0
0,6,0,8,0,0,0,0,0,0,0,0,2216,2216,0,0,0,0,730,0,116016,0,0,0,0,0,0,0,1,0,0,0,0,0
0,4,0,4,0,0,0,0,0,0,0,0,2216,2216,0,0,0,0,731,0,116017,0,0,0,0,0,0,0,0,0,0,0,0,0
0,10,0,10,0,0,0,0,0,0,0,0,2216,2216,0,0,0,0,732,0,116020,0,0,0,0,0,0,0,0,0,0,0,0,0
0,7,0,7,0,0,0,0,0,0,0,0,2216,2216,0,0,0,0,733,0,116343,0,0,0,0,0,0,0,2,0,0,0,0,0
0,12,0,2,0,0,0,0,0,0,0,0,2216,2216,0,0,0,0,734,0,132176,0,0,0,0,0,0,0,0,0,0,0,0,0
0,1,0,6,0,0,0,0,0,0,0,1,2221,2221,0,0,0,0,735,0,116300,11,0,0,0,0,0,0,0,0,0,0,0,0
0,2,0,5,0,0,0,0,0,0,0,0,2221,2221,0,0,0,0,736,0,116302,11,0,0,0,0,0,0,0,0,0,0,0,0
0,7,0,9,0,0,0,0,0,0,0,0,2221,2221,0,0,0,0,737,0,116303,11,0,0,0,0,0,0,0,0,0,0,0,0
0,11,0,4,0,0,0,0,0,0,0,0,2221,2221,0,0,0,0,738,0,116304,14,0,0,0,0,0,0,1,0,0,0,0,0
0,6,0,13,0,0,0,0,0,0,0,0,2221,2221,0,0,0,0,739,0,116305,11,0,0,0,0,0,0,2,0,0,0,0,0
0,4,0,12,0,0,0,0,0,0,0,0,2221,2221,0,0,0,0,740,0,116306,11,0,0,0,0,0,0,2,0,0,0,0,0
0,10,0,2,0,0,0,0,0,0,0,0,2221,2221,0,0,0,0,741,0,116307,15,0,0,0,0,0,0,2,0,0,0,0,0
0,9,0,7,0,0,0,0,0,0,0,0,2221,2221,0,0,0,0,742,0,116308,11,0,0,0,0,0,0,0,0,0,0,0,0
0,5,0,1,0,0,0,0,0,0,0,0,2221,2221,0,0,0,0,743,0,116309,16,0,0,0,0,0,0,0,0,0,0,0,0
0,12,0,8,0,0,0,0,0,0,0,0,2221,2221,0,0,0,0,744,0,116310,14,0,0,0,0,0,0,0,0,0,0,0,0
0,8,0,11,0,0,0,0,0,0,0,0,2221,2221,0,0,0,0,745,0,116311,13,0,0,0,0,0,0,2,0,0,0,0,0
0,3,0,3,0,0,0,0,0,0,0,0,2221,2221,0,0,0,0,746,0,116312,13,0,0,0,0,0,0,1,0,0,0,0,0
0,13,0,10,0,0,0,0,0,0,0,0,2221,2221,0,0,0,0,747,0,131477,11,0,0,0,0,0,0,2,0,0,0,0,0
0,14,0,14,0,0,0,0,0,0,0,0,2221,2221,0,0,0,0,748,0,131478,11,0,0,0,0,0,0,2,0,0,0,0,0
0,1,0,4,0,0,0,0,0,0,0,1,2222,2222,0,0,0,0,749,0,116325,0,0,0,0,0,0,0,0,0,0,0,0,0
0,2,0,13,0,0,0,0,0,0,0,0,2222,2222,0,0,0,0,750,0,116326,0,0,0,0,0,0,0,0,0,0,0,0,0
0,5,0,3,0,0,0,0,0,0,0,0,2222,2222,0,0,0,0,751,0,116327,0,0,0,0,0,0,0,0,0,0,0,0,0
0,9,0,2,0,0,0,0,0,0,0,0,2222,2222,0,0,0,0,752,0,116328,0,0,0,0,0,0,0,0,0,0,0,0,0
0,15,0,6,0,0,0,0,0,0,0,0,2222,2222,0,0,0,0,753,0,116331,0,0,0,0,0,0,0,0,0,0,0,0,0
0,7,0,16,0,0,0,0,0,0,0,0,2222,2222,0,0,0,0,754,0,116332,0,0,0,0,0,0,0,0,0,0,0,0,0
0,4,0,9,0,0,0,0,0,0,0,0,2222,2222,0,0,0,0,755,0,116333,0,0,0,0,0,0,0,0,0,0,0,0,0
0,6,0,12,0,0,0,0,0,0,0,0,2222,2222,0,0,0,0,756,0,116334,0,0,0,0,0,0,0,0,0,0,0,0,0
0,3,0,14,0,0,0,0,0,0,0,0,2222,2222,0,0,0,0,757,0,116336,0,0,0,0,0,0,0,0,0,0,0,0,0
0,8,0,15,0,0,0,0,0,0,0,0,2222,2222,0,0,0,0,758,0,116337,0,0,0,0,0,0,0,0,0,0,0,0,0
0,17,0,1,0,0,0,0,0,0,0,0,2222,2222,0,0,0,0,759,0,131123,0,0,0,0,0,0,0,0,0,0,0,0,0
0,10,0,10,0,0,0,0,0,0,0,0,2222,2222,0,0,0,0,760,0,131125,0,0,0,0,0,0,0,0,0,0,0,0,0
0,16,0,8,0,0,0,0,0,0,0,0,2222,2222,0,0,0,0,761,0,131391,0,0,0,0,0,0,0,0,0,0,0,0,0
0,18,0,5,0,0,0,0,0,0,0,0,2222,2222,0,0,0,0,762,0,131720,0,0,0,0,0,0,0,0,0,0,0,0,0
0,19,0,7,0,0,0,0,0,0,0,0,2222,2222,0,0,0,0,763,0,131733,0,0,0,0,0,0,0,0,0,0,0,0,0
0,20,0,11,0,0,0,0,0,0,0,0,2222,2222,0,0,0,0,764,0,132629,0,0,0,0,0,0,0,0,0,0,0,0,0
0,1,0,7,0,0,0,0,0,0,0,1,2226,2226,0,0,0,0,765,0,116033,0,0,0,0,0,0,0,0,0,0,0,0,0
0,2,0,9,0,0,0,0,0,0,0,0,2226,2226,0,0,0,0,766,0,116034,0,0,0,0,0,0,0,0,0,0,0,0,0
0,3,0,2,0,0,0,0,0,0,0,0,2226,2226,0,0,0,0,767,0,116280,0,0,0,0,0,0,0,0,0,0,0,0,0
0,4,0,1,0,0,0,0,0,0,0,0,2226,2226,0,0,0,0,768,0,116282,0,0,0,0,0,0,0,0,0,0,0,0,0
0,1,0,2,0,0,0,0,0,0,0,0,2226,2226,0,0,0,0,769,0,131358,0,0,0,0,0,0,0,0,0,0,0,0,0
0,1,0,2,0,0,0,0,0,0,0,0,2226,2226,0,0,0,0,770,0,131359,0,0,0,0,0,0,0,0,0,0,0,0,0
0,1,0,2,0,0,0,0,0,0,0,0,2226,2226,0,0,0,0,771,0,131360,0,0,0,0,0,0,0,0,0,0,0,0,0
0,1,0,2,0,0,0,0,0,0,0,0,2226,2226,0,0,0,0,772,0,131361,0,0,0,0,0,0,0,0,0,0,0,0,0
0,1,0,2,0,0,0,0,0,0,0,0,2226,2226,0,0,0,0,773,0,131362,0,0,0,0,0,0,0,0,0,0,0,0,0
0,1,0,2,0,0,0,0,0,0,0,0,2226,2226,0,0,0,0,774,0,131363,0,0,0,0,0,0,0,0,0,0,0,0,0
0,2,0,2,0,0,0,0,0,0,0,0,2240,2240,0,0,0,0,778,0,114046,0,0,0,0,0,0,0,0,0,0,0,0,0
0,2,0,2,0,0,0,0,0,0,0,0,2240,2240,0,0,0,0,779,0,131524,0,0,0,0,0,0,0,0,0,0,0,0,0
0,2,0,2,0,0,0,0,0,0,0,0,2240,2240,0,0,0,0,780,0,131527,0,0,0,0,0,0,0,0,0,0,0,0,0
