name,nameid
Makaay,44000
Aparecido da Silva,44001
Gilberto Silva,44002
Uli,44003
Hoeneß,44004
Geoff,44005
Cambiasso,44006
Francesc,44007
Fàbregas Soler,44008
Cesc Fàbregas,44009
Fabregas,44010
Carlos Caetano,44011
Bledorn Verri,44012
Dunga,44013
Bierhoff,44014
Batistuta,44015
Isaac Romero,44016
Platret,44017
Bechikh,44018
Wasbauer,44019
Jid,44020
Beaudry,44021
Ruward,44022
Mañas Buenadicha,44023
Aitor Mañas,44024
Mañas,44025
Chabod,44026
Ersoy,44027
Frigerio,44028
D. Azevedo,44029
Pablo S.,44030
Wändin,44031
Pérez Morillo,44032
Fer Pérez,44033
Nicólas,44034
Claa,44035
Adedeji Strernberg,44036
Tiago G.,44037
Ďuriš,44038
G.Siri,44039
Édgar,44040
E. Paez,44041
Dor,44042
Turgeman,44043
Alex Matthias,44044
Pemi,44045
Aderoju,44046
Engelbreth,44047
Scaglia,44048
Sun Woo,44049
Ham,44050
Ham Sun Woo,44051
Sunwoo,44052
Chesnokov,44053
Woobens,44054
Pacius,44055
Gibson Nana,44056
Francely,44057
Jeong Woo,44058
Ha Jeong Woo,44059
JeongWoo,44060
Mayssam,44061
Benama,44062
Gono,44063
Richtnér,44064
Hong Jae Seok,44065
Kang Min,44066
Choi Kang Min,44067
Kangmin,44068
Hellan,44069
Ju Yeong,44070
Park Ju Yeong,44071
JuYeong,44072
Ma Ho,44073
Chung Ma Ho,44074
Maho,44075
Prent-Eckbo,44076
Yong Jik,44077
Ri,44078
Ri Yong Jik,44079
YongJik,44080
Rodrigo D.,44081
W. Urbański,44082
Naïr,44083
González-Benito,44084
Gonzi,44085
Macy,44086
Settle,44087
Dong Hyeon,44088
Lee Dong Hyeon,44089
Donghyeon,44090
Bozicevic,44091
R.Bamba,44092
L. Moreno,44093
R. Troya,44094
Venteo Plaza,44095
Iker Venteo,44096
Colangiuli,44097
Derviskadic,44098
Jhefferson,44099
H. Arrillaga,44100
Mahitosh,44101
Tyjon,44102
Rafel,44103
Bauzà Sureda,44104
Rafa Bauza,44105
Spencer Marques,44106
Diogo Spencer,44107
Kiano,44108
Wandeler,44109
Contena,44110
Sánchez Sánchez,44111
Carlota Sánchez,44112
Rosalía,44113
Muíño González,44114
Lía Muíño,44115
Lía,44116
Abdoul Kone,44117
Shahar,44118
Floriangel,44119
Apóstol,44120
Michi A.,44121
G. Varela,44122
Rúnar Þór,44123
J. Lerma,44124
Gantschnig,44125
Kevin-Prince,44126
Geller,44127
Rigo,44128
Cortés Gracia,44129
Paco Cortés,44130
Khlan,44131
Isak Jønvik,44132
André Stavås,44133
Skistad,44134
Awet Ermias,44135
Alemseged,44136
Rizo Galiano,44137
Inés Rizo,44138
Folarin Oyenuga,44139
Sawan,44140
L.Guilherme,44141
Novo Saborido,44142
Paula Novo,44143
Heli Tito,44144
Ashley Alban,44145
da Silva Cipriano,44146
Hüning,44147
Sagolsem,44148
Puga,44149
Miguel de Jesús,44150
Narváez López,44151
Miguel Narváez,44152
M. Narváez,44153
Pereda López,44154
Cheli,44155
Debayo,44156
M. Artero,44157
Eyestone,44158
Israfil,44159
Yash,44160
Chickro,44161
M.Manitu,44162
Christantus,44163
Duțu,44164
Dutu,44165
Antonio Manuel,44166
Casas Marín,44167
A. Casas,44168
Baradji,44169
Cyprian,44170
Popielec,44171
Bisschops,44172
Kinsky,44173
Cengiz Alp,44174
Mayela,44175
Sopuruchukwu,44176
Obieri,44177
Kim Seo Jin,44178
Chance,44179
Cowell,44180
De Cat,44181
Rainbird,44182
Priesborg,44183
M.Abdullah,44184
F.Davi,44185
Goti,44186
Balda,44187
Aguiar Tomich,44188
A. Arévalo,44189
Ahilé,44190
Schilte-Brown,44191
Cleall-Harding,44192
Javier Villar,44193
van der Spa,44194
Beleza Figueiredo,44195
Gui Beleza,44196
Eggens,44197
Tinsdale,44198
Pecover,44199
Aksel,44200
Bergsvik,44201
Laura S.,44202
Żewłakow,44203
C. da Costa,44204
Chasco Ruiz,44205
Raúl Chasco,44206
R.Chasco,44207
Stefan Dzodic,44208
Iliesse,44209
Salhi,44210
Waldock,44211
Neininger,44212
Şant,44213
Kazancı,44214
Domènech González,44215
Lucas A.,44216
Ramos Fernández,44217
Mario Ramos,44218
Naasei,44219
Oscar Naasei,44220
Martínez Martínez,44221
Tawfik,44222
Bentayeb,44223
Exon,44224
Arzú,44225
Plug,44226
Al Aboud,44227
Muntathir,44228
Ali. J,44229
Miguel Jan,44230
Salas Franch,44231
Jan Salas,44232
González Pallarés,44233
Manu González,44234
Manu G.,44235
Dhirar,44236
Brik,44237
K.Gasnier,44238
Inao.C,44239
Håheim-Elveseter,44240
Roni,44241
Hudd,44242
Matton,44243
Álvarez Llopis,44244
Anna Álvarez,44245
Velasco Heim,44246
Alma Velasco,44247
Noemí,44248
Bejarano Beltrán,44249
Ngor,44250
E. Moreno,44251
Monastirlis,44252
Luque Fernández,44253
Daniela Luque,44254
D. Luque,44255
Fernández Casino,44256
Guille Fernández,44257
Mangiaut,44258
Ismeal,44259
Luzie,44260
Zähringer,44261
Lany Mia,44262
Samuel-Ogunsuyi,44263
M. Sulaiman,44264
Lalrinfela,44265
Khiangte,44266
Marfella,44267
Smolenaars,44268
Toni Fernández,44269
Rouquet,44270
Kentissia,44271
Bacoul-Juillard,44272
B.Juillard,44273
Chaine,44274
Elias Hovdahl,44275
Sandrød,44276
Konteh,44277
Tajaouart,44278
Al Buainain,44279
Hasip,44280
Korkmazyürek,44281
Korkmazyurek,44282
Jiménez Corredor,44283
David Jiménez,44284
Hatchi,44285
Canales Urtasun,44286
E. Baidoo,44287
García Chico,44288
Iker García,44289
Lankshear,44290
Serrano Palomo,44291
Natalia Serrano,44292
M.Corredor,44293
Aioanei,44294
Las,44295
Luís Maria,44296
Luís Gomes,44297
K.Merida,44298
Crespo Gutiérrez,44299
Aitor Crespo,44300
Rivas Moure,44301
Lucía Rivas,44302
L.Rivas,44303
A. Alrawi,44304
Moussaoui,44305
Louër,44306
Miñambres Gutiérrez,44307
Daniela Miñambres,44308
Campbell-Slowey,44309
J.Fletcher,44310
Ozzi,44311
Furo,44312
Benaets,44313
Willy. Ch,44314
Faberski,44315
Evelyn Sofía,44316
Domínguez Acuña,44317
Monedero,44318
Niculăesei Plesca,44319
Fortea Tejedo,44320
Fortea,44321
Jahmai,44322
Simpson-Pusey,44323
Jahmai S-P,44324
Zépiqueno,44325
Capi,44326
Perovic,44327
Engvall,44328
Thorstensen,44329
Mateos García,44330
Ángela Mateos,44331
A. Mateos,44332
Cantero Mariño,44333
Mario Cantero,44334
Yurrieta Incera,44335
Soffia,44336
Borrell,44337
N. Nicosia,44338
Aladji,44339
Aguado Facio,44340
Diego Aguado,44341
Laqeretabua,44342
Winterburn,44343
Mayers,44344
Akyazı,44345
Kaan Akyazı,44346
Egemen,44347
Kayra,44348
Stawiecki,44349
Díaz Peregrina,44350
Juan Díaz,44351
Steeven,44352
Assengue,44353
O'Grady-Macken,44354
Trabucchi,44355
Le Guen,44356
Víctor M.V.,44357
Álvaro Miguel,44358
Barrios Machuca,44359
Xenia Barrios,44360
Prüfrock,44361
Henrique Miguel,44362
Sousa Arreiol,44363
Henrique Arreiol,44364
H. Arreiol,44365
Ritari,44366
Plicco,44367
Diao Balde,44368
Siren Diao,44369
Bracco,44370
Solvoll Laupstad,44371
Solvoll,44372
Ghimfuș,44373
Ghimfus,44374
Bostock,44375
Sørbo,44376
Sorbo,44377
Cristóbal Fernández,44378
Rees-Dottin,44379
Jamaldeen,44380
Jimoh-Aloba,44381
Gunner,44382
Versluis,44383
Pöpperl,44384
Hawighorst,44385
Jemiah,44386
Umolu,44387
Paranaguá do Carmo,44388
Tamara Bolt,44389
Natali,44390
Eemil,44391
Gael Joel,44392
Akogo Esono,44393
Germán García,44394
López de Guereñu,44395
Marta López,44396
Guereñu,44397
Dobben,44398
Ramšak,44399
López Gómez,44400
Pablo López,44401
Sherif,44402
Dermane,44403
Elliana,44404
Shamalo,44405
Grönborg,44406
Westley,44407
Panneflek,44408
Pumacajia,44409
Hodoșan,44410
Hodosa,44411
Pérez Hidalgo,44412
Ángel Pérez,44413
Ángel P.,44414
Muhannd,44415
Gerald,44416
Alders,44417
Zackarias,44418
Abdulrauof,44419
Conde Gómez,44420
Tincho,44421
Domingo Ponce,44422
Relja,44423
Obrić,44424
Redruello Fernández,44425
Paula Redruello,44426
Rattalino,44427
W. Gomes,44428
Géza Dávid,44429
Okpaleke,44430
M. Carvalho,44431
Röder,44432
van Duijn,44433
Korede,44434
Osundina,44435
Kim Jun Yeong,44436
JunYeong,44437
Lebouath,44438
Croon,44439
Nankya,44440
Garrido Hierro,44441
Rafita,44442
S. Vidigal,44443
Dafonte,44444
Rafii,44445
Soriba,44446
van den Elshout,44447
Ovando,44448
Londoño A.,44449
Ozhianvuna,44450
Haro Crespo,44451
Pere Haro,44452
Pedro Fidel,44453
Cedillo Segura,44454
Carvalho dos Anjos,44455
Lucas Anjos,44456
Mateus Bula,44457
Dami Mané,44458
Mateus Mané,44459
Mohafidh,44460
Téo,44461
Mirisola,44462
Gurtubay Goyo,44463
Elene Gurtubay,44464
Kraaijeveld,44465
Castiñeyras López,44466
Carla Castiñeyras,44467
Carla Casti,44468
Mireya,44469
Zafra Carmona,44470
Mireya Zafra,44471
López de la Morena,44472
Laia López,44473
Dias Fernandes,44474
Diogo Fernandes,44475
Diogo F.,44476
Hinojo Estrada,44477
Roger Hinojo,44478
Hinojo,44479
Ndollo Bille,44480
Ndollo,44481
Amadou Matar,44482
Coundoul,44483
José Silva,44484
Ashia,44485
T. Parente,44486
Visted,44487
Neave,44488
Valdepeñas Talavera,44489
Víctor Valdepeñas,44490
Valdepeñas,44491
Milai,44492
Perott,44493
Priosti,44494
Egouli,44495
Albarracin,44496
Yusuf Can,44497
Boran,44498
Başkan,44499
Aksnes,44500
Gower,44501
Nicolau Benlloch,44502
Nicolau,44503
Emmerson,44504
Triston,44505
T.Rowe,44506
Efe Doğan,44507
Avena,44508
A.Rodriguez,44509
Errol,44510
Mundle-Smith,44511
Akomeah,44512
Ekaitz R. B.,44513
Noham,44514
Carraro,44515
Aiara,44516
Agirrezabala Azkue,44517
Aiara Agirrezabala,44518
Prosper,44519
Maës,44520
Serrajordi Díaz,44521
Clara Serrajordi,44522
C. Serrajordi,44523
Martínez Gauna,44524
Oso,44525
Bernabéu García,44526
Dani Bernabéu,44527
D. Bernabéu,44528
Lanroy,44529
Machine,44530
Doménech Cedrés,44531
Ariadna Doménech,44532
Eamonn,44533
McCarron,44534
Fullah,44535
Basset,44536
Jourdren,44537
Ndjantou,44538
Rego,44539
Kapsimalis,44540
Mussa,44541
Khezami.K,44542
W. Martin,44543
Tacafred,44544
Experience,44545
Núñez Ramírez,44546
Lucas Núñez,44547
Deusdado Rodrigues,44548
Rodrigo Rodrigues,44549
Valenza,44550
Jaran Eike,44551
Østrem,44552
Solozábal Granados,44553
Hugo Solozábal,44554
Solozábal,44555
Mattice,44556
Rodríguez Pascual,44557
Lydia Rodríguez,44558
Fernandes da Silva,44559
Henrique Silva,44560
Rocha Tavares,44561
Djé Tavares,44562
Dje T.,44563
Bürger,44564
M. Chávez,44565
Koné K. A,44566
Ahmed Ahmed,44567
Aisar A.,44568
Anny,44569
Kerim-Lindland,44570
Pinillos Wilson,44571
Lander Pinillos,44572
L. Pinillos,44573
Ali Osman,44574
Kalın,44575
A. Hadhood,44576
D.Gueye,44577
Muthary,44578
Haugstrup,44579
Slørdal,44580
Alkış,44581
Esat,44582
Buğa,44583
Taha Emre,44584
İnce,44585
D. Martins,44586
J.P Talisca,44587
A. Alshamrami,44588
Sucu,44589
Donio,44590
M. Rodríguez,44591
Carbonell,44592
Sydney Ehizogie,44593
Osazuwa Omoruyi,44594
Chafik,44595
El Hansar,44596
Filling,44597
T. Balieiro,44598
Kiala,44599
Maharabam,44600
Maxion Singh,44601
Welma,44602
Fon,44603
Peixoto,44604
G. Mora,44605
I.Jesus,44606
Moncef,44607
Zekri,44608
Cecily,44609
Wellesley-Smith,44610
Illescas Montaño,44611
E. Coniac,44612
Mawuli,44613
Barea,44614
Sinaté,44615
Socka,44616
Awortwie-G.,44617
Hornemann,44618
Benkhaleq,44619
Houssine,44620
Gajić,44621
S. Faye,44622
Abdou Aziz,44623
Singerr,44624
Rafael L,44625
L.Traoré,44626
Obón Salido,44627
Manu Obón,44628
Obon,44629
Petriu,44630
Dan-Cristian,44631
Capa,44632
Astigarraga,44633
G. Oliveira,44634
Uzkudun,44635
Tabuncic,44636
Dani Martin,44637
Rayan Lucas,44638
Marques de Souza,44639
Azamat,44640
Uriev,44641
Gourville,44642
Kapenga,44643
Duflos,44644
H.Touré,44645
Binet,44646
Sohan,44647
Boiteau,44648
El Farissi,44649
Exaucé,44650
Mpembele Boula,44651
Mpembele,44652
Franciszek,44653
Hjalte Boe,44654
Torquato,44655
Sarver,44656
McSorley,44657
Elloumi,44658
Davy Gui,44659
Felipe L.,44660
Ikker Jl,44661
Sami Jalal,44662
Karchoud,44663
Polendakov,44664
Figueira Damasceno,44665
Miguel Figueira,44666
A. Campos,44667
A. Soumare,44668
Camara Jr,44669
Es-Saoubi,44670
Bien-Aimé,44671
Bien-Aime,44672
Hallie,44673
Meadows,44674
Żelezny,44675
Siliadin,44676
Joffrey,44677
Bultel,44678
S.Keita,44679
K.Merah,44680
Albæk,44681
Almenara,44682
G. Almenara,44683
De La Vega,44684
J. Gorosabel,44685
Adewusi,44686
Mitongo,44687
Owono-Darnell,44688
Keumo,44689
Raçi,44690
Recio Gutiérrez,44691
Ángel Recio,44692
Okon-Engstler,44693
Okon Jnr,44694
T.Diarra,44695
Choco,44696
Blerton,44697
Isufi,44698
Yanis Franklin,44699
da Rocha,44700
Yanis da Rocha,44701
Kulaşin,44702
Sabri,44703
Fate,44704
Kotey,44705
Adetunji Rasaq,44706
Adeshina,44707
Ahadad,44708
Ngumoha,44709
Tómas Bent,44710
Gbemou,44711
Svitek,44712
Mlačić,44713
Surkis,44714
Pobegaylo,44715
Matsuzawa,44716
Rodrigo Miguel,44717
Azevedo Mendes,44718
Rodrigo Mendes,44719
Wragg,44720
González-Birchall,44721
Dani González,44722
Dilhan,44723
Bop,44724
Guèye,44725
Al Haleel,44726
Skelin,44727
Liteta,44728
Nkeng,44729
Okine-Peters,44730
Mohya,44731
Pierre Landry,44732
Kabore,44733
Orak,44734
Polášková,44735
Ndzie,44736
M.Ndzie,44737
Goda,44738
Owolabi-Belewu,44739
Stepien-Iwumene,44740
Bruno Vilela,44741
Carvalho Fernandes,44742
Stretch,44743
Théna,44744
Massock,44745
Annan,44746
van Cruijsen,44747
Rijssel,44748
Ryoga,44749
Kida,44750
Petiet,44751
Barbrook,44752
Kelder,44753
Menke Lopes,44754
Henrique Menke,44755
Košpo,44756
Braschi,44757
K. Prieto,44758
Alastra,44759
Jismerai,44760
Dillema,44761
Middendorp,44762
Cairo,44763
Yénio,44764
Wik,44765
Gadegbeku,44766
Al Asbahi,44767
Correia Venâncio,44768
Rafael Venâncio,44769
El Jamali,44770
Ouzenadji,44771
Arthylio,44772
Murcy,44773
Raache,44774
Dziki,44775
Mota Freitas,44776
Gui Freitas,44777
Ztouti,44778
de Laat,44779
Freek,44780
Entius,44781
João Moisés,44782
Gastão,44783
João Gastão,44784
Elekwa,44785
Dusinszki,44786
Valkanis,44787
Princewill,44788
Tylel,44789
Tati,44790
Fergusson,44791
Nikic,44792
Llorente Korta,44793
Oier Llorente,44794
O. Llorente,44795
Or,44796
Israelov,44797
Cléo,44798
Mélières,44799
Pepijn,44800
Reulen,44801
Jemuel,44802
Erat,44803
Chiza,44804
Givaro,44805
Rahajaän,44806
Giannino,44807
Vianello,44808
Abdelraffie,44809
Benzzine,44810
Yamano,44811
Olfers,44812
van Schooneveld,44813
Rojendro,44814
Oudsten,44815
Henriques da Silva,44816
Guilherme Smith,44817
Savonnier,44818
Liavas,44819
Hodkin,44820
Tsunashima,44821
J. Martinez,44822
Istocki,44823
Godoi Santos,44824
Allan Godoi,44825
Rhaldney,44826
Simião Gomes,44827
Janderson,44828
de Carvalho Costa,44829
Gorter,44830
Snyder,44831
Brunell,44832
Rwan Philipe,44833
Rodrigues de Souza,44834
Rwan Cruz,44835
Alegría,44836
Ryan Carlos,44837
Santos de Souza,44838
Vost,44839
Delgado Caballero,44840
Jorge Delgado,44841
J. Delgado,44842
Bathily,44843
Zilliox,44844
Tamarit Tamarit,44845
Toni Tamarit,44846
Tamarit,44847
Kassama,44848
Mavraj,44849
Harkass,44850
Wawa,44851
Landerson,44852
Costa Araújo,44853
Ebrar,44854
Sabra,44855
Mücahit,44856
Yaldır,44857
Magni,44858
Elikya,44859
Mezerette,44860
Rodin,44861
Devernois,44862
Madjo,44863
Mituljikic,44864
Hian,44865
H. Rincon,44866
Ventosa González,44867
Martínez Montero,44868
Sergio Martínez,44869
Sergio M.M.,44870
Sanchís Hernández,44871
Serpeta,44872
Aghama,44873
Efe J. Jr,44874
Torrents Salvat,44875
Jofre Torrents,44876
Maureira,44877
J. Mensah,44878
Fernández Arroyo,44879
Manu Fernández,44880
Unax,44881
Agote Aranburu,44882
Unax Agote,44883
Gorka Gorosabel,44884
G. Gorosabel,44885
Orobengoa Arbelaiz,44886
Orobengoa,44887
Koubini,44888
Hartog,44889
Esquivel Gámez,44890
Salvi Esquivel,44891
Fernández,44892
Dro,44893
Pérez del Amo,44894
Joselu Pérez,44895
Martín Wilhelm,44896
Pérez Gómez,44897
Nacho Pérez,44898
Altozano Agudo,44899
Edu Altozano,44900
Sierra Ortega,44901
Miguel Sierra,44902
M. Sierra,44903
Blázquez Labraca,44904
Aimar Blázquez,44905
Jean Yves,44906
Valou,44907
J. Ives Valou,44908
Maxima,44909
Goffi,44910
Koutoune,44911
De Carvalho Soares,44912
Mathys De Carvalho,44913
Koumbassa,44914
Vossah,44915
García Murillo,44916
Fermín García,44917
Eppink,44918
Imigene,44919
Said Sy,44920
Maiga Koita,44921
Abdou Maiga,44922
Maiga,44923
Sánchez Collantes,44924
Juan Sánchez,44925
J. Sanchez,44926
Moubeke,44927
Jiménez Gambín,44928
Gambín,44929
Mario Gambin,44930
Fall Lázaro,44931
Seydou Fall,44932
Franco de la Torre,44933
Santi Franco,44934
Cardines,44935
Eceizabarrena,44936
Jon Eceizabarrena,44937
Garro Larrarte,44938
Jon Garro,44939
Carrera Zarranz,44940
Gorka Carrera,44941
Astiazarán Escabias,44942
Astiazarán,44943
Aranda Rojas,44944
Ernie,44945
İbrahim,44946
Ogundu,44947
Yiğit Efe,44948
Maia Pereira,44949
Gonçalo Maia,44950
G. Maia,44951
Goos,44952
Eratilla,44953
Martínez Bastida,44954
Antonio Martínez,44955
A. Martínez,44956
Prendes Ortiz,44957
Enol Prendes,44958
Agbaje,44959
Aiman,44960
Dardari,44961
Carvalho Teixeira,44962
Gabriel Carvalho,44963
Shalom,44964
Valesca,44965
Ampoorter,44966
Vignolo,44967
Darris,44968
Zema,44969
Naïme,44970
Saïd Mchindra,44971
S Mchindra,44972
Bakhouche,44973
Efuele Ngoyala,44974
El Baraka,44975
M. W. de Oliveira,44976
Matheus Mendes,44977
M. Mendes,44978
Ilann,44979
Garin,44980
Ngangué,44981
Siebeking,44982
Varfolomeev,44983
Hijikata,44984
Kelian,44985
Silistrie,44986
Nordan,44987
Mukiele Jr,44988
Echegoyen Berrozpe,44989
Corralejo Mantero,44990
Iván Corralejo,44991
Pitarch Pinar,44992
Thiago Pitarch,44993
Santiago López,44994
Pablo Santiago,44995
Pittarella,44996
Mbambi,44997
Gioele,44998
Zacchi,44999
San Modesto,45000
Hugo San,45001
Moslih,45002
Burrowes,45003
Nam James,45004
Mohamed Alì,45005
Zoma,45006
Bashi,45007
Marietta,45008
J.Gelli,45009
Ndow,45010
Capolupo,45011
Di Maggio,45012
Giannini,45013
Onofri,45014
M. Caicedo,45015
El Mahboub,45016
Sulyman,45017
Krubally,45018
Brasero,45019
Islamdine,45020
Halifa,45021
Hildesheim,45022
Nador,45023
Tonoli,45024
Pezzolato,45025
Gugenheim,45026
Maks,45027
Lima de Castro,45028
Dani Bolt,45029
True,45030
Pereira Vargas,45031
Raúl Pereira,45032
Kireev,45033
Kristoffersen,45034
dos Santos Ferreira,45035
Stanislas,45036
Kielt,45037
Melo Araujo Júnior,45038
Daniel Júnior,45039
Daniel Jr,45040
Genuino Lobato,45041
Rafael Lobato,45042
Bakoune,45043
Campos Rocha Olivei,45044
Clarinha,45045
Gonçalves Santos Va,45046
Joana Valente,45047
Elydjah,45048
N'Tamon,45049
N'Tamon Elie,45050
Suárez Cárdenes,45051
David Suárez,45052
Lysandrou,45053
Poursaitidis,45054
Iuri,45055
Weslley,45056
Pinto Batista,45057
Patati,45058
Pedro Ataíde,45059
de Souza Oliveira,45060
Opah,45061
Virgili Tenas,45062
Jan Virgili,45063
Oliveira Meirelles,45064
Luca Meirelles,45065
Isaque,45066
Severino Silva,45067
K.Alsbahi,45068
Šín,45069
Al Harfi,45070
Rengifo,45071
J. Rengifo,45072
Lalbiakdika,45073
Vanlalvunga,45074
AL Khaibari,45075
David Kaiki,45076
Flores da Silva,45077
Romualdas,45078
Jansonas,45079
Mokwana,45080
Bärtl,45081
Balentien,45082
Boi,45083
Lorenzelli,45084
Coubiș,45085
Coubis,45086
Jakóbczyk,45087
Szczepankiewicz,45088
Closter,45089
Al Fawaz,45090
Eron,45091
Gojani,45092
Nana Kwame,45093
Meliga,45094
Meliga Jr,45095
Benito Zaldívar,45096
Nerea Benito,45097
da Costa Nogueira,45098
Miguel Nogueira,45099
M. Nogueira,45100
Oihana,45101
Agirregomezkorta,45102
Aïcha,45103
Cámara Cámara,45104
Aïcha Cámara,45105
Hernández Gallardo,45106
Sofía Hernández,45107
Ismahila,45108
Sémbène,45109
Mambwa,45110
Overmars,45111
Sarasua García,45112
Karolina Sarasua,45113
Pantovic,45114
Lorran Lucas,45115
Pereira de Sousa,45116
Lorran,45117
Daali,45118
Van Keymolen,45119
Seha,45120
Zaid.S,45121
Ocansey,45122
Sarli,45123
Milosavljević,45124
Hülsenbusch,45125
Gustavo Teixeira,45126
Gustavo Mancha,45127
Donnell,45128
McNeilly,45129
Markhiev,45130
Markhiyev,45131
Sarno,45132
Ogam,45133
Austin Uzondu,45134
Mebae,45135
Aagaard,45136
Burgio,45137
Lakyle,45138
Soares da Silva,45139
Cuiabano,45140
Odede,45141
E.Odede,45142
Lalrinzuala,45143
Lalbiaknia,45144
Mirčetić,45145
Beszant,45146
Lalnuntluanga,45147
Bawitlung,45148
Deveron,45149
Fonville,45150
Bèye,45151
Casalino,45152
Gibert,45153
Jordana Cámara,45154
Gibi,45155
Papa Dame,45156
Prekop,45157
Gonçalves Martins,45158
Matheus Gonçalves,45159
Matheus G.,45160
Emery,45161
Yisa,45162
Alao,45163
Molina Colorado,45164
Adrián Molina,45165
A. Niang,45166
Djordjević,45167
Naafo,45168
Jonas. N,45169
Thalys Henrique,45170
Gomes de Araújo,45171
Thalys,45172
Sani,45173
Alibasic,45174
Arous,45175
Valerin,45176
Loboa,45177
Bertoncello,45178
Ousseynou Fall,45179
Gossé,45180
Marie Gossé,45181
Gidi,45182
Radojević,45183
Djemba-Mbappé,45184
Y.Djemba,45185
Potulski,45186
Aguirre Basurco,45187
Ibai Aguirre,45188
Doltra Bufill,45189
Berta Doltra,45190
B. Doltra,45191
MacDarragh,45192
Morigi,45193
Yeiker,45194
Rebolledo,45195
Baba Salifu,45196
Apiiga,45197
Courage,45198
Otokwefor,45199
Ernestas,45200
Lysionok,45201
Astaldi,45202
Paúl,45203
E. Delmas,45204
Musibau,45205
Feyzo,45206
Kasumovic,45207
Malual,45208
Nichola,45209
Nickolas,45210
Heater,45211
Fransen,45212
Mewett,45213
Gomes Furtado,45214
Ale Gomes,45215
Kurai,45216
Musanhi,45217
Tankadhar,45218
Jarde,45219
Ramos de Souza,45220
Pereira Duarte,45221
Gluscevic,45222
Mendes Miranda,45223
André Miranda,45224
Karakoç,45225
Saviolo,45226
Ricardo Joaquim,45227
Ferreira Rocha,45228
Rica Rocha,45229
Rica,45230
Ferrante,45231
Bendra,45232
Fousseny,45233
Mickael,45234
Kabwit,45235
Len,45236
Voute,45237
Iris Ashley,45238
Santiago Garrido,45239
Folgado Blanco,45240
Adriana Folgado,45241
Petrignani,45242
Bouajila,45243
Bachir,45244
Bachir Gueye,45245
Isyak,45246
Nora Harnes,45247
Håheim,45248
Haaheim,45249
Atoen,45250
Luca Ekrem,45251
Stancic,45252
Alexi,45253
Houridis,45254
Tahsin,45255
Dansoko,45256
Dench,45257
Devrim,45258
Timorán,45259
Souza de Jesus,45260
Merijn,45261
van de Wiel,45262
Amoh,45263
Alestig,45264
Obregón,45265
Daðason,45266
Vitus,45267
Ferreira Costa,45268
Laghzaoui,45269
Aggoun,45270
Abdoul Fatha,45271
Tinde Teribe,45272
Yanik,45273
Spalt,45274
Kretschmer,45275
Lancinet,45276
Lass,45277
Madinatou,45278
Rouamba,45279
Rymmei,45280
Danyal,45281
Zor,45282
Kuffour Jr.,45283
Kuffour Jr,45284
Jangeal,45285
Calderon Balda,45286
Iker Calderon,45287
Oleaga Arregi,45288
Joan Oleaga,45289
Celia Gómez,45290
John-Oliver,45291
Lacayo,45292
Comfort,45293
Karen Daniela,45294
Castellanos Fonseca,45295
Weigel,45296
Rutkjær,45297
Vater,45298
Ehe,45299
Balamotis,45300
Camilo Andres,45301
Durán Márquez,45302
Camilo Durán,45303
Camilo Duran,45304
Theiß,45305
Urbich,45306
Abrangao,45307
Pedro Felipe,45308
de Jesus Gomes,45309
Correia Posser Lima,45310
Ivan Lima,45311
Morcillo Muñoz,45312
Diego Morcillo,45313
Peñalvo Martín,45314
Natalia Peñalvo,45315
Laoukili,45316
van Duiven,45317
Nišandžić,45318
Ogundana,45319
Tómas Óli,45320
Reset-Kalland,45321
Baye,45322
Kalms,45323
Koski,45324
Oiva,45325
Jukkola,45326
Martinec,45327
Matyas,45328
Silhavy,45329
Layousse Samb,45330
Layousse,45331
Ribeiro Tristão,45332
Carolina Tristão,45333
Buonarroti,45334
Vöhringer,45335
Upton,45336
Mwisho,45337
Mhango,45338
Acuña Vera,45339
Tadiwanashe,45340
Kuzamba,45341
Veleten,45342
Awan,45343
Lual,45344
Yandri,45345
Y. Vasquez,45346
Montrell,45347
Culbreath,45348
Pharell,45349
Eymen,45350
Laghrissi,45351
Hodak,45352
Harouna,45353
Djibirin,45354
Minne,45355
Odai,45356
Brenneisen Vargas,45357
Vitor Vargas,45358
Prekodravac,45359
Maieroni,45360
Mutokoyi,45361
Oriola,45362
Gardenier,45363
Noveli,45364
Muteba N'Tumba,45365
Muteba,45366
Aadil,45367
Kaif,45368
Dhruv,45369
Alva,45370
Burtnyk,45371
Le Borgne,45372
Fodé Carlos,45373
Gaspar Pascoal,45374
Fodé Pascoal,45375
Pascoal,45376
Anaru,45377
Stanisic,45378
Helweh,45379
Oyekunle,45380
Jelani,45381
Wallentowitz,45382
Sayin,45383
Zaher,45384
Makkawi,45385
M. Schulz,45386
Roede,45387
Blokhuis,45388
Wijnreder,45389
Ribeiro Alves,45390
Rafael Ribeiro,45391
Tadjidine,45392
Mmadi,45393
Lavelli,45394
Garuccio,45395
Mbula-Monga,45396
Phillis,45397
Krslovic,45398
Lachie,45399
Saglam,45400
Jaspreet,45401
Sirozhiddin,45402
Kuziev,45403
Corean,45404
Holtman,45405
Rodríguez Paz,45406
Manu Rodríguez,45407
Manu R.,45408
Riestra Coalla,45409
Nico Riestra,45410
N. Riestra,45411
D. Gueye,45412
Selton Sued,45413
Sánchez Camilo,45414
Selton,45415
Trollsas Fenger,45416
Moreno Fell,45417
Izhak,45418
Hammoudi,45419
Al-Najar,45420
Theodor,45421
Lundbergh,45422
Vozar,45423
Cárcamo,45424
Jussi,45425
Niska,45426
Bil,45427
Nsongo,45428
Nsongo Bil,45429
Müggenburg,45430
Leveälahti,45431
Antton,45432
Nylund,45433
Gómez Luna,45434
Ainoa Gómez,45435
Martret Jiménez,45436
Laia Martret,45437
Twisk,45438
Khadr,45439
Gulasi,45440
Hensel,45441
Barnaby,45442
Armandas,45443
Raudonis,45444
Keeto,45445
Thermoncy,45446
Dodote,45447
Al Dawood,45448
Aldawood,45449
Al Harrar,45450
J. Marcelino,45451
Y. Ayman,45452
Haughey,45453
Paogoumang,45454
Singson,45455
Aapo,45456
Lamgoulen Gou,45457
Hangshing,45458
Gogou Hangshing,45459
Gogou,45460
Lushendry,45461
Martes,45462
Zwart,45463
Ouarghi,45464
Shaqueel,45465
S. van Persie,45466
Morientes Palencia,45467
Foxe,45468
Matuanana,45469
Tchamda,45470
Odera,45471
Ishuayed,45472
Bettoni,45473
Al Muhaisen,45474
Tache,45475
Cielo,45476
Tschantret,45477
Schlich,45478
Naba,45479
N. Mensah,45480
Kouraklis,45481
Mylo,45482
van der Lans,45483
Legendre Quiñonez,45484
Ferreira Rêgo,45485
Rodrigo Rêgo,45486
Montes García,45487
Jorge Montes,45488
Jykese,45489
Eyyüb,45490
Yasar,45491
Mardochée,45492
Redushko,45493
Tijman,45494
Rusen,45495
Nandja,45496
Cicale,45497
Devitt,45498
Santana dos Santos,45499
Macià Coves,45500
Carlos Macià,45501
Macià,45502
Younes Jaber,45503
El Meftahi,45504
Obougou,45505
Leiva Calvo,45506
Marcos Leiva,45507
Ayo Larrañaga,45508
Unax Ayo,45509
Houssam Kounia,45510
Ait Tamlihat,45511
Houssam,45512
Abdón Naval,45513
Carla Abdón,45514
Sonsoles,45515
Martín Villanueva,45516
Sonsoles Martín,45517
Mattheo,45518
Guendez,45519
Eymard,45520
Iliès,45521
Abdelkrim,45522
Gibs,45523
Erblin,45524
Sadikaj,45525
Jan-Peter,45526
Ilic,45527
Sissokho,45528
Eversen,45529
Jinairo,45530
Quetant,45531
Formoso Neto,45532
José Neto,45533
Salvador Uco Blopa,45534
Salvador Blopa,45535
S. Blopa,45536
Cestero Sancho,45537
Jorge Cestero,45538
Cestero,45539
Marijan,45540
Österreicher,45541
Scutt,45542
Cenny,45543
Milly,45544
Round,45545
Lado,45546
Akhalaia,45547
Priyansh,45548
Dubey,45549
Schjønning-Larsen,45550
Lasse Legolas,45551
Trepy,45552
Ofli,45553
Manuba,45554
Schenten,45555
Ribeiro Duarte,45556
Tiago Duarte,45557
T. Duarte,45558
Staff,45559
Vogler,45560
Tunde Ruiz,45561
Kareem Tunde,45562
K. Tunde,45563
Millgramm,45564
Verkooijen,45565
Agboluaje,45566
Elasri,45567
Schnitzer,45568
Kaltefleiter,45569
Bendito,45570
Mantato,45571
Avlayici,45572
Steinmann,45573
De Abreu,45574
Flax,45575
Acito,45576
Sitroy,45577
M. Georgiev,45578
Ajak,45579
Riak,45580
Krčík,45581
García Mestanza,45582
Alejandro Mestanza,45583
Mestanza,45584
Kontouris,45585
Devlan,45586
Lebas Da Silva,45587
Victor Lebas,45588
Haroun,45589
Ramez,45590
Al Attar,45591
Yifan,45592
Tian Yifan,45593
Tian.Y.F,45594
Borland,45595
Rômulo Helberth,45596
Pereira Júnior,45597
Rômulo Jr.,45598
Ferreira Gonçalves,45599
Flávio Gonçalves,45600
Flávio G.,45601
Fuentes Pérez,45602
Diego Fuentes,45603
Helgesen,45604
Kamber,45605
Gizo,45606
Alysson Edward,45607
F. da R. dos Santos,45608
Alysson,45609
Raif,45610
Sambrook,45611
Alborghetti,45612
Pavlos,45613
Pantelidis,45614
Ademar,45615
Andō,45616
Guilherme Luiz,45617
Saikuba,45618
Jarju,45619
Doni,45620
Arifi,45621
Isife,45622
Irow,45623
Copley,45624
Obah,45625
Kain,45626
Adom,45627
Pil Gwan,45628
Ko Pil Gwan,45629
Pilgwan,45630
Jeong Beom,45631
Son Jeong Beom,45632
Jeongbeom,45633
Beck-Ray,45634
Enoru,45635
Ejike,45636
Julius Opara,45637
O. Ejike,45638
Mathias da Silva,45639
Ricardo Mathias,45640
R. Mathias,45641
Siame,45642
Ibon,45643
Badiola A.,45644
Ibon Badiola,45645
Nahany,45646
Medeiros de Moura,45647
Roni Moura,45648
Vasconcelos Ramos,45649
Troise,45650
Manex,45651
Lozano Carmona,45652
Manex Lozano,45653
Success,45654
Ameyaa,45655
Catalina,45656
Alasia Ongaro,45657
Byrnak,45658
Pichu Cuéllar,45659
Albiol Tortajada,45660
Raúl Albiol,45661
Albiol,45662
Galudio,45663
Bantelicia,45664
Cristofer,45665
Candero,45666
Del Carro,45667
Fuentoza,45668
Luis Pedro,45669
Garriazoz,45670
Isaias,45671
Modonza,45672
Carteldo,45673
Rescondi,45674
Braulio,45675
Deroz,45676
Gaston,45677
Hormaza,45678
Suleziano,45679
Edher,45680
Albavera,45681
Cardenia,45682
Fuengos,45683
Pardaneos,45684
Scatopano,45685
Thiago Claudnei,45686
Zentena,45687
Yerko,45688
Sanpian,45689
Acerval,45690
Naballoz,45691
Mercelán,45692
Andrero,45693
Eladio,45694
Cubildas,45695
Fardenal,45696
Aguileda,45697
Acorada,45698
Arandero,45699
Yesib,45700
Abridego,45701
Goldeiro,45702
Merraño,45703
Rasaldo,45704
Despredal,45705
Lecarnado,45706
Jose Antonio,45707
Ureyano,45708
Gustaldo,45709
Aterola,45710
Gairamos,45711
Nezuñir,45712
Inostros,45713
Baiva,45714
Lozquiz,45715
Grondoña,45716
Thiago Emiliano,45717
Thiago Silva,45718
T.Silva,45719
Fabianski,45720
O. Ustari,45721
Grohe,45722
Marcelo Grohe,45723
Oscar Trejo Jp,45724
S.Romero,45725
Akins,45726
F. Caicedo,45727
António Manuel,45728
Fernandes Mendes,45729
Tomané,45730
de Guzmán,45731
Mata García,45732
Juan Mata,45733
Redmayne,45734
Anders K.,45735
Azpilicueta Tanco,45736
Azpilicueta,45737
Borini,45738
Nzonzi,45739
Lembet,45740
M. Díaz,45741
N. Oliveira,45742
Aridane,45743
Hernández Umpiérrez,45744
Mee,45745
Falkingham,45746
Rafael Cabral,45747
Allan-Roméo,45748
Nyom,45749
Aitor Fernández,45750
Bardi,45751
Portillo Soler,45752
D. Jimenez,45753
Marco Davide,45754
Faraoni,45755
Ings,45756
Verdi,45757
de Moraes,45758
Anselmo M.,45759
Seculin,45760
McAleny,45761
J.Martin,45762
Pajtim,45763
Kasami,45764
Schenkeveld,45765
Nájar,45766
Rashani,45767
Nampalys,45768
Muñiz Gallego,45769
Juan Muñiz,45770
Gómez Solà,45771
Sergi Gómez,45772
Çörekçi,45773
Son Heung Min,45774
M.Bizot,45775
A. Davies,45776
Carlos Javier,45777
Delgado Rodríguez,45778
Carlos Delgado,45779
C.Delgado,45780
Cuesta Díaz,45781
Julián Cuesta,45782
Marcos R.,45783
Roberto Lopes,45784
Onel,45785
Chuks,45786
Aneke,45787
Ruffels,45788
Roussillon,45789
S.Darder,45790
Schwolow,45791
Han Been,45792
Yang Han Been,45793
HanBeen,45794
Turton,45795
Assombalonga,45796
Brillante,45797
Halloran,45798
Tonny,45799
Vilhena,45800
Jose Angel,45801
M'Baye,45802
Brabec,45803
Reach,45804
C. Herrera,45805
Ralls,45806
I.Martínez,45807
S. Rodríguez,45808
Jean-Daniel,45809
Akpa Akpro,45810
Kemar,45811
Roofe,45812
Nouha,45813
Dicko,45814
van Duinen,45815
Denswil,45816
Leo Baptistao,45817
Mvogo,45818
Jefté T.,45819
Toffolo,45820
S. Dursun,45821
Benzia,45822
Dudziak,45823
M. Trigueros,45824
Arrigoni,45825
Al Hafith,45826
A.Fareed,45827
Stępiński,45828
Hörður,45829
Vázquez Iglesias,45830
Lucas Vázquez,45831
Lucas V.,45832
Plano Pedreño,45833
Óscar Plano,45834
José Andrés,45835
Rodriguez Gaitán,45836
Vardy,45837
Bahbri,45838
Westermark,45839
Mollet,45840
Ripart,45841
Mouez,45842
Hassen,45843
Cunha Capocasali Jr,45844
Janoi,45845
Donacien,45846
Buatu M.,45847
Brenet,45848
Pacheco Flores,45849
J. Otto,45850
Cancelo,45851
Y. AlShahrani,45852
Chancel,45853
C.Mbemba,45854
Cebula,45855
Lockyer,45856
Alsalem,45857
Linetty,45858
Higinio Marín,45859
Chung Woon,45860
Donachie,45861
Alex Muñoz,45862
Gagliardini,45863
Ivan Ricardo,45864
Cavaleiro,45865
Ivan Cavaleiro,45866
Angielski,45867
Masuaku,45868
Hakeeb,45869
Adelakun,45870
Joo Won,45871
Kim Joo Won,45872
Kim JooWon,45873
A. Puertas,45874
Johan Mojica,45875
S. Perez,45876
Samir Caetano,45877
de Souza Santos,45878
Tisserand,45879
M. Tisserand,45880
Shephard,45881
Winck,45882
Rúben Afonso,45883
Borges Semedo,45884
Rúben Semedo,45885
R. Semedo,45886
Samatta,45887
Ely Ernesto,45888
Lopes Fernandes,45889
Ely Fernandes,45890
Marcos Felipe,45891
de Freitas Monteiro,45892
Mirnes,45893
Pepić,45894
Minelli,45895
H.Traoré,45896
Oli,45897
McBurnie,45898
Baiano,45899
Aarón Escandell,45900
G. Campi,45901
Vada,45902
Brownhill,45903
Hólmbert Aron,45904
Friðjónsson,45905
Carlos Fdez,45906
Jaïro,45907
Riedewald,45908
Onguéné,45909
Calvert-Lewin,45910
Díaz Mejía,45911
A.Armstrong,45912
Di Plácido,45913
Pastoriza,45914
Taşdemir,45915
Boumous,45916
Al Somah,45917
Somah,45918
Alamri,45919
Paçarada,45920
Dorukhan,45921
Toköz,45922
Eguaras Álvarez,45923
Eguaras,45924
Amrinder,45925
Bernardoni,45926
Tenés,45927
M.Lopez,45928
Toko Ekambi,45929
Tennai,45930
Ramírez Fernández,45931
Dani Ramírez,45932
Santos Martins,45933
Fábio Martins,45934
Pedro Nuno,45935
Fernandes Ferreira,45936
Antalyalı,45937
A. AlKhaibary,45938
Pisseri,45939
Lenogue,45940
Narey,45941
Ibargüen,45942
A. Ibargüen,45943
E. Bailly,45944
Merquelanz,45945
G.Rodriguez,45946
Ramil,45947
Sheydaev,45948
Sheidaev,45949
Lecoeuche,45950
Babajide David,45951
Buendia,45952
Boutobba,45953
Fornals,45954
Namli,45955
Cosgrove,45956
Bruun Larsen,45957
Tadhg,45958
Buș,45959
K.Muqiteb,45960
Manjrekar,45961
Kris,45962
Twardek,45963
Gyu Seong,45964
Lee Gyu Seong,45965
GyuSeong,45966
C. Gonzales,45967
A. Pedraza,45968
Oliván Herrero,45969
Brian Oliván,45970
B. Olivan,45971
Edmilson Jr.,45972
Juan Perez,45973
Rinomhota,45974
Chimy Ávila,45975
Boto.K,45976
Buñuel Redrado,45977
Aitor Buñuel,45978
T.Roberts,45979
Calabria,45980
André da Silva,45981
A.Kante,45982
Park InHyeok,45983
J.Palhinha,45984
Silva Braga,45985
Victor Braga,45986
V. Braga,45987
Ehmann,45988
Robinet,45989
T. Davies,45990
Aït Bennasser,45991
Ait Bennasser,45992
Faitout,45993
Maouassa,45994
L.Nmecha,45995
Tangil,45996
Carreonal,45997
Baumer,45998
Genaro,45999
Orzazabal,46000
Grandi,46001
G.Jesus,46002
Charles-Cook,46003
Jamaan,46004
Gélin,46005
Gelin,46006
Lokilo,46007
Jalil,46008
Diangana,46009
Diang,46010
Ruon,46011
Tongyik,46012
Karamoh,46013
Montiel Caballero,46014
Joni Montiel,46015
Geon Woong,46016
Kim Geon Woong,46017
GeonWoong,46018
R.Williams,46019
Jović,46020
Carlos Ponck,46021
Ponck,46022
Takehiro,46023
Tomiyasu,46024
Takeshi,46025
Kanamori,46026
Jóźwiak,46027
Joon Ho,46028
Hong Joon Ho,46029
JoonHo,46030
Elhan,46031
Kastrati,46032
Blás,46033
Yakou,46034
Méïté,46035
Kim HyeongJin,46036
Lucoqui,46037
Szysz,46038
L.Paquetá,46039
Istúriz,46040
C.Soler,46041
Hohberg,46042
A. Hohberg,46043
Park DaeHoon,46044
J. Ikoné,46045
D.Lamkelze,46046
John Victor,46047
Maciel Furtado,46048
Sung Yun,46049
Gu,46050
Gu Sung Yun,46051
Sánchez Ponce,46052
Salvi Sánchez,46053
T.Martínez,46054
Coucke,46055
Cernigoi,46056
Luis Jesús,46057
Pérez Maqueda,46058
Luis Pérez,46059
L.Pérez,46060
Samassékou,46061
Young Jae,46062
Seo Young Jae,46063
YoungJae,46064
Godinho,46065
Chovanie,46066
Amatkarijo,46067
Agyiri,46068
E. Agyiri,46069
Soldivia,46070
Armán,46071
Rochedo,46072
Brašanac,46073
Ejaria,46074
Mileusnić,46075
Maggiore,46076
Diéguez Grande,46077
Adrián Diéguez,46078
Diéguez,46079
Álvaro Ferllo,46080
Á. Ferllo,46081
Hadžikadunić,46082
Rodríguez Martínez,46083
Juan Rodríguez,46084
J. Rodriguez,46085
Ballo-Touré,46086
B.Touré,46087
Dorrio Ortega,46088
Dorrio,46089
Dorrio O.,46090
Fousseni,46091
F.Diabate,46092
Narro Valero,46093
Víctor Narro,46094
Cucho Hernández,46095
C. Hernández,46096
Won Jae,46097
Park Won Jae,46098
Wonjae,46099
J.Davies,46100
Pașcanu,46101
Al Joui,46102
Taty,46103
Joonsoo,46104
Baldres Hermann,46105
Rafinha,46106
Jameson,46107
Di Nardo,46108
Moutir,46109
Chajia,46110
Azevedo da Silva,46111
Broll,46112
Sicker,46113
Conrado,46114
Buchanelli Holz,46115
Ullmann,46116
Berke Özer,46117
Mboula Queralt,46118
Jordi Mboula,46119
Andreaw,46120
Gravillon,46121
Biankadi,46122
E. Zhegrova,46123
C. Ekuban,46124
Giakoumakis,46125
Renan dos Santos,46126
Pablo Santos,46127
K.Kouao,46128
Nikolai Baden,46129
Baden,46130
Ricardo Luís,46131
Chaby Mangas,46132
Ricardo Mangas,46133
R.C. Mangas,46134
F. Calero,46135
Najjarine,46136
Lavín Rodríguez,46137
Marcos Lavín,46138
Amarilla,46139
Luis A.,46140
Dulca,46141
M.Saracchi,46142
Carballo,46143
F.Carballo,46144
Jamilu,46145
D. Barri,46146
Raba,46147
P. Nolaskoain,46148
Brandáriz Movilla,46149
Chumi,46150
Buades,46151
M.Bayo,46152
Aguirregabiria,46153
Nadalín,46154
Eulânio Ângelo,46155
Chipela Gomes,46156
Nanu,46157
Jaewoo,46158
HyunWoo,46159
Lodico,46160
Puigmal,46161
R. Barbosa,46162
Colmán,46163
Colman,46164
Solan,46165
John-Jules,46166
Carro Nolasco,46167
Marta Carro,46168
M. Carro,46169
Arvin,46170
DongJun,46171
Elves Umar,46172
Elves Baldé,46173
E. Baldé,46174
Freriks,46175
Fornos,46176
GyeongMin,46177
Chang Jun,46178
Park Chang Jun,46179
ChangJun,46180
Vieites,46181
J. David,46182
Ye Sung,46183
Kim Ye Sung,46184
YeSung,46185
Iñíguez,46186
Efkan,46187
Bekiroğlu,46188
Efkan B.,46189
Żukowski,46190
Belkahia,46191
Djitté,46192
Kolgeci,46193
B.Mendy,46194
Odimayo,46195
Lima Linhares,46196
Luquinhas,46197
Aga,46198
Fein,46199
Ribeiro Costa,46200
Lucas Ribeiro,46201
Vitalii,46202
Buialskii,46203
João Sabino,46204
Mendes Neto Saraiva,46205
Krzepisz,46206
Gasparini,46207
Köstenbauer,46208
Omeragic,46209
Tunkar,46210
Bumberger,46211
SiYoung,46212
Pascual Castillo,46213
Martín Pascual,46214
M. Ruiz,46215
M. Loum,46216
DongKyeong,46217
Pane,46218
Fabricio D.,46219
Franco Tavares,46220
Tomás Tavares,46221
Xian,46222
Emmers,46223
Jose Maria,46224
Núñez Martín,46225
Chema Núñez,46226
E. Espiau,46227
Venturi,46228
I. Baba,46229
Vermot,46230
J.C.,46231
Mollejo Carpintero,46232
Mollejo,46233
Adebayo-Smith,46234
Aliseda,46235
M. Doué,46236
Sosa Martín,46237
Ángela Sosa,46238
Martín Sosa,46239
E. Le Fée,46240
Ylldren,46241
Ibrahimaj,46242
Dajaku,46243
K.Cabral,46244
Rasheedat,46245
Ajibade,46246
Anam,46247
Imo,46248
Novillo,46249
Bruno Lourenço,46250
Pinto Almeida Paz,46251
Bruno Paz,46252
Vallejo Avilés,46253
Hugo Vallejo,46254
A.Kader,46255
Neva Tey,46256
Carlos Neva,46257
C. Neva,46258
R. Rojas,46259
J.Ramsey,46260
Campuzano Bonilla,46261
Ihattaren,46262
Busanda,46263
Pacha Espino,46264
J. Brumado,46265
X. Sintes,46266
B.Kotchap,46267
J. Araujo,46268
Pitu,46269
Hitesh,46270
Saviour,46271
Gama,46272
Kamaljit,46273
Lalthathanga,46274
Khawlhring,46275
Torbjørn,46276
Dynel,46277
Simeu,46278
Chergui,46279
Ippolito,46280
Ponces Lourenço,46281
B. Lourenço,46282
Straudi,46283
M. Diarra,46284
Tresaco,46285
J. Álvarez,46286
Vâlceanu,46287
Cordea,46288
Philippe Paulin,46289
Kény,46290
Papeau,46291
Alsafiri,46292
J.Timber,46293
A.Francis,46294
Lô,46295
Abou Lo,46296
Zohoré,46297
Zohore,46298
Pandolfi,46299
Daniliuc,46300
Nizet,46301
R.Nizet,46302
J. Ramírez,46303
Narender,46304
Gahlot,46305
N.Gahlot,46306
R.Mejia,46307
Min Ki,46308
Jeong Min Ki,46309
MinKi,46310
TaeHun,46311
SeongUng,46312
Ratajczyk,46313
Jubril,46314
Okedina,46315
J.Ferreira,46316
S.Lozano,46317
DugKeun,46318
Jae Hwan,46319
Hwang Jae Hwan,46320
JaeHwan,46321
Jean-Lambert,46322
Evan's,46323
Kaique R.,46324
J. Encada,46325
Dasa,46326
R. Abascal,46327
G. Cortez,46328
Tomás Aresta,46329
Machado Ribeiro,46330
Tomás Ribeiro,46331
Raphaël Éric,46332
Messi Bouli,46333
Raphaël Messi Bouli,46334
Messi. B,46335
Praveen,46336
Princeton,46337
Talles Magno,46338
Bacelar Martins,46339
Luna Diale,46340
J. Alcivar,46341
C. Marin,46342
Zoubdi Touaizi,46343
Nabil Touaizi,46344
Nabil Tz.,46345
Căpușă,46346
Cachito,46347
K. Urbański,46348
Seiji,46349
Wonchang,46350
N.Simon,46351
JooHyun,46352
Joelson Augusto,46353
Mendes Mango,46354
Joelson Fernandes,46355
Joelson F.,46356
O.Clemente,46357
Javi M.,46358
InKyun,46359
Facchineri,46360
Barticciotto,46361
A. Meléndez,46362
de Oliveira Barbosa,46363
Diogo Oliveira,46364
Sánchez Sendra,46365
Borbas,46366
T. Borbas,46367
E. Mejía,46368
J.Pacheco,46369
Changi,46370
Schepp,46371
A.Smith,46372
Si Hoo,46373
Hong Si Hoo,46374
SiHoo,46375
Puertas Castro,46376
D.Thiam,46377
Dahlqvist,46378
Ángel Baena,46379
Moirangthem,46380
Thoiba Singh,46381
Thoiba,46382
Vanlalruatfela,46383
Isak Ralte,46384
Ruiz Suárez,46385
Jesús Ruiz,46386
Hannola,46387
Fatar,46388
Caliskaner,46389
Servais,46390
Taranis,46391
Ekitike,46392
B. Domingues,46393
Benchamma,46394
N'Landu,46395
Rubén D.,46396
Nyenetue,46397
Daddys Boy,46398
Mário Ricardo,46399
Silva Velho,46400
Ricardo Velho,46401
R. Velho,46402
Serbanica,46403
Tsoungui,46404
Oro,46405
Diego Duarte,46406
Kewin,46407
Kewin Silva,46408
Vrakas,46409
Krastev,46410
V. Meseguer,46411
Kullashi,46412
Lovato,46413
A. Fortuño,46414
Doums,46415
Victor Chust,46416
S. Smith,46417
Mousa,46418
N.Jackson,46419
Batna,46420
K.Sène,46421
Cañizares Conchello,46422
Cañizares,46423
Shammari,46424
Muñóz,46425
Muheet,46426
Shabir,46427
Fardin Ali,46428
Md.Fardin,46429
Cancar,46430
Stretton,46431
A. Millan,46432
K.Smith,46433
Jaehyuk,46434
D.Guindo,46435
Kim Daewoo,46436
SangHyuk,46437
Issah,46438
Jeong Sang Bin,46439
Sung Su,46440
Park Sung Su,46441
Park SungSu,46442
Kang Joon,46443
Heo Kang Joon,46444
Kangjoon,46445
Tongya,46446
Lachuer,46447
David Datro,46448
JinSeong,46449
Han-Beom,46450
Taeseok Lee,46451
Lee Junseo,46452
Kyungho,46453
Pavlic,46454
Awe,46455
D.J.,46456
Redzic,46457
E. Eto´o,46458
D.Essugo,46459
Omar El Hilali,46460
Severina,46461
B.Traore,46462
K.Nagera,46463
Enric Llansana,46464
C. Medina,46465
M. Gutiérrez,46466
Y. Kembo,46467
H.Keita,46468
Blendi,46469
Idrizi,46470
Braut Brunes,46471
S. Cardona,46472
Loreintz,46473
D. Figueira,46474
Rubén S.,46475
Koldo,46476
Obieta Alberdi,46477
Koldo Obieta,46478
Lewald,46479
Nejašmić,46480
S. Jurić,46481
S. Biuk,46482
M. Bouldini,46483
Peder Hoel,46484
Lervik,46485
Sousa Albino,46486
David Sousa,46487
Sambu,46488
Marsoni,46489
Onyango,46490
Ziyad.M,46491
Godfried,46492
Łęgowski,46493
Kim Hyeon Woo,46494
Tomeo Félez,46495
Pablo Tomeo,46496
Tomeo,46497
Démouchy,46498
T. Çukur,46499
Capellini,46500
F. Conceição,46501
Rodrigo Conceição,46502
R. Conceição,46503
Roberto Fernández,46504
Pinheiro Monteiro,46505
Diogo Monteiro,46506
Alsanbi,46507
Sjøeng,46508
Jonathan Dubasin,46509
Sâyoud,46510
Sayoud,46511
Al Mhoass,46512
Momoh,46513
Nmai,46514
Antef,46515
Vidal Girona,46516
Marc Vidal,46517
Moreno San Vidal,46518
Jorge Moreno,46519
Jorge More,46520
Muniz,46521
Drissa,46522
Ez Abde,46523
Vergani,46524
Ringo,46525
Meerveld,46526
Pond,46527
Strelec,46528
L. Williams,46529
Cristhian Mosquera,46530
Picaud-Inconnu,46531
Laurina,46532
Fazer,46533
Plattner,46534
Laidani,46535
Ayane,46536
Lembikisa,46537
P. Rodriguez,46538
A. Oyón,46539
I. Akhomach,46540
Gbodé,46541
Manveer,46542
Alex Sala,46543
Ferran Jutglà,46544
Fleury L,46545
Célya,46546
Barclais,46547
Cosette,46548
Morché,46549
Iranzo Lendínez,46550
Rubén Iranzo,46551
Rubo,46552
Yepes Laut,46553
Gerard Yepes,46554
Laso Gutiérrez,46555
Lucas Laso,46556
Jogo,46557
Tomkinson,46558
ShinJin,46559
Detlef,46560
Esapa Osong,46561
Min Geu,46562
Kang Min Geu,46563
MinGeu,46564
A.Ramsey,46565
Foti,46566
Kalinauskas,46567
J. Mendes,46568
Seung Hwan,46569
Lee Seung Hwan,46570
SeungHwan,46571
GyeongHyeon,46572
M. Suarez,46573
Dijan,46574
Vukojević,46575
De Nipoti,46576
O. Cortés,46577
L. Zarate,46578
Odhiambo,46579
Gannon-Doak,46580
Boureille,46581
Cantore,46582
Gramaglia,46583
Wi Je,46584
Cho Wi Je,46585
Wije,46586
N.Asiri,46587
Deossa,46588
N. Deossa,46589
Hyunho,46590
Røsten,46591
Goh Dong Min,46592
DongMin,46593
Héloïse,46594
Mansuy,46595
Marcucci,46596
Quispe,46597
P. Quispe,46598
V. Gómez,46599
López Gallo,46600
Andrés Castrín,46601
A. Castrín,46602
Gagnidze,46603
Cheolwoo,46604
Kabuye,46605
D.Pizarro,46606
Garang,46607
G. Kuol,46608
Guellati,46609
Youstin,46610
S.Davi,46611
Al Amin,46612
Alaaeldin,46613
Alaadin,46614
Zilli,46615
Duca,46616
Fagerberg,46617
J. Bartel,46618
Anchor,46619
Antonetti,46620
Pinguet,46621
Nanii,46622
Diego Glez.,46623
Alti,46624
A. Alti,46625
Wasiri,46626
A. Forés,46627
Sigurdardottir,46628
Makki,46629
Eslam,46630
Y.AlNaji,46631
Vítek,46632
Øy,46633
Aiki,46634
Isak Hagen,46635
Aalberg,46636
Vergés,46637
J. Vergés,46638
Loune,46639
Moğultay,46640
Anhari,46641
A.Alanzi,46642
Bagalianis,46643
Bela,46644
Dumrath,46645
Warshawsky,46646
Biondic,46647
Z Hawsawi,46648
Dickov,46649
Vilarrasa Palacios,46650
Vilarrasa,46651
I. Vilarrasa,46652
Diego Gabriel,46653
Silva Rosa,46654
Diego Rosa,46655
Yuliwes,46656
Bellache,46657
Massolin,46658
Abo Abd,46659
M.Boabed,46660
Klismahn,46661
Gustavo Klismahn,46662
Rafael B.,46663
Thiago Ojeda,46664
M.Fernandes,46665
Hugo Perez,46666
El-Abdellaoui,46667
Mazilu,46668
Picornell,46669
Üstündağ,46670
Vukancic,46671
Olakigbe,46672
Oliveri,46673
Abundance,46674
Salaou,46675
Paya,46676
Pichkah,46677
Fontanarosa,46678
Jayder,46679
J. Asprilla,46680
H.Alsibyani,46681
Marezi,46682
Mark Nnamdi,46683
Ugboh,46684
Blănuță,46685
Blanuta,46686
Maico,46687
Abdulazeez,46688
Abdelmounaim,46689
Boutouil,46690
Bajcetic,46691
P. Fernandez,46692
S.Lloris,46693
Carbonell Muñoz,46694
Estela Carbonell,46695
Pierina,46696
Alguacil,46697
M.Portales,46698
Kanteh Cham,46699
L. Martínez,46700
Judith C.,46701
Sarasola,46702
Koko Ange,46703
Encarnación,46704
Jiménez Navarro,46705
Encarni,46706
G. Soliveres,46707
Kardesler,46708
Kucharski,46709
López Soria,46710
Jesús López,46711
Jesús L.,46712
Álvaro Rodríguez,46713
Diego Mendez,46714
D. Pérez,46715
Mestre Sánchez,46716
Sergio Mestre,46717
Mestre,46718
Nibe,46719
Raillot,46720
Fernández González,46721
Javier Fernández,46722
Taite,46723
Holtam,46724
Lyu J.Q.,46725
Al Rajih,46726
M.Gimenez,46727
Yong Hak,46728
Kim Yong Hak,46729
Yonghak,46730
Lührs,46731
Alemañ,46732
P. Alemañ,46733
Abaldo,46734
Chinchilla,46735
P. Chinchilla,46736
K.Taylor,46737
Jyllissa,46738
Ntamack,46739
Tobi,46740
Panayotou,46741
Diego AV,46742
L. Rodríguez,46743
Mellon,46744
Thiego,46745
Bangera,46746
Artaduaga,46747
Cundumín,46748
Amarilio,46749
Paillalev,46750
G. Nogueira,46751
Strumia,46752
Lily-Ava,46753
Beiler,46754
Pailmeiras,46755
Ahn Jae Min,46756
Kim Sung Dong,46757
Sungdong,46758
G.Puerta,46759
M.Hurboush,46760
Soonsup-Bell,46761
Tornich,46762
Alemão,46763
A. Gomes,46764
Bertolissio,46765
Gi Hyun,46766
Park Gi Hyun,46767
GiHyun,46768
Brodi,46769
A. Matturro,46770
Korać,46771
Santirano,46772
Donadinna,46773
Sives,46774
Sarnoga,46775
Parraso,46776
Maluenda,46777
F.Gelli,46778
Kostis,46779
S.Velásquez,46780
Rindov,46781
Jung Jae Min,46782
Izekor,46783
Tim-Justin,46784
Bauress,46785
Jang Si Young,46786
K.Paez,46787
Labrínez,46788
Myeongkwan,46789
Kim Seung Ho,46790
Seungho,46791
Kabaiev,46792
Cristhoper,46793
Uppenberg,46794
Demjén,46795
Fumaça Mascarenhas,46796
Masca,46797
Børset,46798
L. Vušković,46799
Livano,46800
Comenencia,46801
Amasifuén,46802
Ouro-Tagba,46803
Trevan,46804
M.Patouillet,46805
J. Pascual,46806
Brais M.,46807
Strata,46808
Ben Hamed,46809
Ben Toure,46810
Alshweirkh,46811
Pietrelli,46812
Alelewah,46813
E. Pizarro,46814
Roslyng,46815
Lecolier,46816
Daho,46817
Hormigo Iturralde,46818
Hormigo,46819
I.Olawoyin,46820
Jochem,46821
van de Kamp,46822
Markou,46823
Abiodun,46824
Yegoian,46825
Leon-Oumar,46826
Wechsel,46827
Arrasco,46828
Bajlicz,46829
Creț,46830
Cret,46831
Tomás Alejandro,46832
Ashangbam Singh,46833
Donát,46834
Decoene,46835
Nkoa,46836
Abdulellah,46837
Casey Yujin,46838
Phair,46839
Casey Phair,46840
Loide António,46841
Loide Augusto,46842
L.Augusto,46843
Alsubaie,46844
N. Mendy,46845
Álvaro N.C.,46846
Salray An,46847
Camil,46848
Jebara,46849
Zurawski,46850
A.Moreira,46851
Román González,46852
Miguel Román,46853
M. Román,46854
Carlos E.,46855
Kedie,46856
Jankovska,46857
Joël Marcel,46858
Ranjeet,46859
Pandre,46860
Alan Tobías,46861
A. Cerrato,46862
Álvaro M.,46863
B.Chhetri,46864
Luan Campos,46865
Ha Jun,46866
Kim Ha Jun,46867
HaJun,46868
Hernes,46869
Edna Imade,46870
AlZubaidi,46871
Darsi,46872
A. Darsi,46873
A.Fallatah,46874
Nosa,46875
Holte,46876
Asamoah Jr,46877
Natan Bernardo,46878
Sernelius,46879
Chhunga Hmar,46880
Hazim,46881
A.Bojang,46882
J. Colwill,46883
Heide,46884
Facu,46885
D.Soumare,46886
Everson Junior,46887
Everson JR,46888
Sersanti,46889
van Zwam,46890
Altena,46891
Egbring,46892
Stolnik,46893
Araoye,46894
Kaprálik,46895
Zuccon,46896
F. Peralta,46897
Swiderski,46898
Lahmadi,46899
J. Benito,46900
Santi G.,46901
A. Lozano,46902
Kochen,46903
Kamari,46904
M. Jaouab,46905
Weidmann,46906
Garriel Múñoz,46907
Iván Garriel,46908
I. Garriel,46909
Bramel,46910
Van Neck,46911
Al Rammah,46912
Avella,46913
MacNicol,46914
Jimmy-Jay,46915
Malamine,46916
Efekele,46917
Stutter,46918
Theiner,46919
Stabile,46920
Westh,46921
Dönmezer,46922
Mohamed Hassan,46923
Guilherme Sousa,46924
Guilherme F.,46925
Iribarne Alemán,46926
Bruno Iribarne,46927
Goyeneche,46928
Cravero,46929
Mendoza Martínez,46930
R. Mendoza,46931
M. Maroto,46932
Donley,46933
Axede,46934
Kalipha,46935
Jawla,46936
Granström,46937
Deniz Gul,46938
El Jebari,46939
Ture,46940
Makenzie,46941
Niño,46942
Álvaro Carrillo,46943
Bamidele,46944
Pearlman,46945
Sellars-Fleming,46946
Tomás Pérez,46947
Senan,46948
Boaz,46949
Broekmans,46950
Gooijer,46951
Brandes,46952
Atcheson,46953
Akeel,46954
Alamara,46955
Djabi,46956
Jordi Martin,46957
O.Sadik,46958
Nolhan,46959
Courtens,46960
Aristizábal,46961
Adam B.,46962
Damián Rodríguez,46963
Menéndez Secades,46964
Dieguito,46965
Beres,46966
Dongmo,46967
María Luisa,46968
García Antolín,46969
Duffus,46970
Mbick,46971
Vendaza,46972
Arcilado,46973
Veznera,46974
Herranes,46975
Romales,46976
Raul Mateo,46977
Alcoba,46978
Ardero,46979
Hernandero,46980
Ramiro Enzo,46981
Peñazco,46982
Bassedi,46983
Dalsaro,46984
Rendelo,46985
Nieldo,46986
Adelos,46987
Acuestano,46988
Crudelado,46989
Baallal,46990
Romero Morilla,46991
Rafa Romero,46992
Mendicino,46993
Mouquet,46994
Del Lungo,46995
Bragg,46996
O'hanlon,46997
Aingeru,46998
Olabarrieta Capelo,46999
Olabarrieta,47000
Tristán Jiménez,47001
Tristán,47002
Susoho Sissoho,47003
Mahamadou Susoho,47004
Susoho,47005
Nadelia,47006
Francisco Diogo,47007
Pereira Silva,47008
Francisco Silva,47009
Francisco S.,47010
G. Moscardo,47011
Menéndez Agudín,47012
Pablo Agudín,47013
Agudín,47014
Hugo Félix,47015
Alouis,47016
Diriken,47017
Otorbi Ejededawe,47018
David Otorbi,47019
Otorbi,47020
Leal Siqueira,47021
Gui Siqueira,47022
Siqueira,47023
Julià Martínez,47024
Carla Julià,47025
D. Nandín,47026
Felipe A.,47027
Jura,47028
