competitionid,goals,redcards,appearances,assists,cleansheets,artificialkey,playerid,yellowcards
1,2,0,15,4,0,0,70860,3
1,9,0,31,5,0,1,71110,6
1,3,1,28,5,0,2,71170,4
1,0,1,6,0,0,3,71342,1
1,0,0,27,1,0,4,73125,6
1,8,0,26,3,0,5,73298,3
1,1,1,28,3,0,6,73301,4
1,2,0,31,2,0,7,73364,6
1,7,1,27,1,0,8,73366,4
1,4,2,25,1,0,9,73645,4
1,2,0,2,0,0,10,78909,1
1,0,0,28,0,7,11,132740,0
1,0,0,10,0,2,12,172553,0
1,20,0,32,0,0,13,191083,2
1,4,0,24,3,0,14,193283,8
1,0,0,32,0,6,15,200209,0
1,3,0,19,4,0,16,201943,4
1,8,0,27,7,0,17,203362,1
1,0,0,33,0,6,18,204424,2
1,0,0,30,6,0,19,207886,3
1,3,0,29,4,0,20,208564,9
1,0,0,14,0,1,21,209957,1
1,2,0,23,1,0,22,210625,7
1,0,0,24,1,4,23,210642,2
1,1,0,31,2,0,24,210646,6
1,0,0,30,0,5,25,210715,0
1,2,0,22,0,0,26,212121,5
1,1,0,28,2,0,27,213530,6
1,0,1,6,0,0,28,213959,1
1,3,0,26,0,0,29,215686,10
1,0,1,1,0,0,30,215693,0
1,1,0,15,4,0,31,224067,4
1,8,0,19,2,0,32,224389,4
1,12,0,24,1,0,33,224438,5
1,6,0,29,5,0,34,224483,1
1,0,1,16,0,0,35,225948,3
1,0,1,30,0,8,36,228505,0
1,1,0,24,2,0,37,229150,7
1,0,1,29,3,0,38,231233,2
1,1,0,2,0,0,39,231390,0
1,0,0,14,0,5,40,234658,1
1,6,0,30,6,0,41,236883,5
1,0,0,17,0,4,42,238060,0
1,3,0,20,5,0,43,242612,1
1,2,1,15,3,0,44,243283,4
1,10,0,32,5,0,45,243371,0
1,15,0,30,2,0,46,243646,1
1,1,1,22,3,0,47,244181,5
1,0,1,17,3,0,48,246014,2
1,1,0,32,2,0,49,246434,7
1,0,0,22,0,5,50,246704,0
1,0,1,12,0,7,51,248478,2
1,0,0,14,0,2,52,248696,0
1,2,0,26,4,0,53,250853,7
1,1,0,24,1,0,54,251201,6
1,1,0,20,1,0,55,251629,6
1,12,0,32,4,0,56,255185,3
1,3,0,23,0,0,57,255211,5
1,14,0,32,12,0,58,255464,2
1,0,0,18,0,2,59,256742,0
1,8,1,30,2,0,60,256746,4
1,3,0,23,6,0,61,256933,0
1,17,0,29,5,0,62,257167,4
1,1,0,19,7,0,63,257259,1
1,9,0,28,3,0,64,257972,1
1,11,0,26,5,0,65,259130,3
1,13,0,25,1,0,66,260896,1
1,0,1,17,0,0,67,261670,0
1,0,0,31,0,5,68,262295,0
1,0,0,3,0,1,69,262516,0
1,10,0,25,7,0,70,262538,4
1,0,0,14,3,0,71,262541,5
1,3,0,16,4,0,72,262794,4
1,2,0,23,5,0,73,263672,5
1,1,0,19,2,0,74,263711,5
1,9,0,27,2,0,75,264263,1
1,2,0,31,2,0,76,264502,6
1,1,0,30,6,0,77,264822,1
1,2,1,22,2,0,78,270536,0
1,0,0,1,0,1,79,271112,0
1,15,0,33,4,0,80,271320,2
1,3,1,27,3,0,81,272932,4
1,11,0,28,3,0,82,277211,3
1,3,1,24,2,0,83,278012,5
1,2,1,29,3,0,84,278359,3
4,2,0,23,5,0,85,70427,2
4,1,1,7,0,0,86,71191,1
4,0,0,33,0,5,87,71641,3
4,0,1,8,0,0,88,72912,2
4,4,1,33,6,0,89,72954,1
4,19,0,34,4,0,90,73070,9
4,16,0,34,5,0,91,74896,3
4,2,0,27,1,0,92,74963,8
4,0,0,35,0,10,93,173426,2
4,0,1,17,2,0,94,183491,4
4,0,0,40,0,20,95,184167,2
4,1,2,28,2,0,96,185349,9
4,0,0,38,0,17,97,200059,1
4,10,0,39,13,0,98,200155,4
4,13,1,32,3,0,99,200429,3
4,1,0,33,1,0,100,201438,9
4,14,0,40,6,0,101,204060,2
4,0,0,19,0,8,102,204308,2
4,0,0,26,0,11,103,204549,1
4,0,0,11,0,3,104,209293,0
4,1,0,30,2,0,105,210044,11
4,0,0,35,3,0,106,210831,12
4,0,1,25,0,0,107,221269,1
4,0,0,7,0,2,108,222263,0
4,9,0,29,5,0,109,223933,2
4,1,1,23,0,0,110,225487,5
4,0,1,17,1,0,111,226431,4
4,11,0,34,7,0,112,226537,9
4,18,0,31,1,0,113,228687,1
4,0,0,34,0,8,114,231413,1
4,1,1,14,0,0,115,233225,1
4,2,1,35,0,0,116,233230,10
4,2,0,23,5,0,117,233965,3
4,9,0,26,3,0,118,234683,0
4,14,0,39,3,0,119,235242,10
4,0,0,39,0,10,120,235629,1
4,3,1,38,7,0,121,235661,10
4,3,0,18,5,0,122,236918,0
4,0,1,30,1,0,123,236947,9
4,10,0,17,1,0,124,237254,3
4,3,1,35,6,0,125,237337,4
4,0,0,38,0,11,126,243294,5
4,1,1,33,7,0,127,244889,4
4,1,1,23,1,0,128,246284,6
4,0,0,4,0,2,129,246740,0
4,9,1,31,2,0,130,247539,4
4,0,0,20,0,0,131,247771,9
4,21,0,33,4,0,132,251156,9
4,2,0,27,2,0,133,251466,8
4,7,0,35,6,0,134,251575,6
4,5,0,28,7,0,135,252108,1
4,0,0,41,0,10,136,254803,1
4,4,1,25,5,0,137,255241,3
4,7,0,22,5,0,138,255460,2
4,1,2,31,0,0,139,255558,6
4,16,1,38,9,0,140,256948,4
4,0,1,24,0,7,141,258763,1
4,21,0,40,5,0,142,258911,2
4,0,2,31,2,0,143,259043,6
4,8,0,37,8,0,144,260570,1
4,1,0,30,7,0,145,261312,9
4,1,0,27,6,0,146,261531,9
4,0,0,27,1,11,147,262265,0
4,1,0,40,6,0,148,262925,6
4,0,1,24,0,0,149,263549,6
4,0,0,21,0,6,150,263922,2
4,5,1,29,8,0,151,264201,6
4,10,0,36,3,0,152,265800,2
4,0,0,22,0,3,153,269752,0
4,0,0,19,0,5,154,269795,0
4,0,1,21,0,5,155,270821,0
4,9,0,33,1,0,156,270905,4
4,0,1,21,1,0,157,270923,2
4,0,2,38,0,0,158,271032,4
4,0,2,8,0,0,159,271205,1
4,8,0,32,1,0,160,271979,9
4,3,1,23,0,0,161,272407,4
4,0,0,17,1,3,162,273047,0
4,16,0,29,2,0,163,273915,3
4,0,0,38,3,0,164,274057,9
4,9,0,28,3,0,165,275051,5
4,13,0,39,2,0,166,275401,9
4,3,0,33,0,0,167,277022,9
4,1,1,23,0,0,168,277180,5
4,7,0,36,7,0,169,277975,6
10,1,0,30,1,0,170,72972,6
10,9,0,24,2,0,171,73949,0
10,0,1,26,0,0,172,74344,3
10,0,1,15,0,0,173,74411,1
10,0,0,24,1,11,174,162328,0
10,9,0,27,8,0,175,181458,4
10,1,0,28,4,0,176,183711,6
10,0,1,17,0,0,177,188621,1
10,14,0,31,8,0,178,189805,3
10,0,0,6,0,3,179,190778,0
10,0,0,31,0,11,180,199833,0
10,0,1,26,2,0,181,200122,7
10,3,0,31,2,0,182,207725,6
10,0,0,28,0,10,183,210832,1
10,1,1,18,0,0,184,213839,0
10,0,0,34,0,9,185,215223,0
10,0,0,3,0,2,186,215546,0
10,0,0,16,0,3,187,218212,1
10,0,0,29,1,10,188,223686,2
10,10,0,24,2,0,189,223689,2
10,0,0,34,1,6,190,224241,2
10,9,1,26,0,0,191,224324,2
10,1,0,30,6,0,192,225863,2
10,4,1,18,2,0,193,226539,1
10,1,0,34,1,0,194,227794,10
10,10,0,33,2,0,195,230737,2
10,0,1,29,6,0,196,233178,3
10,10,0,32,11,0,197,235663,2
10,13,0,30,0,0,198,237807,3
10,10,1,26,6,0,199,237895,5
10,0,1,10,0,0,200,238840,0
10,0,0,31,0,7,201,239272,1
10,11,0,29,10,0,202,239380,1
10,0,0,18,0,4,203,240123,0
10,0,0,25,6,0,204,241509,1
10,1,0,18,1,0,205,241693,6
10,0,0,16,0,5,206,244218,0
10,0,0,32,0,5,207,244256,2
10,0,0,30,2,6,208,244676,0
10,27,0,35,7,0,209,244728,3
10,14,0,30,2,0,210,245902,0
10,5,0,34,7,0,211,247120,1
10,4,0,34,7,0,212,247209,2
10,6,0,32,15,0,213,247447,1
10,2,1,21,0,0,214,247931,1
10,0,0,1,0,1,215,248478,0
10,2,2,29,0,0,216,250813,9
10,0,0,32,0,7,217,250916,5
10,11,0,18,2,0,218,251223,1
10,4,0,30,3,0,219,251810,6
10,1,0,29,3,0,220,251812,9
10,0,1,11,0,0,221,252169,1
10,6,0,33,0,0,222,252382,7
10,1,1,22,2,0,223,252383,1
10,1,0,27,8,0,224,253109,3
10,12,0,25,3,0,225,253399,2
10,0,0,34,1,6,226,253442,1
10,6,0,30,7,0,227,254789,5
10,1,0,33,0,0,228,255449,9
10,10,0,26,5,0,229,256800,4
10,12,0,26,2,0,230,256853,2
10,6,0,31,4,0,231,258500,7
10,1,0,26,1,0,232,259163,6
10,11,0,29,11,0,233,259480,2
10,1,0,36,7,0,234,260076,4
10,8,0,33,4,0,235,260523,8
10,1,1,18,0,0,236,261249,3
10,2,1,32,7,0,237,262221,4
10,1,1,21,1,0,238,262222,1
10,2,0,34,8,0,239,262473,3
10,0,0,33,0,10,240,263798,0
10,0,1,13,0,0,241,264248,3
10,9,0,30,1,0,242,265450,1
10,13,0,29,0,0,243,267974,2
10,0,1,13,0,0,244,268106,1
10,1,1,23,1,0,245,268450,7
10,3,1,25,4,0,246,269153,5
10,1,1,32,0,0,247,269246,7
10,2,1,26,6,0,248,271266,2
10,16,0,34,10,0,249,271400,0
10,0,0,30,0,9,250,272958,0
10,1,1,28,4,0,251,273752,9
10,0,0,34,0,7,252,275856,0
10,5,0,29,2,0,253,275867,8
10,1,0,33,0,0,254,276632,7
10,0,0,34,2,0,255,277672,11
10,0,1,12,0,0,256,277968,1
10,1,1,15,0,0,257,278338,1
10,1,1,24,0,0,258,278628,5
13,20,0,36,3,0,259,192123,1
13,0,0,38,1,5,260,192563,5
13,4,0,28,7,0,261,192985,2
13,0,0,26,0,4,262,193105,0
13,2,1,25,0,0,263,195202,3
13,1,0,37,1,0,264,198032,11
13,0,0,38,0,13,265,199641,4
13,7,0,30,9,0,266,200104,1
13,0,0,13,0,3,267,200159,1
13,1,2,19,0,0,268,202697,2
13,0,1,37,0,8,269,202811,5
13,0,0,28,0,8,270,203841,2
13,12,0,38,3,0,271,204838,4
13,0,0,38,1,12,272,204935,7
13,1,1,24,2,0,273,205569,2
13,8,0,35,12,0,274,206085,4
13,0,0,33,3,0,275,206516,11
13,0,0,31,0,8,276,206585,3
13,0,1,8,0,0,277,207807,0
13,29,0,38,18,0,278,209331,1
13,4,1,34,0,0,279,210047,9
13,0,0,26,4,10,280,210257,4
13,0,0,37,2,7,281,211738,1
13,8,2,36,10,0,282,212198,3
13,0,0,29,0,7,283,212442,2
13,0,0,28,0,9,284,212831,0
13,2,0,29,3,0,285,213884,9
13,0,0,33,1,0,286,213991,9
13,0,0,10,0,5,287,220407,0
13,9,0,31,7,0,288,220697,6
13,0,0,38,0,13,289,220901,3
13,16,0,38,8,0,290,221697,2
13,3,0,30,8,0,291,222665,4
13,4,0,29,3,0,292,223334,10
13,0,1,19,0,0,293,224081,4
13,13,0,34,8,0,294,224371,1
13,7,1,28,2,0,295,225193,2
13,0,0,34,0,9,296,226753,0
13,2,0,26,0,0,297,227535,9
13,0,0,32,0,10,298,228789,5
13,0,0,36,10,0,299,229348,8
13,0,1,22,1,0,300,231485,3
13,0,0,38,0,11,301,233306,3
13,23,0,34,6,0,302,233731,1
13,4,0,33,0,0,303,233927,10
13,4,1,35,7,0,304,234378,5
13,19,0,35,4,0,305,234824,5
13,2,0,35,7,0,306,235456,3
13,2,0,35,1,0,307,235642,10
13,8,0,34,8,0,308,235794,1
13,0,1,28,1,0,309,235844,7
13,7,1,34,8,0,310,236015,9
13,14,0,37,2,0,311,236461,2
13,0,0,30,2,0,312,236699,12
13,12,0,34,6,0,313,236920,8
13,3,1,29,1,0,314,236988,4
13,4,0,37,5,0,315,237646,10
13,0,0,34,1,0,316,237819,9
13,14,0,35,4,0,317,238756,4
13,22,0,31,3,0,318,239085,2
13,0,0,24,0,4,319,240091,1
13,1,0,27,0,0,320,240097,12
13,15,0,33,6,0,321,240243,4
13,0,0,10,0,4,322,240913,0
13,13,0,36,5,0,323,241084,2
13,11,0,37,5,0,324,241236,9
13,2,0,38,10,0,325,241508,2
13,1,1,23,2,0,326,241842,3
13,20,0,38,7,0,327,243014,3
13,1,1,25,2,0,328,243702,2
13,0,1,7,0,0,329,245729,1
13,6,0,25,10,0,330,246669,3
13,7,1,20,0,0,331,247172,3
13,1,1,24,0,0,332,250954,2
13,11,0,33,3,0,333,251421,5
13,10,1,27,6,0,334,252042,4
13,1,0,29,2,0,335,253306,11
13,2,0,37,6,0,336,254243,10
13,1,0,38,2,0,337,256079,11
13,6,0,38,11,0,338,257470,1
13,15,0,37,8,0,339,257534,7
13,0,0,36,1,7,340,258498,6
13,12,0,37,2,0,341,259031,12
13,8,0,37,10,0,342,260247,10
13,11,0,38,2,0,343,260926,3
13,2,1,21,0,0,344,261336,3
13,1,0,29,8,0,345,270409,3
13,1,1,28,2,0,346,271574,3
13,0,1,12,0,0,347,277432,3
13,3,0,32,2,0,348,278349,10
13,1,2,23,0,0,349,278773,3
14,12,0,37,0,0,350,74865,2
14,0,1,45,1,10,351,188400,3
14,1,1,17,1,0,352,192231,4
14,3,1,18,0,0,353,202693,2
14,0,1,16,0,0,354,205054,0
14,7,0,42,14,0,355,206083,6
14,0,0,45,0,9,356,206218,2
14,12,1,34,1,0,357,206518,1
14,5,0,33,6,0,358,210644,4
14,0,0,46,0,14,359,213413,0
14,1,2,35,1,0,360,215638,6
14,0,0,35,0,7,361,216325,1
14,13,0,44,5,0,362,219216,8
14,4,0,41,3,0,363,220019,11
14,18,0,42,6,0,364,220659,5
14,0,0,48,0,10,365,220807,3
14,3,0,33,4,0,366,220940,10
14,11,0,32,3,0,367,221692,3
14,2,0,48,8,0,368,221982,9
14,0,1,37,0,12,369,222514,6
14,2,2,37,1,0,370,223159,5
14,0,0,30,0,11,371,223909,2
14,0,1,25,4,0,372,224265,7
14,0,0,35,2,0,373,225071,12
14,3,0,37,7,0,374,225748,6
14,0,3,26,1,0,375,227995,3
14,2,0,44,3,0,376,228151,11
14,0,1,21,0,0,377,229901,3
14,12,0,36,9,0,378,232104,4
14,6,0,44,1,0,379,232412,12
14,2,0,45,7,0,380,232759,7
14,2,0,39,1,0,381,233276,11
14,11,0,42,3,0,382,233941,8
14,5,1,25,0,0,383,234229,8
14,2,0,38,1,0,384,234319,11
14,10,0,44,8,0,385,234741,13
14,12,0,26,2,0,386,235161,2
14,4,1,37,1,0,387,236344,10
14,3,1,41,1,0,388,236524,11
14,11,0,29,3,0,389,237295,3
14,0,0,45,0,13,390,238070,1
14,2,0,28,6,0,391,238490,2
14,12,0,29,1,0,392,238743,1
14,12,0,35,4,0,393,239373,3
14,0,0,35,2,8,394,239898,1
14,0,0,40,0,13,395,240595,3
14,10,0,32,2,0,396,240673,10
14,11,0,36,2,0,397,240783,3
14,0,0,46,0,23,398,240987,3
14,4,0,32,10,0,399,241184,7
14,1,1,18,1,0,400,241411,1
14,1,0,48,8,0,401,241419,1
14,0,0,46,0,14,402,241643,4
14,15,0,32,5,0,403,242075,3
14,0,0,39,0,21,404,242656,0
14,2,0,33,5,0,405,242794,11
14,0,0,41,0,13,406,243373,1
14,1,0,29,0,0,407,243520,10
14,8,0,43,7,0,408,243669,3
14,1,0,39,1,0,409,244050,11
14,12,0,45,2,0,410,244296,2
14,6,0,44,4,0,411,244591,12
14,0,0,45,0,14,412,246417,3
14,10,0,39,12,0,413,246791,3
14,0,0,40,0,9,414,247022,2
14,19,0,46,7,0,415,247249,2
14,13,0,46,2,0,416,247335,10
14,0,0,16,0,6,417,247611,2
14,12,0,44,1,0,418,250816,3
14,10,0,45,12,0,419,251690,3
14,12,0,45,11,0,420,252066,6
14,0,1,25,1,0,421,252555,7
14,18,0,41,4,0,422,252929,8
14,2,2,27,0,0,423,253034,7
14,5,2,38,3,0,424,253407,7
14,0,0,28,0,8,425,255976,1
14,7,0,44,6,0,426,257063,12
14,3,0,29,6,0,427,258165,0
14,13,0,36,1,0,428,261283,2
14,0,0,45,0,29,429,263063,8
14,1,0,40,7,0,430,263390,11
14,1,1,24,0,0,431,264299,3
14,4,0,45,14,0,432,264371,4
14,0,1,19,0,0,433,264509,2
14,3,1,47,6,0,434,266400,11
14,3,0,24,7,0,435,266815,7
14,1,1,19,0,0,436,268606,0
14,3,1,18,1,0,437,268927,3
14,0,1,3,0,0,438,270140,0
14,4,1,43,3,0,439,270964,11
14,0,1,6,0,0,440,271983,0
14,0,0,38,0,9,441,273621,2
14,2,0,46,7,0,442,275785,3
14,0,0,38,4,0,443,275988,10
14,0,1,8,0,0,444,278193,1
16,9,0,28,0,0,445,70415,2
16,1,0,27,0,0,446,70768,11
16,0,1,7,0,0,447,74476,2
16,0,1,11,1,0,448,76246,0
16,0,1,2,0,0,449,76760,0
16,0,0,30,3,0,450,190674,12
16,15,0,30,2,0,451,193301,5
16,0,0,14,0,6,452,199005,0
16,0,0,26,2,0,453,199393,9
16,0,0,18,0,3,454,199482,2
16,0,0,32,0,10,455,200110,4
16,0,2,22,0,0,456,201955,1
16,0,0,32,0,12,457,204883,4
16,0,0,32,2,9,458,205377,4
16,3,0,33,7,0,459,208787,6
16,9,0,29,4,0,460,210008,4
16,10,0,28,1,0,461,210450,5
16,3,0,24,1,0,462,211256,7
16,0,0,34,0,5,463,215316,1
16,8,0,32,10,0,464,216820,2
16,13,0,31,2,0,465,219733,5
16,1,2,27,4,0,466,220837,5
16,1,0,19,0,0,467,225263,9
16,0,2,20,1,0,468,226414,3
16,0,0,30,6,0,469,229649,0
16,2,0,20,2,0,470,230020,7
16,0,0,24,0,4,471,230621,2
16,0,0,33,0,10,472,230670,1
16,0,0,34,0,5,473,230727,5
16,6,0,29,8,0,474,231102,6
16,21,0,29,6,0,475,231443,2
16,0,0,12,0,2,476,231691,1
16,2,1,13,4,0,477,232097,1
16,0,0,27,6,0,478,232440,3
16,2,0,29,7,0,479,233061,4
16,3,1,29,1,0,480,235134,7
16,4,0,25,6,0,481,235212,4
16,0,0,15,0,3,482,235413,1
16,0,2,28,1,0,483,235458,4
16,0,0,34,0,7,484,235633,1
16,0,1,13,2,0,485,236629,0
16,0,1,29,1,0,486,236804,13
16,0,0,34,0,8,487,238186,0
16,1,0,28,3,0,488,238392,7
16,3,0,28,8,0,489,239093,7
16,0,0,19,0,8,490,239364,1
16,0,0,10,0,3,491,240225,0
16,13,0,33,5,0,492,240753,2
16,10,0,26,2,0,493,240787,5
16,2,0,27,0,0,494,241708,10
16,0,0,33,0,7,495,242179,5
16,1,0,32,3,0,496,242534,11
16,0,1,27,0,0,497,242835,7
16,11,0,32,2,0,498,242914,5
16,0,2,21,0,0,499,243009,5
16,0,1,11,0,0,500,243595,2
16,16,0,32,5,0,501,243630,4
16,21,0,34,5,0,502,246147,3
16,0,1,11,0,0,503,247019,4
16,6,0,30,8,0,504,250789,4
16,5,0,34,8,0,505,251170,6
16,3,2,25,0,0,506,251401,2
16,8,0,30,11,0,507,251570,3
16,0,0,34,0,11,508,251752,0
16,2,0,29,3,0,509,253157,9
16,17,0,33,3,0,510,253444,2
16,2,2,24,1,0,511,254548,2
16,11,0,34,6,0,512,254551,2
16,7,0,33,7,0,513,256632,0
16,10,0,22,3,0,514,256903,1
16,1,0,31,1,0,515,257090,7
16,14,0,27,3,0,516,258437,6
16,12,0,33,8,0,517,258444,2
16,0,1,11,0,0,518,259139,0
16,3,0,32,4,0,519,260574,9
16,0,1,10,0,0,520,261647,3
16,12,0,28,4,0,521,262657,4
16,0,0,2,0,1,522,263402,0
16,0,1,10,0,0,523,264401,2
16,14,0,34,10,0,524,264652,2
16,5,0,32,10,0,525,264862,2
16,0,0,29,1,8,526,265526,2
16,1,0,30,1,0,527,269493,10
16,0,0,31,0,10,528,269626,2
16,2,1,32,7,0,529,270039,4
16,13,0,16,2,0,530,270050,1
16,9,0,33,8,0,531,271688,3
16,3,0,29,8,0,532,272834,1
16,10,0,32,3,0,533,273018,8
16,0,2,29,3,0,534,273835,1
16,2,1,29,7,0,535,275138,9
16,0,1,11,0,0,536,277118,1
16,0,0,31,1,0,537,277503,7
16,2,1,10,0,0,538,278207,0
17,1,0,30,5,0,539,70022,3
17,0,1,6,0,0,540,71777,0
17,0,0,14,0,4,541,72022,0
17,0,2,23,2,0,542,72100,2
17,9,0,26,2,0,543,72354,4
17,0,0,27,0,0,544,73068,9
17,0,1,16,1,0,545,73081,3
17,2,0,27,0,0,546,73083,7
17,5,0,33,4,0,547,73085,8
17,1,0,29,2,0,548,74049,7
17,0,1,14,0,0,549,74416,2
17,10,0,29,1,0,550,74618,5
17,1,0,26,1,0,551,74774,12
17,0,0,33,0,9,552,176994,1
17,0,0,34,0,12,553,178363,4
17,1,1,25,1,0,554,179789,1
17,0,0,33,0,10,555,190195,3
17,1,1,29,4,0,556,198836,11
17,0,0,19,0,7,557,204966,1
17,0,0,33,0,13,558,206003,0
17,5,0,27,1,0,559,206243,6
17,1,1,25,0,0,560,208861,8
17,0,0,15,0,3,561,209830,1
17,0,0,34,0,11,562,212735,0
17,1,0,32,7,0,563,213367,6
17,0,0,30,2,0,564,216755,7
17,1,0,30,2,0,565,220030,8
17,0,0,11,0,2,566,220820,1
17,1,0,20,0,2,567,223150,4
17,8,0,30,2,0,568,223510,4
17,3,0,27,6,0,569,224030,11
17,0,0,29,0,7,570,224442,5
17,2,1,15,5,0,571,225855,1
17,0,0,21,0,0,572,225927,6
17,0,0,25,0,14,573,228255,0
17,2,2,28,5,0,574,228774,3
17,0,0,2,0,2,575,228912,0
17,0,0,15,0,2,576,229168,1
17,4,0,31,8,0,577,229236,6
17,0,0,34,0,16,578,232410,1
17,12,0,33,6,0,579,234239,5
17,7,0,32,5,0,580,234799,8
17,1,0,28,2,0,581,234814,8
17,10,0,34,4,0,582,237198,1
17,1,0,32,7,0,583,237347,6
17,0,0,17,0,3,584,237525,0
17,8,0,28,5,0,585,239329,0
17,9,0,30,1,0,586,240133,6
17,0,0,28,7,0,587,241445,4
17,0,0,25,1,0,588,242054,6
17,3,0,30,5,0,589,242655,3
17,3,1,26,2,0,590,244542,6
17,2,1,17,0,0,591,244674,2
17,15,0,33,2,0,592,244694,1
17,1,0,31,5,0,593,246298,6
17,0,1,16,0,0,594,248408,1
17,0,1,3,0,0,595,248662,0
17,0,2,25,0,0,596,248711,1
17,17,0,31,5,0,597,248784,1
17,0,1,22,1,0,598,251981,4
17,3,0,26,8,0,599,253181,0
17,10,0,18,2,0,600,254501,3
17,3,0,34,6,0,601,254996,3
17,0,0,34,0,14,602,255266,0
17,17,1,31,5,0,603,256731,1
17,8,0,33,4,0,604,257112,3
17,5,0,30,7,0,605,257118,4
17,14,0,32,3,0,606,257978,1
17,11,0,33,3,0,607,261141,3
17,9,0,31,2,0,608,262082,0
17,0,1,24,0,0,609,262342,2
17,0,1,20,0,3,610,263920,2
17,3,1,30,5,0,611,263987,2
17,4,0,26,5,0,612,266099,3
17,9,1,32,4,0,613,266586,5
17,4,0,32,2,0,614,270931,7
17,0,2,24,1,0,615,271010,5
17,1,1,18,0,0,616,271050,1
17,9,1,32,3,0,617,271689,8
17,0,0,19,0,5,618,271918,3
17,3,0,34,8,0,619,272835,1
17,7,0,28,4,0,620,275372,0
17,9,0,28,2,0,621,276027,1
17,0,0,30,0,7,622,276761,0
17,0,1,4,1,0,623,276824,0
17,1,1,15,0,0,624,276946,3
17,3,0,18,6,0,625,277216,1
17,2,1,21,0,0,626,277630,6
17,22,0,30,2,0,627,277909,3
17,0,0,24,0,0,628,277930,9
19,0,0,5,0,2,629,70904,0
19,1,1,8,1,0,630,73149,0
19,1,0,26,0,0,631,74871,8
19,0,0,22,0,13,632,167495,0
19,0,0,30,0,14,633,185122,0
19,0,0,26,0,6,634,188943,0
19,0,1,30,10,0,635,190765,5
19,0,0,29,0,6,636,190941,1
19,0,0,28,0,4,637,193698,1
19,8,0,32,8,0,638,197031,3
19,2,0,33,7,0,639,199503,3
19,0,0,13,0,3,640,200316,2
19,0,0,28,0,8,641,201269,2
19,26,0,31,8,0,642,202126,5
19,1,0,33,4,0,643,202201,9
19,0,0,33,0,7,644,202873,0
19,5,2,25,0,0,645,204638,4
19,11,0,30,4,0,646,206467,3
19,5,1,32,8,0,647,206591,7
19,2,1,32,7,0,648,210035,4
19,0,1,16,0,0,649,211362,2
19,8,0,34,11,0,650,212096,2
19,5,0,30,10,0,651,212194,1
19,2,1,28,0,0,652,212212,11
19,16,1,31,7,0,653,214096,3
19,21,0,30,2,0,654,215441,4
19,11,0,32,8,0,655,216354,4
19,0,1,10,0,0,656,219694,0
19,4,0,19,7,0,657,220876,0
19,11,0,30,5,0,658,222492,2
19,0,1,12,0,1,659,223550,0
19,0,0,34,1,7,660,223885,0
19,0,0,32,0,9,661,224251,3
19,7,2,30,5,0,662,225309,7
19,2,0,29,2,0,663,225375,8
19,0,0,34,0,10,664,227370,2
19,1,0,31,7,0,665,227647,5
19,0,0,29,0,5,666,228383,2
19,1,1,22,1,0,667,228518,2
19,0,0,32,0,0,668,228883,9
19,0,1,17,0,0,669,229391,2
19,2,1,32,1,0,670,231089,9
19,10,0,28,5,0,671,232711,10
19,1,1,15,0,0,672,233151,0
19,1,1,13,0,0,673,234167,2
19,21,0,31,0,0,674,234236,4
19,0,0,19,0,4,675,235018,0
19,0,0,32,0,7,676,235073,1
19,5,0,30,2,0,677,235297,11
19,0,1,22,2,0,678,236369,9
19,1,0,31,4,0,679,236457,8
19,1,0,33,7,0,680,236636,6
19,0,2,26,0,0,681,237595,8
19,0,1,11,0,0,682,238516,0
19,15,0,34,1,0,683,238900,2
19,2,1,32,4,0,684,239096,8
19,3,1,31,1,0,685,239340,9
19,0,0,31,1,0,686,239529,8
19,1,0,27,1,0,687,240193,8
19,0,1,10,0,0,688,240648,0
19,0,0,19,0,9,689,242818,0
19,0,0,5,0,3,690,242948,0
19,3,1,18,1,0,691,244068,2
19,18,0,29,2,0,692,244257,0
19,10,0,25,7,0,693,245367,5
19,11,0,32,2,0,694,245622,2
19,7,2,30,2,0,695,245716,4
19,1,1,12,2,0,696,247360,0
19,0,2,23,4,0,697,247819,5
19,12,0,34,15,0,698,247827,3
19,1,0,32,8,0,699,250959,6
19,6,0,29,5,0,700,252259,9
19,12,1,28,2,0,701,254022,3
19,10,0,31,12,0,702,256630,3
19,15,0,17,9,0,703,256675,2
19,12,0,25,2,0,704,256790,3
19,10,1,31,4,0,705,257075,3
19,1,0,30,2,0,706,257191,8
19,15,0,33,8,0,707,257289,1
19,13,1,33,5,0,708,260592,0
19,0,0,32,1,0,709,261659,9
19,0,0,26,0,10,710,262659,2
19,0,1,33,0,9,711,262956,0
19,0,1,21,0,0,712,263193,2
19,0,1,7,0,0,713,263573,0
19,10,0,31,9,0,714,264697,6
19,2,0,27,2,0,715,265576,8
19,0,0,32,1,0,716,276119,11
19,0,0,9,0,3,717,277929,0
19,0,1,5,0,0,718,278854,0
20,1,1,23,0,0,719,72967,4
20,0,0,34,0,11,720,186148,4
20,0,1,12,2,0,721,205402,2
20,0,0,34,0,4,722,209987,2
20,0,0,31,0,8,723,212197,0
20,13,1,29,4,0,724,212240,6
20,22,0,31,0,0,725,212626,7
20,1,0,30,1,0,726,216260,9
20,0,1,23,0,0,727,216416,2
20,13,0,29,4,0,728,221168,7
20,0,1,31,7,0,729,223633,5
20,0,0,24,0,9,730,224041,3
20,1,0,32,7,0,731,224263,6
20,0,0,10,0,2,732,224440,1
20,0,0,19,0,3,733,224491,2
20,9,0,32,12,0,734,224970,3
20,1,1,21,0,0,735,226167,1
20,1,1,16,0,0,736,226686,4
20,1,0,28,1,0,737,227511,13
20,2,0,31,1,0,738,228082,14
20,13,0,34,11,0,739,228245,3
20,0,0,34,0,8,740,228607,3
20,3,1,30,3,0,741,228757,13
20,14,0,28,5,0,742,228859,3
20,11,0,18,1,0,743,231614,0
20,1,0,30,11,0,744,232839,6
20,7,1,24,6,0,745,233520,6
20,0,0,12,0,3,746,234383,0
20,18,0,30,1,0,747,235360,1
20,1,0,31,2,0,748,235899,10
20,10,0,15,1,0,749,236533,0
20,0,1,12,0,2,750,236613,0
20,12,0,17,3,0,751,237633,4
20,16,0,27,0,0,752,237708,3
20,0,0,10,0,2,753,238167,0
20,4,0,30,1,0,754,238792,10
20,6,0,32,7,0,755,239744,6
20,0,0,17,0,3,756,241859,2
20,12,1,28,2,0,757,242965,4
20,3,0,27,11,0,758,242997,3
20,3,0,32,2,0,759,243628,11
20,1,1,14,2,0,760,243801,2
20,0,0,32,0,8,761,244417,2
20,11,0,32,3,0,762,246814,8
20,8,0,31,9,0,763,248434,5
20,0,1,14,1,0,764,248765,1
20,0,1,21,0,0,765,250926,3
20,2,0,30,6,0,766,250947,1
20,0,1,31,5,0,767,251281,9
20,0,0,17,0,4,768,251285,2
20,0,0,34,0,9,769,251292,1
20,1,1,30,2,0,770,251429,10
20,13,0,34,6,0,771,251961,3
20,9,0,33,7,0,772,252073,4
20,1,0,27,7,0,773,252903,4
20,14,0,32,2,0,774,255036,4
20,5,1,12,2,0,775,255839,2
20,0,0,32,0,8,776,256229,1
20,10,0,25,6,0,777,256564,4
20,8,0,32,12,0,778,256674,3
20,0,1,30,0,0,779,256780,13
20,0,0,21,2,0,780,259299,9
20,0,0,24,0,5,781,259718,5
20,0,0,33,0,9,782,260978,0
20,1,1,11,0,0,783,262005,0
20,4,1,26,2,0,784,262119,10
20,0,0,33,2,0,785,262591,10
20,8,0,32,6,0,786,262604,4
20,10,0,24,1,0,787,262800,9
20,0,0,27,0,6,788,262931,2
20,3,1,22,2,0,789,263056,3
20,1,0,33,1,0,790,263575,9
20,3,0,25,3,0,791,264194,11
20,1,1,21,2,0,792,264589,3
20,18,0,33,8,0,793,265577,5
20,1,0,21,3,0,794,266000,8
20,2,1,17,1,0,795,266011,0
20,3,1,32,9,0,796,266422,6
20,0,0,25,1,0,797,266438,9
20,0,0,34,0,8,798,269096,3
20,19,1,33,4,0,799,269264,2
20,0,0,34,0,13,800,269301,2
20,3,0,34,7,0,801,269302,4
20,1,1,20,2,0,802,269566,3
20,0,0,29,1,3,803,269955,1
20,3,1,31,3,0,804,269962,9
20,3,0,32,10,0,805,270013,1
20,12,0,29,0,0,806,273771,3
20,0,1,5,0,0,807,273904,1
20,12,1,23,2,0,808,274699,4
20,0,1,9,0,0,809,275274,0
20,1,0,27,2,0,810,276287,10
20,1,1,20,0,0,811,276367,5
20,3,0,31,7,0,812,276583,5
20,11,0,34,1,0,813,276660,4
20,1,1,22,0,0,814,277877,3
20,1,1,12,1,0,815,278728,1
31,1,1,17,0,0,816,70824,3
31,0,0,33,0,13,817,177683,0
31,10,0,30,1,0,818,189505,2
31,0,0,27,0,8,819,189908,1
31,14,0,36,10,0,820,192505,4
31,0,0,35,1,11,821,193080,1
31,0,0,29,0,10,822,201299,1
31,5,0,29,6,0,823,208128,5
31,4,0,30,2,0,824,208268,8
31,2,2,32,0,0,825,210413,4
31,0,0,38,0,9,826,210676,2
31,0,1,11,3,0,827,210864,0
31,0,0,33,6,0,828,211147,6
31,0,0,37,3,0,829,214658,9
31,0,0,36,0,8,830,215363,0
31,0,0,37,0,12,831,215698,2
31,1,0,30,1,0,832,216145,12
31,0,0,36,4,0,833,219952,10
31,1,2,27,0,0,834,220018,3
31,1,1,28,0,0,835,220475,8
31,8,0,34,6,0,836,220502,10
31,2,0,36,2,0,837,222077,9
31,1,1,28,3,0,838,222148,10
31,1,1,32,0,0,839,223524,10
31,3,0,33,6,0,840,224232,4
31,0,0,37,0,10,841,224836,3
31,0,0,29,0,5,842,224987,0
31,0,0,34,0,16,843,225116,0
31,0,0,19,0,5,844,225149,0
31,9,0,36,3,0,845,226093,3
31,4,0,33,7,0,846,226268,3
31,0,2,31,1,0,847,227222,3
31,11,0,34,9,0,848,227796,1
31,14,0,32,4,0,849,228093,1
31,0,1,8,0,0,850,229668,0
31,1,0,35,3,0,851,230824,10
31,0,0,38,0,16,852,230872,1
31,15,0,31,5,0,853,230899,4
31,0,1,32,1,0,854,231207,8
31,12,0,31,3,0,855,231478,1
31,0,0,32,0,6,856,233189,2
31,15,0,30,4,0,857,233556,2
31,0,0,33,0,14,858,235840,0
31,10,0,36,1,0,859,235842,4
31,0,0,36,8,0,860,236295,5
31,19,0,32,3,0,861,236610,6
31,12,0,34,4,0,862,237238,3
31,10,1,29,3,0,863,237712,8
31,0,1,20,0,0,864,238370,1
31,0,0,38,7,0,865,240100,3
31,10,1,37,4,0,866,240638,2
31,0,0,12,0,4,867,240657,0
31,0,1,31,6,0,868,240915,4
31,8,0,34,8,0,869,241721,5
31,25,0,36,8,0,870,241850,2
31,1,1,19,2,0,871,242238,1
31,12,0,32,2,0,872,242458,0
31,4,1,26,6,0,873,243627,1
31,1,1,34,0,0,874,244238,11
31,3,0,36,0,0,875,244349,9
31,5,1,14,2,0,876,245152,3
31,1,0,35,6,0,877,245630,5
31,9,0,35,3,0,878,246242,2
31,10,0,29,4,0,879,246430,3
31,0,0,35,9,0,880,247229,3
31,10,0,37,1,0,881,248385,6
31,0,1,14,1,0,882,251335,1
31,7,0,36,7,0,883,251470,1
31,0,1,23,8,0,884,251530,2
31,2,2,21,2,0,885,252060,4
31,0,0,34,0,13,886,252154,1
31,0,0,33,3,0,887,255001,13
31,0,0,22,0,7,888,255303,0
31,0,1,37,0,7,889,255981,0
31,0,1,8,0,0,890,258505,1
31,2,0,35,6,0,891,258714,1
31,1,2,12,0,0,892,258972,2
31,0,0,30,0,0,893,260697,10
31,2,0,32,0,0,894,265650,10
31,5,0,27,5,0,895,265695,3
31,0,0,12,0,4,896,266803,1
31,2,1,10,0,0,897,267593,1
31,0,1,14,0,0,898,267681,3
31,12,0,33,1,0,899,268474,10
31,2,0,34,0,0,900,269181,10
31,1,0,35,0,0,901,271477,9
31,0,1,3,0,0,902,271882,1
31,1,1,15,0,0,903,273936,1
31,0,2,28,2,0,904,275163,4
31,11,0,37,5,0,905,277839,6
31,6,0,35,8,0,906,277846,6
31,0,0,9,0,4,907,278032,0
31,0,1,4,0,0,908,278237,0
31,0,1,18,0,0,909,278319,0
32,2,0,34,0,0,910,72850,12
32,11,0,35,1,0,911,72852,3
32,0,0,36,3,0,912,73989,11
32,0,1,32,1,0,913,74150,9
32,0,1,5,0,0,914,75448,0
32,9,0,35,2,0,915,185144,1
32,0,2,17,0,1,916,185172,0
32,0,1,12,0,0,917,186200,1
32,1,0,33,2,0,918,193333,11
32,0,0,36,0,8,919,193786,6
32,1,0,30,6,0,920,202489,8
32,1,0,34,2,0,921,203782,14
32,3,1,16,0,0,922,204077,4
32,0,0,41,0,14,923,205530,2
32,10,0,31,4,0,924,207471,7
32,3,0,36,0,0,925,208146,11
32,17,0,38,1,0,926,209613,7
32,6,0,29,13,0,927,210935,4
32,4,1,14,0,0,928,211302,1
32,1,0,29,6,0,929,213814,3
32,0,0,34,6,0,930,214622,3
32,0,1,4,0,0,931,216799,0
32,5,0,39,14,0,932,217338,5
32,0,0,37,0,10,933,219584,3
32,0,1,11,2,0,934,219852,2
32,9,0,15,3,0,935,220165,0
32,0,0,42,0,10,936,220720,0
32,7,0,35,6,0,937,222959,2
32,10,0,38,1,0,938,224508,3
32,0,0,37,0,7,939,224977,4
32,9,1,35,10,0,940,224982,11
32,0,0,11,0,4,941,225037,3
32,0,1,29,0,0,942,225995,9
32,1,2,22,1,0,943,226260,2
32,3,0,34,7,0,944,228882,6
32,0,0,36,2,0,945,229456,10
32,0,0,38,0,8,946,230631,2
32,0,0,37,0,12,947,231073,5
32,1,0,32,3,0,948,231428,9
32,6,2,32,1,0,949,232439,7
32,0,0,29,0,8,950,233425,1
32,0,0,15,0,4,951,233691,0
32,2,2,33,0,0,952,233884,4
32,0,0,10,0,4,953,235806,0
32,0,2,32,1,0,954,235942,7
32,0,0,18,0,6,955,236758,2
32,0,0,41,1,13,956,237127,5
32,10,0,37,2,0,957,237391,3
32,8,0,35,7,0,958,237502,6
32,4,3,36,2,0,959,237613,2
32,0,0,18,0,4,960,237615,1
32,0,0,24,0,12,961,239573,0
32,0,0,28,0,7,962,239742,3
32,0,0,36,0,8,963,240785,4
32,13,0,26,3,0,964,240797,0
32,0,0,30,1,0,965,240798,11
32,10,0,31,3,0,966,241628,1
32,4,0,34,0,0,967,242411,11
32,9,0,32,3,0,968,243200,3
32,18,0,33,5,0,969,243593,8
32,0,1,15,0,0,970,244190,3
32,0,0,36,0,11,971,244274,1
32,1,2,30,0,0,972,244576,9
32,3,1,18,2,0,973,244626,5
32,1,0,36,8,0,974,244874,2
32,1,0,32,0,0,975,248199,9
32,0,0,27,0,11,976,251136,1
32,3,0,37,8,0,977,251603,3
32,2,1,35,4,0,978,251769,10
32,3,0,34,8,0,979,251951,9
32,8,0,33,0,0,980,251953,6
32,7,0,36,10,0,981,252290,6
32,9,0,34,2,0,982,253019,8
32,1,1,9,1,0,983,253120,2
32,8,0,39,5,0,984,254094,5
32,2,1,29,5,0,985,255580,3
32,8,1,32,3,0,986,256778,3
32,0,2,27,0,0,987,258464,4
32,17,0,36,2,0,988,259107,6
32,8,0,36,2,0,989,259331,4
32,1,0,23,5,0,990,264372,2
32,4,1,18,6,0,991,265761,4
32,2,0,35,7,0,992,268704,4
32,5,0,37,8,0,993,268759,3
32,2,1,28,2,0,994,270614,10
32,0,1,17,0,0,995,270655,3
32,2,1,16,1,0,996,271921,3
32,0,1,3,0,0,997,274090,0
32,3,0,35,5,0,998,275162,11
32,5,0,32,5,0,999,276706,10
32,0,0,21,0,6,1000,276839,1
32,19,0,39,3,0,1001,277327,9
32,6,0,35,3,0,1002,277665,12
32,1,0,27,1,0,1003,279876,9
39,19,0,38,15,0,1004,70822,1
39,0,1,12,1,0,1005,74063,5
39,0,1,7,0,0,1006,74322,1
39,21,0,22,11,0,1007,158023,2
39,0,0,37,0,13,1008,167948,1
39,21,0,30,9,0,1009,176580,6
39,0,1,14,0,0,1010,178287,2
39,23,1,30,5,0,1011,184111,8
39,0,0,32,0,7,1012,189117,0
39,5,0,31,11,0,1013,189332,7
39,0,1,33,0,12,1014,190569,0
39,0,0,25,0,6,1015,190780,5
39,2,0,31,5,0,1016,192955,10
39,0,0,25,0,7,1017,201940,3
39,1,1,5,0,0,1018,202073,0
39,0,1,30,0,8,1019,202215,1
39,1,0,35,0,0,1020,203137,10
39,15,0,34,12,0,1021,208919,4
39,8,0,32,8,0,1022,210021,5
39,10,0,35,12,0,1023,210423,2
39,8,3,29,5,0,1024,212404,7
39,0,0,31,3,0,1025,212722,9
39,0,0,34,0,8,1026,213206,2
39,0,1,20,0,1,1027,213536,2
39,14,1,30,2,0,1028,213620,3
39,17,0,32,6,0,1029,217998,7
39,0,0,24,0,0,1030,221860,9
39,2,1,26,1,0,1031,222587,11
39,16,0,30,5,0,1032,223816,7
39,0,0,34,0,11,1033,225701,2
39,21,0,36,9,0,1034,225951,4
39,14,0,37,4,0,1035,226035,4
39,4,0,34,12,0,1036,226385,5
39,0,0,37,0,8,1037,227909,1
39,1,0,29,1,0,1038,227916,9
39,7,0,35,13,0,1039,228312,2
39,15,0,29,15,0,1040,234505,9
39,0,0,35,0,6,1041,234777,3
39,6,0,37,10,0,1042,234905,2
39,0,1,20,1,0,1043,235425,3
39,0,1,13,1,0,1044,236530,1
39,0,0,30,0,5,1045,236571,2
39,1,1,13,2,0,1046,236924,4
39,19,1,29,11,0,1047,237034,4
39,1,0,32,9,0,1048,237223,2
39,1,0,28,2,0,1049,237407,10
39,0,1,30,1,0,1050,237469,10
39,11,0,30,10,0,1051,237496,6
39,17,0,30,2,0,1052,238277,6
39,0,0,16,0,5,1053,238919,0
39,1,0,34,10,0,1054,239704,7
39,0,1,2,0,1,1055,239993,0
39,5,0,39,9,0,1056,240744,2
39,14,0,34,8,0,1057,241162,8
39,2,1,11,3,0,1058,241985,2
39,0,0,32,0,7,1059,242084,2
39,1,1,33,1,0,1060,242214,14
39,2,0,25,0,0,1061,242533,11
39,1,0,30,4,0,1062,242542,9
39,17,0,33,12,0,1063,242816,10
39,16,0,34,2,0,1064,243456,5
39,0,0,37,0,9,1065,244656,3
39,16,0,30,3,0,1066,244797,6
39,2,1,25,2,0,1067,246300,9
39,0,1,17,0,0,1068,246354,6
39,0,1,21,1,0,1069,247125,3
39,0,0,29,0,8,1070,247228,2
39,1,2,33,1,0,1071,247459,4
39,0,0,34,0,8,1072,247494,1
39,0,0,38,0,6,1073,247506,3
39,0,0,24,0,0,1074,247648,9
39,1,1,17,3,0,1075,248281,2
39,21,0,33,6,0,1076,251105,2
39,0,0,29,2,0,1077,255824,9
39,0,0,14,8,0,1078,256044,1
39,1,0,35,1,0,1079,259874,12
39,1,0,26,4,0,1080,261245,9
39,1,2,33,7,0,1081,264157,5
39,3,1,27,3,0,1082,264390,9
39,0,0,37,0,13,1083,266282,5
39,0,0,33,0,9,1084,266382,1
39,0,0,29,0,10,1085,266389,3
39,17,0,30,3,0,1086,268715,1
39,8,0,33,8,0,1087,270517,6
39,0,1,8,1,0,1088,271756,1
39,4,1,19,2,0,1089,272317,0
39,0,2,30,0,0,1090,274569,12
39,15,0,36,1,0,1091,276619,7
39,2,1,16,0,0,1092,279786,0
41,0,0,2,0,2,1093,70117,1
41,0,0,30,0,13,1094,70118,2
41,6,1,26,3,0,1095,70120,3
41,0,0,21,1,0,1096,70693,6
41,5,0,28,5,0,1097,70801,5
41,1,1,18,0,0,1098,70918,5
41,1,1,30,1,0,1099,71292,3
41,1,0,3,0,0,1100,72013,0
41,1,0,15,0,0,1101,72062,5
41,12,0,23,4,0,1102,153048,0
41,0,0,7,0,2,1103,186508,1
41,0,0,30,0,6,1104,191153,0
41,0,0,28,5,0,1105,197391,4
41,1,0,20,5,0,1106,198599,1
41,10,0,28,15,0,1107,205214,5
41,4,0,30,6,0,1108,205291,3
41,0,0,28,0,9,1109,207633,3
41,0,0,30,0,11,1110,208573,1
41,6,1,28,1,0,1111,209264,0
41,1,2,25,1,0,1112,210695,3
41,0,0,30,0,9,1113,211021,1
41,1,0,27,3,0,1114,212040,8
41,1,0,24,5,0,1115,214650,0
41,7,0,27,1,0,1116,215195,1
41,2,1,15,1,0,1117,221552,2
41,12,0,27,3,0,1118,222168,5
41,9,0,29,2,0,1119,222227,4
41,0,0,30,0,12,1120,222389,2
41,0,0,5,0,1,1121,222431,0
41,0,0,11,0,2,1122,224322,1
41,0,0,29,0,4,1123,225766,2
41,2,1,25,3,0,1124,228238,4
41,0,0,26,0,7,1125,230741,0
41,9,0,29,8,0,1126,233379,4
41,8,0,28,5,0,1127,233848,3
41,0,1,15,0,0,1128,235532,1
41,0,0,8,0,3,1129,235606,0
41,3,0,26,6,0,1130,236634,1
41,0,0,16,5,0,1131,236750,0
41,3,0,27,0,0,1132,236877,5
41,3,0,27,6,0,1133,237937,3
41,10,0,11,2,0,1134,238236,3
41,3,0,26,5,0,1135,239175,4
41,0,0,30,1,5,1136,239797,3
41,1,0,22,2,0,1137,239960,7
41,3,0,19,3,0,1138,241726,6
41,4,0,26,9,0,1139,242162,5
41,12,0,23,1,0,1140,243203,1
41,1,0,27,0,0,1141,243347,5
41,0,0,14,1,5,1142,245274,1
41,1,0,28,5,0,1143,246063,4
41,0,2,23,0,0,1144,246911,2
41,1,1,22,1,0,1145,246954,3
41,1,1,23,1,0,1146,247376,2
41,0,1,29,0,8,1147,247611,3
41,0,0,1,0,1,1148,248283,1
41,0,0,26,0,0,1149,248855,6
41,0,0,27,1,0,1150,253010,7
41,8,0,23,4,0,1151,253152,2
41,11,0,29,1,0,1152,253441,3
41,0,0,28,5,0,1153,254142,5
41,5,0,28,5,0,1154,254307,4
41,0,0,26,2,0,1155,256384,6
41,1,0,24,0,0,1156,256396,5
41,1,0,15,1,0,1157,256398,6
41,8,0,15,2,0,1158,256949,1
41,0,0,29,0,8,1159,257568,3
41,3,0,25,7,0,1160,258892,1
41,10,0,23,2,0,1161,260567,3
41,0,0,2,0,0,1162,260616,1
41,0,0,29,7,0,1163,262173,4
41,9,0,28,3,0,1164,262732,4
41,10,1,28,4,0,1165,266731,3
41,14,0,28,5,0,1166,267685,7
41,8,0,28,7,0,1167,268737,2
41,8,0,29,0,0,1168,268738,2
41,5,0,26,1,0,1169,269414,7
41,0,0,20,0,7,1170,269971,2
41,5,0,26,0,0,1171,271993,5
41,3,0,26,4,0,1172,273978,6
41,1,1,25,2,0,1173,277238,2
41,8,0,18,0,0,1174,277309,3
41,2,2,25,1,0,1175,277771,7
41,0,1,5,0,0,1176,279217,0
41,10,0,27,6,0,1177,279711,2
41,0,0,4,0,1,1178,279774,0
50,0,0,33,0,8,1179,53110,1
50,12,0,33,1,0,1180,73449,2
50,2,0,35,3,0,1181,73470,9
50,1,0,1,0,0,1182,74161,0
50,4,0,28,5,0,1183,74864,2
50,0,0,32,0,19,1184,163587,0
50,4,0,33,8,0,1185,195479,4
50,3,0,38,2,0,1186,199146,8
50,1,0,36,3,0,1187,200302,9
50,1,0,23,5,0,1188,200630,0
50,2,1,16,0,0,1189,202771,5
50,0,0,28,1,10,1190,203042,2
50,0,0,3,0,1,1191,204269,0
50,2,0,27,0,0,1192,208462,8
50,8,0,35,3,0,1193,211093,3
50,0,1,38,3,0,1194,211096,8
50,15,0,36,6,0,1195,211221,7
50,1,0,29,1,0,1196,213570,7
50,0,0,19,0,4,1197,213678,0
50,1,2,29,1,0,1198,214641,2
50,2,2,28,2,0,1199,214682,5
50,1,2,25,2,0,1200,215820,4
50,8,0,32,8,0,1201,216218,7
50,12,0,33,4,0,1202,216860,3
50,3,1,31,1,0,1203,219177,4
50,0,0,3,1,1,1204,219482,0
50,0,0,26,1,0,1205,221552,9
50,18,0,35,2,0,1206,222262,3
50,0,0,25,0,7,1207,222876,1
50,3,1,33,7,0,1208,223871,7
50,0,0,10,0,4,1209,225203,0
50,0,0,24,0,6,1210,225280,2
50,11,0,32,5,0,1211,225317,4
50,0,0,25,0,5,1212,225751,0
50,4,0,25,6,0,1213,225872,4
50,0,0,28,7,0,1214,226508,5
50,4,1,24,5,0,1215,226568,5
50,16,0,38,3,0,1216,227758,9
50,0,0,36,0,12,1217,228369,3
50,0,1,25,1,0,1218,231863,3
50,2,0,33,5,0,1219,232212,11
50,8,1,31,2,0,1220,232642,7
50,1,1,27,1,0,1221,232668,3
50,12,0,36,0,0,1222,233865,4
50,0,0,14,0,3,1223,234260,1
50,15,0,35,2,0,1224,236528,1
50,0,1,8,0,0,1225,236626,0
50,0,0,33,2,3,1226,236663,2
50,3,2,33,2,0,1227,237470,4
50,4,0,33,10,0,1228,239810,8
50,13,0,32,9,0,1229,239977,5
50,0,0,17,0,5,1230,240597,1
50,0,1,4,0,0,1231,240653,0
50,0,0,13,0,2,1232,240784,1
50,0,0,35,4,0,1233,241875,12
50,0,1,6,0,0,1234,243167,1
50,5,0,29,7,0,1235,243842,2
50,13,0,35,0,0,1236,244288,1
50,11,0,30,1,0,1237,245174,1
50,10,0,22,3,0,1238,245538,0
50,0,0,29,1,0,1239,246006,9
50,16,0,34,10,0,1240,246321,3
50,0,1,33,0,0,1241,246872,7
50,2,0,30,1,0,1242,247185,11
50,10,0,37,4,0,1243,255742,2
50,4,1,36,7,0,1244,255928,6
50,4,0,32,10,0,1245,256107,3
50,0,0,15,0,2,1246,257237,1
50,1,1,22,1,0,1247,257487,3
50,3,0,38,6,0,1248,257699,1
50,0,0,6,0,2,1249,258928,0
50,4,0,35,1,0,1250,261300,9
50,9,0,33,5,0,1251,262361,2
50,8,0,36,8,0,1252,262525,0
50,0,1,10,1,0,1253,263906,2
50,0,0,1,1,0,1254,266502,0
50,0,0,20,0,4,1255,271064,0
50,9,0,34,6,0,1256,272874,2
50,0,1,20,1,0,1257,273692,3
50,2,0,32,8,0,1258,275522,5
50,1,2,32,0,0,1259,277288,5
50,0,1,20,0,0,1260,277289,7
50,3,0,31,2,0,1261,278030,7
50,5,1,24,2,0,1262,278600,1
50,8,0,35,1,0,1263,278602,1
50,1,1,12,0,0,1264,279117,0
53,4,1,31,2,0,1265,69967,10
53,4,2,33,6,0,1266,73374,6
53,0,0,30,0,7,1267,185427,2
53,0,0,15,0,8,1268,186153,0
53,11,0,32,2,0,1269,186537,4
53,21,0,38,4,0,1270,188335,4
53,27,0,34,2,0,1271,188545,1
53,0,0,30,0,11,1272,192119,1
53,10,1,30,5,0,1273,192629,4
53,3,2,31,0,0,1274,192638,9
53,13,1,35,0,0,1275,192678,3
53,0,1,0,0,0,1276,194730,0
53,8,0,38,7,0,1277,194765,2
53,9,0,22,8,0,1278,197781,5
53,4,0,37,7,0,1279,198451,5
53,0,0,36,0,15,1280,200389,0
53,0,0,36,0,8,1281,205186,4
53,3,0,35,0,0,1282,208137,10
53,0,0,15,0,4,1283,210385,1
53,19,0,30,2,0,1284,215590,4
53,6,0,35,8,0,1285,216201,1
53,20,0,35,2,0,1286,216549,4
53,0,1,31,0,0,1287,217940,10
53,3,0,34,6,0,1288,220031,3
53,2,0,23,1,0,1289,220440,9
53,0,1,32,0,8,1290,222464,6
53,0,0,30,0,0,1291,223578,9
53,7,2,29,2,0,1292,223710,1
53,2,1,22,1,0,1293,223790,1
53,0,0,38,0,9,1294,223952,2
53,0,0,37,0,8,1295,224003,5
53,11,0,37,3,0,1296,224179,2
53,6,0,36,7,0,1297,225201,5
53,0,1,12,0,0,1298,225508,2
53,3,0,28,6,0,1299,226110,3
53,0,1,22,0,0,1300,226221,2
53,0,0,36,0,13,1301,227127,0
53,0,0,32,0,8,1302,227186,6
53,0,0,32,0,10,1303,227290,0
53,2,1,19,0,0,1304,228520,5
53,0,1,14,1,0,1305,228618,1
53,0,0,21,0,10,1306,230869,0
53,11,1,38,2,0,1307,231416,3
53,31,1,34,3,0,1308,231747,3
53,0,1,14,0,0,1309,232008,1
53,10,0,35,0,0,1310,232665,10
53,18,0,36,9,0,1311,233419,4
53,4,1,29,3,0,1312,234060,10
53,0,1,12,0,0,1313,234426,3
53,0,1,6,0,1,1314,234790,1
53,1,2,22,0,0,1315,234835,2
53,1,0,30,1,0,1316,237626,14
53,11,1,30,8,0,1317,238794,8
53,0,1,19,0,0,1318,240859,6
53,2,0,34,1,0,1319,240953,11
53,10,1,27,6,0,1320,241461,1
53,8,0,29,6,0,1321,241463,6
53,4,2,34,0,0,1322,241707,4
53,11,0,31,2,0,1323,243032,5
53,0,0,7,1,4,1324,243952,0
53,1,0,35,3,0,1325,243976,11
53,10,0,25,3,0,1326,244260,1
53,0,0,30,1,0,1327,244407,13
53,12,0,35,4,0,1328,244622,7
53,15,0,29,1,0,1329,244675,2
53,3,0,35,0,0,1330,245426,10
53,0,0,29,1,0,1331,245628,13
53,17,0,37,4,0,1332,246191,5
53,0,0,31,0,5,1333,248732,0
53,4,0,33,1,0,1334,250858,12
53,0,0,30,0,0,1335,251337,12
53,10,0,24,3,0,1336,252037,7
53,2,0,28,0,0,1337,252064,10
53,9,1,31,8,0,1338,252371,5
53,0,1,6,0,0,1339,252961,1
53,2,0,33,6,0,1340,253396,3
53,7,0,32,9,0,1341,257279,9
53,0,0,17,0,5,1342,258885,2
53,4,0,34,7,0,1343,259377,11
53,0,0,38,0,8,1344,259532,2
53,4,1,34,6,0,1345,259694,6
53,1,2,27,0,0,1346,261530,7
53,0,0,36,2,0,1347,261654,10
53,1,0,35,7,0,1348,262402,11
53,0,0,34,0,8,1349,262621,2
53,0,0,31,0,7,1350,263139,1
53,0,1,14,0,5,1351,263880,1
53,0,0,35,0,0,1352,264172,11
53,0,1,19,0,0,1353,268414,1
53,1,0,27,6,0,1354,271916,4
53,0,3,30,1,0,1355,274555,6
53,11,0,35,4,0,1356,276295,4
53,9,0,35,13,0,1357,277643,3
54,10,1,39,1,0,1358,73408,8
54,4,0,36,2,0,1359,73412,10
54,5,0,40,11,0,1360,73413,13
54,6,0,32,11,0,1361,73505,7
54,15,0,44,3,0,1362,74317,4
54,0,0,41,0,10,1363,146296,3
54,0,0,46,0,17,1364,186680,4
54,6,2,35,1,0,1365,190199,13
54,0,0,32,0,10,1366,194934,3
54,0,1,16,1,0,1367,196935,6
54,3,1,11,0,0,1368,198731,2
54,0,0,36,0,9,1369,199101,4
54,0,0,23,0,7,1370,199493,0
54,2,2,36,1,0,1371,200519,10
54,0,0,23,0,6,1372,204234,1
54,10,0,39,5,0,1373,205976,2
54,0,0,38,0,16,1374,207935,0
54,0,0,14,6,0,1375,212830,1
54,0,1,14,1,0,1376,214639,2
54,11,0,42,4,0,1377,216475,4
54,0,0,42,0,14,1378,219637,0
54,0,2,39,0,8,1379,219836,0
54,0,0,45,0,16,1380,220383,3
54,0,0,30,1,0,1381,220638,12
54,10,0,33,5,0,1382,222041,3
54,12,0,35,1,0,1383,224428,3
54,0,1,18,0,0,1384,224981,4
54,0,0,44,0,11,1385,225395,2
54,0,1,36,0,12,1386,225868,1
54,0,1,9,0,1,1387,228456,0
54,0,1,22,0,0,1388,229628,12
54,4,0,32,10,0,1389,229667,5
54,3,0,29,1,0,1390,229788,10
54,10,1,35,6,0,1391,231640,7
54,4,0,43,3,0,1392,232770,11
54,0,1,17,1,0,1393,233222,3
54,11,1,37,4,0,1394,233231,5
54,0,0,41,0,16,1395,235312,2
54,9,1,34,6,0,1396,235988,5
54,1,1,9,0,0,1397,236890,0
54,13,0,37,4,0,1398,240047,2
54,1,0,33,0,7,1399,240751,3
54,0,0,36,6,0,1400,241588,7
54,11,0,37,4,0,1401,241591,4
54,0,2,28,0,0,1402,243155,2
54,4,1,14,1,0,1403,243315,1
54,4,1,42,10,0,1404,243792,9
54,0,1,18,0,0,1405,244135,2
54,6,0,34,6,0,1406,244197,12
54,0,0,28,0,6,1407,244316,0
54,1,1,14,0,0,1408,245157,1
54,27,0,41,8,0,1409,245158,9
54,2,1,32,1,0,1410,245290,10
54,17,0,43,18,0,1411,246044,9
54,1,1,37,1,0,1412,246097,11
54,10,0,24,2,0,1413,251922,5
54,10,0,41,2,0,1414,252590,8
54,0,0,40,0,8,1415,253211,1
54,0,0,40,0,9,1416,254099,4
54,0,0,39,0,0,1417,254786,11
54,3,1,16,3,0,1418,254860,2
54,0,0,35,0,13,1419,257027,2
54,6,1,33,8,0,1420,257866,8
54,0,0,35,6,0,1421,258766,8
54,1,0,38,3,0,1422,259190,20
54,1,0,32,0,10,1423,259362,1
54,14,0,18,1,0,1424,261204,3
54,1,0,35,0,0,1425,262260,11
54,2,0,41,3,0,1426,262501,11
54,2,1,32,1,0,1427,263178,10
54,0,0,33,0,0,1428,263670,10
54,8,0,37,9,0,1429,263883,6
54,0,1,11,0,0,1430,264092,2
54,15,0,39,5,0,1431,264492,2
54,1,0,31,1,0,1432,264736,14
54,2,1,34,7,0,1433,265671,7
54,5,0,37,5,0,1434,265732,11
54,2,1,16,1,0,1435,267717,2
54,11,0,38,2,0,1436,269306,4
54,13,0,40,1,0,1437,269639,6
54,1,1,41,8,0,1438,270338,3
54,0,0,35,0,6,1439,271532,2
54,21,0,44,8,0,1440,273748,5
54,7,0,42,11,0,1441,274209,4
54,0,0,27,0,0,1442,274486,10
54,7,1,36,11,0,1443,275986,9
54,14,0,44,4,0,1444,276895,5
54,2,1,38,8,0,1445,277069,2
54,0,0,38,5,0,1446,277519,12
54,0,1,12,0,0,1447,278126,1
54,1,2,21,0,0,1448,278630,5
54,0,2,10,0,0,1449,279926,0
56,0,0,25,7,0,1450,70107,1
56,2,0,25,3,0,1451,70111,7
56,8,0,26,3,0,1452,70114,12
56,3,0,30,9,0,1453,70129,3
56,3,1,22,1,0,1454,70160,2
56,2,1,22,0,0,1455,70331,4
56,8,0,23,3,0,1456,71418,3
56,1,0,15,0,0,1457,73257,6
56,0,0,20,0,10,1458,164484,3
56,0,0,28,0,9,1459,192129,2
56,0,0,12,0,2,1460,192201,1
56,10,0,28,6,0,1461,197240,0
56,2,0,24,3,0,1462,201967,5
56,11,0,25,1,0,1463,202905,2
56,0,0,18,1,5,1464,202910,2
56,6,1,22,4,0,1465,204850,2
56,0,0,1,0,0,1466,207589,1
56,0,0,18,0,3,1467,207926,1
56,7,0,29,5,0,1468,209061,1
56,2,0,24,1,0,1469,209063,7
56,0,1,26,2,0,1470,210688,0
56,0,0,8,0,2,1471,211053,0
56,0,0,22,0,0,1472,213497,6
56,6,0,28,4,0,1473,213613,7
56,12,0,29,1,0,1474,215817,5
56,0,0,27,2,0,1475,220600,6
56,1,0,2,0,0,1476,220649,0
56,5,0,27,7,0,1477,221919,0
56,0,0,12,0,0,1478,222328,5
56,0,0,15,0,10,1479,222900,0
56,0,1,15,0,0,1480,225026,1
56,1,2,26,4,0,1481,225273,2
56,0,0,15,0,4,1482,227050,1
56,1,0,28,2,0,1483,227837,7
56,3,0,27,0,0,1484,227855,10
56,3,0,26,9,0,1485,234488,4
56,0,0,14,0,3,1486,235606,0
56,0,0,18,0,4,1487,236823,0
56,4,0,29,5,0,1488,237140,4
56,12,0,30,6,0,1489,239125,1
56,0,0,3,0,0,1490,240019,1
56,4,0,28,3,0,1491,241538,7
56,0,0,10,0,4,1492,242159,0
56,0,0,15,0,4,1493,242200,1
56,0,1,14,0,0,1494,243125,2
56,2,0,18,6,0,1495,243795,2
56,10,0,29,1,0,1496,246151,4
56,2,1,10,1,0,1497,246946,1
56,0,0,17,1,7,1498,247022,0
56,5,0,26,6,0,1499,247025,4
56,2,0,28,6,0,1500,248166,4
56,0,0,13,0,4,1501,248696,1
56,8,0,26,1,0,1502,253013,3
56,7,0,19,4,0,1503,253980,5
56,0,0,3,0,0,1504,254282,1
56,0,0,27,0,6,1505,255900,1
56,0,0,13,0,4,1506,255976,0
56,7,0,22,3,0,1507,256326,2
56,6,0,17,9,0,1508,256782,1
56,0,0,2,0,0,1509,256819,1
56,5,0,17,6,0,1510,259131,0
56,2,1,28,0,0,1511,259990,5
56,9,0,29,3,0,1512,260193,2
56,0,1,21,0,8,1513,260194,3
56,1,0,28,7,0,1514,260972,4
56,5,1,27,4,0,1515,261031,3
56,0,0,3,0,1,1516,261375,0
56,2,0,25,5,0,1517,262645,0
56,7,0,29,3,0,1518,263364,4
56,11,0,27,4,0,1519,263775,1
56,0,0,12,1,0,1520,266606,5
56,8,0,23,2,0,1521,268597,1
56,7,0,29,2,0,1522,270535,2
56,0,0,27,4,0,1523,270538,6
56,0,0,16,0,5,1524,270575,0
56,1,1,23,2,0,1525,271645,4
56,0,1,16,1,0,1526,272304,4
56,7,0,29,6,0,1527,272712,2
56,16,0,29,3,0,1528,272916,3
56,1,0,17,0,0,1529,272930,5
56,10,0,25,2,0,1530,272931,1
56,1,0,26,6,0,1531,273694,5
56,0,0,29,7,0,1532,273952,6
56,4,0,30,5,0,1533,274133,3
56,6,0,20,6,0,1534,274270,0
56,0,1,8,0,0,1535,275011,0
56,0,0,16,0,5,1536,275079,1
56,5,0,20,0,0,1537,276189,8
56,5,0,24,0,0,1538,276567,7
56,3,1,27,2,0,1539,277807,7
60,1,1,11,0,0,1540,70228,0
60,0,1,11,1,0,1541,70984,1
60,0,0,19,0,7,1542,169798,1
60,19,0,44,1,0,1543,187157,3
60,11,1,40,1,0,1544,195126,5
60,5,1,23,2,0,1545,198011,2
60,4,0,42,7,0,1546,198489,11
60,0,0,38,1,20,1547,199812,5
60,0,0,30,0,7,1548,203175,1
60,1,1,19,0,0,1549,203749,2
60,10,0,40,5,0,1550,206089,12
60,2,1,40,2,0,1551,206562,10
60,0,0,43,0,12,1552,206566,7
60,0,0,40,0,13,1553,212710,2
60,4,0,42,5,0,1554,213105,11
60,11,1,41,8,0,1555,213699,0
60,1,0,34,1,0,1556,215211,13
60,1,1,22,1,0,1557,222654,1
60,0,0,18,0,9,1558,223082,0
60,9,1,36,7,0,1559,224225,2
60,12,0,45,4,0,1560,225509,5
60,0,1,7,0,0,1561,225873,0
60,3,2,39,4,0,1562,228106,10
60,1,0,46,8,0,1563,228153,4
60,7,0,44,8,0,1564,228382,4
60,1,1,42,7,0,1565,229073,5
60,2,2,17,2,0,1566,229378,3
60,0,0,31,0,15,1567,231681,0
60,0,0,31,0,9,1568,233215,1
60,11,0,37,2,0,1569,233565,2
60,0,0,41,7,0,1570,234242,8
60,0,0,26,0,6,1571,234803,4
60,18,0,43,2,0,1572,235247,9
60,14,0,43,5,0,1573,235742,4
60,6,1,38,7,0,1574,235807,3
60,18,0,45,7,0,1575,236487,3
60,4,0,39,7,0,1576,237005,7
60,2,0,40,9,0,1577,237036,1
60,0,0,19,0,8,1578,237205,3
60,16,0,44,8,0,1579,237332,3
60,6,0,41,3,0,1580,239799,12
60,1,3,30,0,0,1581,239989,5
60,1,1,24,3,0,1582,240608,3
60,1,0,47,2,0,1583,240863,11
60,14,0,43,6,0,1584,241428,5
60,1,0,43,3,0,1585,242386,11
60,11,0,40,2,0,1586,242436,6
60,6,0,42,7,0,1587,243640,7
60,5,0,36,9,0,1588,245761,3
60,2,0,41,4,0,1589,245988,13
60,23,0,49,5,0,1590,246604,4
60,0,0,33,0,19,1591,246671,1
60,0,0,42,0,0,1592,250823,12
60,12,0,27,8,0,1593,251028,0
60,2,1,14,3,0,1594,252268,1
60,11,0,30,2,0,1595,252330,0
60,0,0,28,0,7,1596,252773,1
60,0,1,16,1,0,1597,253386,3
60,5,0,38,7,0,1598,255049,6
60,19,0,37,3,0,1599,255206,7
60,4,0,38,3,0,1600,255913,11
60,3,0,35,1,0,1601,256442,10
60,0,0,23,0,9,1602,256474,1
60,4,1,31,1,0,1603,257247,12
60,1,0,39,1,0,1604,258776,10
60,0,0,36,0,10,1605,258792,4
60,15,0,23,2,0,1606,258932,2
60,0,0,38,0,0,1607,259186,12
60,0,0,39,1,16,1608,259596,5
60,5,2,32,0,0,1609,261390,5
60,0,0,28,0,9,1610,262718,1
60,0,0,46,0,18,1611,263214,4
60,5,2,30,0,0,1612,263304,7
60,0,1,5,0,0,1613,263796,0
60,1,0,34,0,0,1614,264437,11
60,1,0,22,3,0,1615,264505,10
60,11,0,43,7,0,1616,265468,3
60,5,0,45,9,0,1617,265789,6
60,2,2,31,3,0,1618,268529,4
60,0,0,37,0,16,1619,268544,1
60,0,0,38,0,12,1620,268631,5
60,14,0,40,2,0,1621,269329,5
60,0,2,39,0,0,1622,270363,6
60,3,0,33,2,0,1623,270637,11
60,0,0,46,1,15,1624,271191,4
60,0,1,16,1,0,1625,271668,4
60,0,1,16,0,0,1626,275261,3
60,1,1,18,0,0,1627,276436,3
60,12,0,45,9,0,1628,278105,4
60,8,0,42,10,0,1629,278557,4
60,2,0,33,0,0,1630,279124,15
60,18,0,43,3,0,1631,279857,5
61,0,0,36,0,13,1632,19541,2
61,1,0,32,0,0,1633,70229,10
61,25,0,45,7,0,1634,72457,8
61,6,0,41,7,0,1635,73754,12
61,0,0,23,0,9,1636,173531,2
61,17,0,36,3,0,1637,180818,5
61,12,0,22,0,0,1638,192450,5
61,4,0,30,3,0,1639,193608,12
61,12,0,32,3,0,1640,194122,3
61,11,0,38,7,0,1641,195427,5
61,1,1,26,1,0,1642,198776,1
61,0,0,46,0,16,1643,200525,3
61,0,1,11,0,0,1644,200841,2
61,0,0,37,0,14,1645,202770,2
61,0,0,35,1,7,1646,203034,3
61,14,0,45,2,0,1647,203500,6
61,0,0,27,1,8,1648,207606,2
61,16,0,38,3,0,1649,207828,3
61,11,0,42,1,0,1650,208302,9
61,7,1,26,0,0,1651,210244,5
61,12,0,46,1,0,1652,212683,8
61,0,0,46,0,21,1653,213407,3
61,0,0,30,0,9,1654,213408,0
61,1,0,41,5,0,1655,213686,14
61,8,0,42,10,0,1656,216467,3
61,6,1,25,0,0,1657,216795,1
61,0,0,45,0,16,1658,219854,5
61,0,0,8,0,5,1659,223727,0
61,0,0,40,9,0,1660,223977,7
61,4,0,36,9,0,1661,224956,4
61,0,0,41,1,12,1662,225134,2
61,0,0,46,0,12,1663,225361,5
61,7,1,39,7,0,1664,225772,8
61,11,0,39,3,0,1665,226018,4
61,1,1,9,0,0,1666,226102,0
61,4,0,44,7,0,1667,226172,6
61,2,0,41,7,0,1668,228368,6
61,2,0,33,2,0,1669,228577,11
61,4,0,44,7,0,1670,228642,7
61,17,0,49,3,0,1671,229731,2
61,1,1,44,3,0,1672,230014,12
61,0,1,21,1,0,1673,230149,3
61,3,2,32,4,0,1674,230590,4
61,1,1,17,0,0,1675,232114,1
61,0,0,34,0,6,1676,233970,1
61,2,0,47,0,0,1677,234261,11
61,0,1,32,1,0,1678,234940,11
61,2,1,17,1,0,1679,235771,2
61,16,1,45,12,0,1680,235915,6
61,15,1,39,3,0,1681,236025,11
61,0,0,45,12,0,1682,236209,9
61,3,0,33,7,0,1683,236248,7
61,11,0,46,4,0,1684,236557,4
61,0,0,34,1,0,1685,238410,10
61,1,1,18,0,0,1686,238958,2
61,1,2,37,0,0,1687,240446,8
61,1,1,20,1,0,1688,240604,4
61,6,1,42,7,0,1689,240813,0
61,0,1,21,0,0,1690,241409,3
61,0,2,28,2,0,1691,242366,2
61,3,0,39,8,0,1692,243845,1
61,9,0,34,7,0,1693,246094,5
61,0,0,20,0,7,1694,246166,2
61,1,0,39,4,0,1695,246173,12
61,10,0,44,2,0,1696,247722,11
61,0,0,39,8,0,1697,247741,8
61,11,1,48,7,0,1698,248328,4
61,2,1,23,2,0,1699,248774,6
61,1,0,45,10,0,1700,250786,4
61,1,0,39,2,0,1701,250994,11
61,1,2,40,4,0,1702,251420,6
61,1,0,33,5,0,1703,251516,14
61,0,2,27,0,0,1704,254317,3
61,5,0,46,2,0,1705,255196,11
61,19,1,40,4,0,1706,256738,4
61,0,0,46,0,13,1707,257126,4
61,6,1,16,1,0,1708,257614,3
61,0,0,45,1,11,1709,257862,2
61,7,2,37,4,0,1710,258627,4
61,0,1,44,8,0,1711,259091,10
61,12,0,22,0,0,1712,260723,4
61,1,1,41,2,0,1713,262079,13
61,9,0,32,5,0,1714,263975,12
61,14,0,37,8,0,1715,266886,5
61,0,0,46,0,16,1716,268583,4
61,3,0,44,8,0,1717,269149,4
61,1,0,42,0,0,1718,270491,12
61,0,1,17,0,0,1719,270933,0
61,15,0,22,5,0,1720,274472,0
61,0,0,49,0,24,1721,276806,3
61,0,0,43,0,15,1722,276944,3
61,2,1,39,0,0,1723,277516,11
61,9,0,36,6,0,1724,278040,12
61,0,0,20,0,8,1725,279028,1
65,7,0,28,1,0,1726,70520,1
65,4,0,32,4,0,1727,71141,4
65,0,0,36,0,16,1728,157407,2
65,4,0,27,3,0,1729,183544,6
65,14,0,36,2,0,1730,183807,1
65,1,0,32,2,0,1731,198497,10
65,8,0,30,2,0,1732,198543,2
65,0,0,33,0,0,1733,198990,8
65,4,0,30,1,0,1734,200134,8
65,9,1,33,3,0,1735,200404,9
65,1,1,33,0,0,1736,202014,8
65,1,0,33,3,0,1737,202731,15
65,0,0,33,1,0,1738,203095,13
65,0,1,31,1,0,1739,205139,10
65,1,0,8,0,0,1740,207491,3
65,0,0,20,0,7,1741,208697,2
65,5,0,31,5,0,1742,210263,4
65,1,0,34,4,0,1743,227082,8
65,3,0,29,1,0,1744,227288,11
65,0,0,1,0,0,1745,227570,1
65,0,0,35,2,0,1746,227679,8
65,0,0,30,1,7,1747,228582,0
65,7,0,31,3,0,1748,229249,3
65,10,1,27,4,0,1749,230722,6
65,1,0,11,4,0,1750,230847,0
65,0,1,18,0,0,1751,231303,3
65,1,0,31,1,0,1752,233056,10
65,2,1,33,3,0,1753,233375,7
65,2,1,30,2,0,1754,233950,5
65,0,1,10,0,0,1755,235704,1
65,4,0,30,7,0,1756,236364,6
65,1,0,26,3,0,1757,236845,0
65,6,0,11,0,0,1758,237863,0
65,0,0,36,0,12,1759,237927,2
65,1,1,34,3,0,1760,240473,4
65,9,0,34,3,0,1761,240535,7
65,0,0,34,0,8,1762,241052,1
65,2,0,30,4,0,1763,241582,3
65,0,0,36,0,13,1764,242229,3
65,2,0,34,1,0,1765,242230,12
65,1,0,26,3,0,1766,242638,2
65,4,1,19,2,0,1767,242984,2
65,4,0,30,4,0,1768,243127,9
65,1,0,35,1,0,1769,243596,13
65,6,0,34,12,0,1770,243764,2
65,0,0,12,0,4,1771,244191,0
65,7,0,32,2,0,1772,244321,4
65,1,0,35,1,0,1773,246136,9
65,2,0,31,1,0,1774,246591,15
65,0,0,36,1,16,1775,246987,2
65,2,0,22,3,0,1776,247001,2
65,5,0,28,4,0,1777,251219,4
65,0,1,24,0,0,1778,251283,5
65,3,1,13,0,0,1779,251454,2
65,1,0,35,0,0,1780,252754,8
65,4,0,13,3,0,1781,252758,6
65,7,0,35,10,0,1782,255621,5
65,1,1,28,2,0,1783,255628,8
65,0,1,9,0,0,1784,259234,1
65,0,2,30,1,0,1785,260881,7
65,1,0,8,0,0,1786,260885,1
65,13,0,29,2,0,1787,260951,5
65,0,0,12,0,5,1788,261284,3
65,0,0,19,4,0,1789,261876,3
65,8,0,25,4,0,1790,263840,0
65,0,0,35,2,0,1791,264695,8
65,0,0,4,0,0,1792,265575,1
65,6,0,14,2,0,1793,269954,4
65,0,1,11,1,0,1794,274390,1
65,0,0,19,1,4,1795,274852,1
65,6,0,31,1,0,1796,276346,3
65,6,0,17,1,0,1797,277532,3
65,1,0,6,0,0,1798,277852,0
65,0,0,4,0,0,1799,278511,2
65,0,0,4,0,0,1800,278641,3
65,0,0,5,0,0,1801,278642,1
65,0,1,7,0,0,1802,279520,2
66,0,1,23,0,0,1803,70084,1
66,8,0,16,1,0,1804,72589,2
66,1,0,27,2,0,1805,72616,8
66,0,0,31,0,5,1806,72923,2
66,0,0,10,0,4,1807,73285,0
66,1,0,27,3,0,1808,74352,9
66,3,1,15,2,0,1809,76839,3
66,1,1,13,0,0,1810,77092,0
66,7,0,33,10,0,1811,177922,3
66,0,0,34,0,8,1812,194333,2
66,1,0,31,4,0,1813,198046,10
66,0,2,27,1,0,1814,201132,6
66,1,0,28,4,0,1815,203575,8
66,2,0,29,7,0,1816,204078,6
66,21,0,32,5,0,1817,206626,1
66,0,2,25,1,0,1818,208088,5
66,0,0,25,1,0,1819,209417,9
66,0,0,22,0,0,1820,210401,9
66,0,2,22,0,0,1821,214884,4
66,9,0,25,1,0,1822,216003,3
66,0,0,34,0,9,1823,216110,2
66,0,0,30,0,6,1824,219967,2
66,0,0,14,0,3,1825,220482,0
66,1,0,31,2,0,1826,220616,9
66,8,0,27,7,0,1827,222467,3
66,0,0,11,0,3,1828,222908,0
66,0,1,17,0,0,1829,223426,2
66,0,0,23,1,0,1830,224062,8
66,16,0,34,6,0,1831,224146,1
66,2,0,26,3,0,1832,224336,7
66,2,1,28,8,0,1833,225996,3
66,0,0,33,1,4,1834,229227,2
66,8,0,32,5,0,1835,230046,1
66,10,0,28,2,0,1836,231601,2
66,0,0,23,0,3,1837,232131,2
66,3,1,30,2,0,1838,235005,7
66,0,0,34,0,14,1839,235304,0
66,2,0,28,7,0,1840,235471,1
66,0,0,34,0,14,1841,236330,3
66,2,0,34,7,0,1842,236363,2
66,0,1,16,2,0,1843,236508,2
66,9,0,30,4,0,1844,236692,3
66,0,1,15,2,0,1845,238895,2
66,0,0,34,6,0,1846,239106,3
66,10,0,31,1,0,1847,239267,6
66,0,1,16,0,0,1848,239505,2
66,12,0,31,2,0,1849,240847,2
66,9,0,22,3,0,1850,241921,4
66,4,0,26,6,0,1851,242509,1
66,0,0,34,0,11,1852,242514,1
66,0,0,28,3,0,1853,242629,9
66,8,0,33,5,0,1854,243551,3
66,8,1,33,2,0,1855,243870,5
66,2,0,31,5,0,1856,243949,5
66,16,0,34,4,0,1857,244185,3
66,0,0,12,0,4,1858,244551,2
66,2,0,29,0,0,1859,245540,8
66,18,0,34,7,0,1860,245582,3
66,5,0,30,7,0,1861,250932,2
66,1,1,24,0,0,1862,251760,2
66,1,1,9,0,0,1863,251764,1
66,1,1,12,0,0,1864,252509,0
66,4,0,25,0,0,1865,252913,7
66,8,0,22,3,0,1866,254148,4
66,3,0,29,7,0,1867,254333,4
66,0,2,30,3,0,1868,254822,5
66,4,0,25,8,0,1869,255361,5
66,6,2,31,4,0,1870,255855,3
66,0,0,17,0,4,1871,256953,2
66,4,0,30,3,0,1872,257473,8
66,2,0,32,7,0,1873,258276,3
66,0,0,34,1,17,1874,258311,1
66,13,0,31,5,0,1875,258698,4
66,3,0,28,2,0,1876,258713,7
66,8,0,30,1,0,1877,260941,3
66,0,0,22,0,4,1878,262251,1
66,14,0,32,0,0,1879,262314,5
66,1,0,23,3,0,1880,262699,7
66,1,1,26,0,0,1881,263262,2
66,3,0,32,6,0,1882,263303,3
66,0,0,20,0,3,1883,263763,2
66,2,0,27,5,0,1884,266277,1
66,0,1,7,0,0,1885,266437,0
66,0,0,31,0,10,1886,267994,3
66,2,0,25,1,0,1887,268098,7
66,0,1,19,0,0,1888,269427,3
66,4,0,31,0,0,1889,269616,11
66,1,0,20,6,0,1890,271326,1
66,0,1,22,0,0,1891,273855,2
66,0,0,26,5,0,1892,275951,0
66,2,0,29,1,0,1893,276395,9
66,1,0,19,2,0,1894,276680,8
66,9,0,18,2,0,1895,276735,2
66,0,0,17,0,4,1896,277330,2
66,0,0,29,0,4,1897,277967,1
68,0,1,32,2,0,1898,72888,9
68,0,1,24,0,0,1899,72889,2
68,13,0,29,9,0,1900,73398,5
68,1,1,10,0,0,1901,74402,2
68,14,0,35,4,0,1902,180930,1
68,1,0,34,0,12,1903,182494,8
68,0,0,34,0,11,1904,190113,4
68,15,0,30,4,0,1905,192387,4
68,0,0,34,0,8,1906,194372,5
68,8,0,29,1,0,1907,200713,1
68,2,1,25,0,0,1908,204451,3
68,4,1,30,6,0,1909,205678,3
68,0,1,11,2,0,1910,208053,0
68,1,0,27,6,0,1911,208574,5
68,0,0,33,1,7,1912,210327,3
68,3,1,23,2,0,1913,210372,4
68,4,4,29,0,0,1914,211250,3
68,0,1,3,0,2,1915,211908,0
68,1,0,27,6,0,1916,212045,3
68,0,1,12,1,0,1917,212138,2
68,0,0,33,8,0,1918,212491,9
68,9,0,16,1,0,1919,212523,3
68,1,2,25,1,0,1920,213064,8
68,19,0,36,2,0,1921,215323,3
68,5,1,34,7,0,1922,215531,7
68,1,1,11,0,0,1923,215785,3
68,12,0,35,5,0,1924,216547,5
68,3,0,29,9,0,1925,216580,8
68,15,0,32,2,0,1926,217007,8
68,2,0,33,8,0,1927,220175,6
68,1,0,29,2,0,1928,221000,11
68,1,0,34,0,0,1929,221989,9
68,21,1,33,2,0,1930,223113,6
68,2,0,35,7,0,1931,223134,8
68,0,0,11,0,1,1932,223174,1
68,0,0,36,0,14,1933,223175,3
68,2,0,26,3,0,1934,224158,9
68,0,0,34,8,0,1935,224885,3
68,8,0,33,7,0,1936,224890,9
68,11,0,28,2,0,1937,226295,0
68,0,0,32,0,13,1938,226300,3
68,9,0,34,8,0,1939,226517,5
68,0,0,8,0,1,1940,229637,0
68,13,1,29,2,0,1941,230857,5
68,0,0,32,0,7,1942,232007,2
68,26,0,30,5,0,1943,232293,4
68,3,1,33,0,0,1944,233097,9
68,10,0,36,5,0,1945,233897,2
68,2,0,27,1,0,1946,234171,10
68,0,3,28,1,0,1947,234226,7
68,0,0,13,0,4,1948,234341,0
68,4,1,23,2,0,1949,234711,3
68,20,0,34,4,0,1950,235410,4
68,0,0,34,0,10,1951,235931,4
68,0,0,6,0,2,1952,237553,0
68,3,0,31,12,0,1953,239045,7
68,0,0,34,0,10,1954,239254,5
68,9,0,35,3,0,1955,239747,3
68,7,0,30,10,0,1956,239892,4
68,0,1,21,0,0,1957,240064,8
68,0,0,25,0,9,1958,240856,4
68,0,0,22,0,8,1959,241671,0
68,0,2,15,0,0,1960,242919,1
68,0,1,14,0,0,1961,243549,2
68,10,1,34,4,0,1962,244685,5
68,0,1,27,0,0,1963,245022,9
68,9,0,32,6,0,1964,245762,9
68,0,0,18,1,4,1965,250897,3
68,9,0,30,3,0,1966,251260,8
68,3,0,33,5,0,1967,254296,10
68,5,0,33,9,0,1968,255109,1
68,0,0,35,8,0,1969,255776,7
68,0,0,22,0,4,1970,258390,4
68,2,0,32,0,0,1971,258642,12
68,2,0,33,3,0,1972,258777,9
68,2,0,29,4,0,1973,262411,9
68,2,1,19,0,0,1974,263021,7
68,12,0,32,3,0,1975,263205,9
68,5,0,32,4,0,1976,263432,10
68,0,2,30,5,0,1977,263808,8
68,2,1,29,3,0,1978,264485,9
68,5,0,31,10,0,1979,269456,4
68,2,0,31,8,0,1980,270571,4
68,0,1,10,1,0,1981,271368,0
68,6,1,32,7,0,1982,275691,5
68,2,1,18,4,0,1983,276547,4
68,0,0,35,8,0,1984,277217,6
68,0,0,1,0,0,1985,277284,1
68,0,0,33,1,0,1986,277749,10
68,0,0,12,0,4,1987,278024,2
68,2,0,33,0,0,1988,279928,10
80,0,1,21,0,0,1989,71350,1
80,1,0,31,1,0,1990,72245,8
80,0,0,17,0,2,1991,72534,1
80,0,2,22,0,0,1992,72541,4
80,5,0,31,6,0,1993,72542,6
80,0,0,15,0,5,1994,72937,0
80,1,0,30,3,0,1995,72975,8
80,0,0,27,1,4,1996,73119,0
80,0,0,22,4,0,1997,73121,1
80,10,0,31,8,0,1998,73288,5
80,12,0,33,2,0,1999,73607,1
80,2,0,24,5,0,2000,73610,0
80,8,0,20,3,0,2001,73952,1
80,0,1,6,0,0,2002,74361,0
80,2,1,25,1,0,2003,74981,6
80,0,0,26,1,0,2004,74992,9
80,0,1,25,2,0,2005,75045,9
80,0,0,29,0,0,2006,189060,8
80,3,0,21,4,0,2007,191783,2
80,4,1,22,1,0,2008,193260,0
80,0,0,32,0,10,2009,193272,1
80,0,1,15,1,0,2010,199215,2
80,1,2,26,0,0,2011,203026,2
80,0,0,11,0,5,2012,204092,0
80,0,0,29,0,4,2013,205759,1
80,0,0,21,0,7,2014,215522,3
80,7,0,28,3,0,2015,216582,6
80,1,1,21,0,0,2016,220665,4
80,4,0,30,5,0,2017,221896,5
80,0,0,2,0,1,2018,223868,0
80,0,1,14,0,0,2019,224267,1
80,2,0,25,4,0,2020,224271,3
80,14,0,31,1,0,2021,226958,6
80,0,0,32,0,8,2022,228562,3
80,1,0,29,1,0,2023,229477,9
80,2,0,28,1,0,2024,229818,8
80,13,0,29,3,0,2025,235416,4
80,0,1,27,3,0,2026,239476,9
80,0,0,2,1,1,2027,239898,0
80,12,0,30,13,0,2028,242815,11
80,1,0,27,0,0,2029,243442,8
80,0,0,30,0,7,2030,243675,0
80,1,0,27,2,0,2031,244783,8
80,0,0,21,0,9,2032,244810,1
80,0,1,15,1,0,2033,244940,2
80,12,0,32,3,0,2034,245058,3
80,2,0,31,5,0,2035,247041,3
80,10,0,31,6,0,2036,248356,7
80,1,1,27,3,0,2037,248471,9
80,1,1,24,1,0,2038,250780,3
80,11,0,31,3,0,2039,251431,6
80,0,0,22,5,0,2040,252573,1
80,2,1,10,1,0,2041,252873,1
80,7,0,22,2,0,2042,252960,1
80,11,1,30,5,0,2043,256127,0
80,0,1,32,0,10,2044,256938,1
80,0,0,3,0,1,2045,257304,0
80,0,0,30,0,9,2046,257497,1
80,1,0,24,5,0,2047,258036,3
80,2,1,27,3,0,2048,258601,9
80,0,1,31,1,0,2049,258806,7
80,3,0,28,0,0,2050,259082,7
80,0,0,1,0,1,2051,259678,1
80,5,0,16,2,0,2052,260020,2
80,13,0,30,4,0,2053,260236,1
80,5,1,21,2,0,2054,261293,2
80,2,0,28,4,0,2055,262383,11
80,2,0,32,2,0,2056,263233,7
80,0,1,11,0,0,2057,263313,3
80,0,0,2,0,1,2058,263961,1
80,9,0,31,1,0,2059,264247,6
80,2,0,24,0,0,2060,265754,7
80,2,0,29,5,0,2061,268504,3
80,0,0,26,0,6,2062,269694,2
80,0,1,3,0,0,2063,269855,0
80,4,0,32,8,0,2064,270017,1
80,11,0,16,4,0,2065,270050,2
80,0,0,32,0,8,2066,270996,3
80,0,0,19,4,0,2067,271000,5
80,2,2,26,1,0,2068,271002,3
80,6,0,31,0,0,2069,271005,5
80,10,0,30,2,0,2070,271384,9
80,7,0,27,2,0,2071,273652,4
80,10,0,26,5,0,2072,274288,0
80,5,1,18,2,0,2073,274527,1
80,4,0,34,6,0,2074,275638,0
80,2,1,22,0,0,2075,275918,5
80,3,0,22,6,0,2076,275978,1
80,0,1,0,0,0,2077,277445,0
83,3,1,37,1,0,2078,70419,5
83,0,0,25,2,0,2079,70636,6
83,0,0,1,0,0,2080,70762,1
83,12,0,38,5,0,2081,71106,2
83,0,0,4,0,0,2082,71309,1
83,0,0,2,0,0,2083,71459,1
83,0,0,23,4,0,2084,155355,3
83,0,2,28,0,0,2085,184901,6
83,1,1,31,2,0,2086,199236,5
83,6,0,36,3,0,2087,199266,1
83,0,0,26,1,0,2088,202968,5
83,6,0,26,3,0,2089,207494,4
83,1,0,22,0,0,2090,208063,5
83,0,1,26,0,0,2091,208073,3
83,0,0,35,1,9,2092,210941,1
83,4,1,28,2,0,2093,211786,1
83,0,0,38,0,14,2094,212432,3
83,0,1,18,0,0,2095,212439,4
83,0,0,9,0,1,2096,212839,1
83,0,0,8,0,1,2097,212915,1
83,10,1,33,4,0,2098,213189,1
83,0,2,20,3,0,2099,213317,2
83,0,1,36,0,8,2100,221759,1
83,3,0,34,2,0,2101,221767,6
83,0,0,13,0,5,2102,221912,2
83,1,0,25,0,0,2103,222582,5
83,11,0,30,9,0,2104,225733,3
83,0,0,14,0,0,2105,226651,5
83,0,0,27,0,4,2106,228130,2
83,0,1,8,0,0,2107,228191,0
83,1,0,25,1,0,2108,228461,6
83,6,0,27,1,0,2109,228534,0
83,6,0,29,3,0,2110,229694,1
83,0,0,30,0,0,2111,231942,6
83,2,0,12,5,0,2112,232000,1
83,0,0,31,0,9,2113,232065,0
83,2,0,28,4,0,2114,232857,4
83,5,0,29,4,0,2115,233011,2
83,5,0,28,8,0,2116,233018,1
83,2,1,10,0,0,2117,233214,0
83,0,0,29,0,7,2118,233286,1
83,13,0,37,8,0,2119,233568,1
83,4,0,29,4,0,2120,234222,2
83,11,0,38,6,0,2121,234264,3
83,8,0,36,3,0,2122,234276,0
83,0,0,8,0,3,2123,234301,0
83,0,0,34,0,8,2124,237778,3
83,0,0,26,0,0,2125,238098,7
83,7,0,28,2,0,2126,238763,4
83,1,1,17,0,0,2127,242826,2
83,0,1,5,1,0,2128,243175,2
83,0,1,27,0,0,2129,243673,3
83,12,0,26,7,0,2130,245054,5
83,0,0,12,0,3,2131,245074,1
83,0,0,25,1,0,2132,245981,5
83,6,0,15,3,0,2133,247471,2
83,0,1,6,0,0,2134,247689,0
83,1,0,32,4,0,2135,247844,5
83,6,0,28,6,0,2136,248188,4
83,0,0,23,1,0,2137,248487,6
83,0,0,28,0,6,2138,251157,3
83,1,0,36,4,0,2139,251161,6
83,0,0,16,0,6,2140,252658,4
83,7,0,38,14,0,2141,254225,3
83,0,0,3,0,0,2142,254914,1
83,0,1,12,0,0,2143,255035,1
83,0,0,7,0,2,2144,255919,0
83,7,0,22,5,0,2145,256370,0
83,2,0,23,1,0,2146,259843,6
83,5,1,29,2,0,2147,261105,4
83,9,0,27,4,0,2148,261115,2
83,0,1,13,0,0,2149,261116,2
83,0,0,35,5,0,2150,261128,6
83,1,0,22,0,0,2151,261582,8
83,2,2,26,1,0,2152,263034,6
83,0,0,15,0,6,2153,266323,0
83,0,0,36,5,0,2154,266751,5
83,7,0,32,0,0,2155,267825,4
83,1,0,36,1,0,2156,268342,8
83,0,0,36,1,0,2157,269093,7
83,3,1,35,2,0,2158,272733,2
83,0,0,26,4,0,2159,273800,1
83,6,0,33,2,0,2160,276616,3
189,3,0,16,2,0,2161,71151,7
189,4,0,27,3,0,2162,73427,7
189,1,1,20,0,0,2163,73657,1
189,0,1,14,0,0,2164,74643,3
189,0,1,13,0,0,2165,74876,4
189,0,0,3,0,0,2166,75524,1
189,0,0,3,0,0,2167,75943,1
189,0,0,25,0,4,2168,189021,3
189,7,0,20,3,0,2169,190059,3
189,0,0,36,0,12,2170,190243,1
189,18,0,34,21,0,2171,193348,3
189,0,1,30,2,0,2172,199282,8
189,0,0,38,1,11,2173,204842,0
189,0,0,33,0,9,2174,205878,3
189,14,0,38,10,0,2175,206254,3
189,0,0,13,0,4,2176,206307,0
189,7,0,26,5,0,2177,210537,7
189,9,1,21,3,0,2178,211903,2
189,0,1,17,0,0,2179,213323,4
189,0,0,17,0,1,2180,219244,1
189,10,2,30,6,0,2181,222352,1
189,0,0,38,0,7,2182,223898,3
189,0,0,1,0,0,2183,223968,1
189,5,1,25,4,0,2184,228645,9
189,9,0,36,2,0,2185,229336,4
189,0,0,38,0,6,2186,229956,2
189,3,0,37,7,0,2187,231039,6
189,0,0,22,5,0,2188,232708,3
189,8,0,34,2,0,2189,233139,5
189,15,0,37,3,0,2190,233917,2
189,0,0,31,4,0,2191,234138,8
189,2,0,33,0,0,2192,234817,12
189,11,0,18,0,0,2193,234913,3
189,4,0,35,6,0,2194,239016,6
189,9,0,31,1,0,2195,239432,3
189,1,0,32,1,0,2196,240008,10
189,7,0,37,6,0,2197,240503,6
189,5,0,26,6,0,2198,240544,6
189,14,1,31,3,0,2199,241266,2
189,0,0,30,0,0,2200,243275,7
189,0,0,34,0,10,2201,243538,4
189,2,2,27,1,0,2202,243661,8
189,4,0,22,5,0,2203,243838,0
189,2,1,35,7,0,2204,244399,8
189,0,1,27,0,0,2205,244490,9
189,1,1,26,0,0,2206,245017,2
189,5,1,21,3,0,2207,245749,2
189,6,0,34,5,0,2208,246168,2
189,0,0,34,0,5,2209,247077,3
189,3,0,28,5,0,2210,247519,2
189,0,1,14,0,0,2211,248661,3
189,2,1,21,3,0,2212,250764,3
189,1,0,32,6,0,2213,252025,7
189,1,1,20,0,0,2214,252038,1
189,13,0,35,0,0,2215,252386,5
189,7,2,22,1,0,2216,253173,5
189,0,0,21,0,7,2217,256726,1
189,8,0,38,2,0,2218,256980,0
189,7,1,27,2,0,2219,258924,0
189,1,0,30,0,0,2220,259074,10
189,7,0,35,5,0,2221,259268,8
189,12,0,28,4,0,2222,260272,3
189,13,1,36,8,0,2223,260651,3
189,0,0,38,0,8,2224,262862,2
189,0,1,8,0,0,2225,263112,2
189,1,0,29,2,0,2226,263317,7
189,7,0,34,7,0,2227,263745,5
189,1,0,29,1,0,2228,263854,7
189,1,1,30,1,0,2229,263968,7
189,0,1,18,0,0,2230,264033,4
189,4,0,36,6,0,2231,264423,2
189,4,0,26,5,0,2232,264584,3
189,4,1,25,0,0,2233,264705,0
189,0,1,14,0,0,2234,264785,2
189,0,0,3,0,0,2235,266159,1
189,9,0,18,4,0,2236,266395,1
189,10,0,37,3,0,2237,268273,0
189,0,0,1,0,0,2238,269793,1
189,0,0,37,0,7,2239,270038,5
189,9,0,31,6,0,2240,270328,6
189,2,0,31,2,0,2241,270913,8
189,0,0,27,5,0,2242,271573,8
189,0,0,3,0,0,2243,271638,3
189,0,0,2,0,0,2244,275600,1
189,1,1,35,0,0,2245,276969,9
308,8,0,29,4,0,2246,70971,1
308,0,0,25,6,0,2247,72093,5
308,10,0,23,4,0,2248,72997,3
308,2,1,31,0,0,2249,73128,11
308,3,2,31,1,0,2250,73349,8
308,7,0,21,0,0,2251,74649,4
308,1,1,6,1,0,2252,76992,1
308,0,0,23,0,6,2253,140233,4
308,0,1,1,0,0,2254,157970,0
308,1,2,22,2,0,2255,162347,4
308,8,0,25,5,0,2256,183898,5
308,1,0,24,0,0,2257,192636,8
308,0,0,29,0,5,2258,195668,3
308,0,0,17,0,6,2259,210385,2
308,8,0,27,7,0,2260,211368,1
308,10,0,26,2,0,2261,211561,4
308,0,1,9,0,0,2262,212213,0
308,10,0,34,6,0,2263,213516,2
308,1,2,29,0,0,2264,214606,6
308,0,0,34,0,13,2265,219754,3
308,0,0,12,4,0,2266,226370,0
308,19,0,34,7,0,2267,229188,3
308,5,0,30,2,0,2268,229453,8
308,0,0,14,0,4,2269,231474,0
308,3,0,29,5,0,2270,231913,1
308,0,0,32,0,16,2271,234577,0
308,0,1,29,0,0,2272,234992,10
308,0,0,33,0,8,2273,235574,5
308,0,0,15,0,5,2274,236046,2
308,8,0,18,0,0,2275,239482,4
308,0,0,29,0,7,2276,239816,6
308,0,0,18,0,7,2277,240834,1
308,5,0,14,4,0,2278,240950,3
308,39,0,33,7,0,2279,241651,4
308,0,1,0,0,0,2280,241976,0
308,11,0,33,0,0,2281,243047,1
308,11,0,34,3,0,2282,243169,1
308,1,1,20,2,0,2283,243205,1
308,7,0,33,7,0,2284,243245,8
308,1,1,25,2,0,2285,244206,9
308,2,1,28,2,0,2286,244669,9
308,9,0,34,14,0,2287,244778,1
308,0,1,21,0,0,2288,245021,4
308,2,0,29,2,0,2289,246918,13
308,1,0,31,2,0,2290,246974,9
308,0,0,26,0,3,2291,247866,2
308,2,1,23,0,0,2292,248386,11
308,0,0,32,0,13,2293,250753,1
308,4,0,19,5,0,2294,251377,4
308,0,0,29,1,0,2295,251446,8
308,3,0,31,10,0,2296,251615,2
308,1,1,18,0,0,2297,252001,5
308,3,0,18,4,0,2298,252143,3
308,9,0,33,3,0,2299,253167,3
308,0,1,29,0,0,2300,253276,8
308,5,1,17,3,0,2301,255069,6
308,0,0,28,0,6,2302,257635,1
308,5,0,30,5,0,2303,257899,1
308,0,1,15,0,0,2304,258315,3
308,0,0,29,0,6,2305,258328,4
308,1,0,29,0,0,2306,258457,8
308,11,0,30,9,0,2307,258580,3
308,0,1,16,0,0,2308,258687,0
308,1,0,29,0,0,2309,258728,10
308,0,0,17,0,8,2310,258936,0
308,0,0,31,2,0,2311,260599,9
308,7,0,24,2,0,2312,262642,1
308,0,0,33,0,7,2313,263673,2
308,0,1,10,0,0,2314,264825,2
308,3,1,16,1,0,2315,265701,0
308,0,0,32,0,0,2316,266461,10
308,3,0,32,1,0,2317,268889,9
308,0,0,32,0,7,2318,270054,4
308,0,0,2,0,2,2319,270060,0
308,0,0,11,0,7,2320,270141,1
308,2,2,31,0,0,2321,270531,5
308,14,1,31,2,0,2322,270983,11
308,0,1,28,4,0,2323,271017,10
308,4,0,33,6,0,2324,271057,7
308,2,0,27,1,0,2325,271451,8
308,0,1,15,2,0,2326,271539,3
308,0,0,34,0,11,2327,271571,4
308,0,1,16,0,0,2328,271576,1
308,0,1,5,0,0,2329,273560,0
308,8,0,33,1,0,2330,275360,8
308,7,0,31,6,0,2331,275545,6
308,0,0,11,4,0,2332,277252,0
308,19,1,30,3,0,2333,277581,3
308,9,0,33,3,0,2334,277594,5
308,5,1,28,5,0,2335,277689,0
308,0,1,11,0,0,2336,277752,2
308,4,0,27,2,0,2337,277878,10
330,0,0,35,0,0,2338,70298,9
330,0,0,16,0,6,2339,70959,2
330,8,0,27,1,0,2340,72620,5
330,1,1,19,0,0,2341,72637,3
330,1,1,20,2,0,2342,72694,2
330,1,0,30,5,0,2343,72721,8
330,0,0,22,0,9,2344,72802,0
330,0,0,12,0,3,2345,73297,1
330,7,0,34,2,0,2346,73404,8
330,9,1,39,6,0,2347,73406,3
330,3,1,19,2,0,2348,75027,4
330,9,1,30,10,0,2349,197971,9
330,0,0,13,0,5,2350,202886,1
330,2,1,34,0,0,2351,204211,13
330,0,0,21,0,8,2352,205554,3
330,0,1,36,2,0,2353,212048,12
330,11,0,39,7,0,2354,212226,5
330,0,0,19,0,8,2355,213649,2
330,6,0,39,6,0,2356,215601,2
330,7,0,33,6,0,2357,216800,6
330,10,0,39,2,0,2358,220177,5
330,0,0,39,0,11,2359,222221,1
330,0,0,35,0,11,2360,226656,5
330,0,1,18,0,0,2361,227706,4
330,9,0,38,6,0,2362,228388,6
330,19,0,37,8,0,2363,229804,11
330,0,1,18,0,0,2364,234910,8
330,1,1,23,0,0,2365,235442,3
330,7,0,27,0,0,2366,237378,3
330,4,0,31,4,0,2367,237666,2
330,1,2,31,4,0,2368,237989,5
330,0,0,28,0,11,2369,239271,3
330,1,1,21,0,0,2370,242358,1
330,4,0,35,5,0,2371,242513,4
330,1,0,36,5,0,2372,243000,9
330,2,1,24,0,0,2373,243398,2
330,6,0,38,5,0,2374,244143,5
330,4,0,35,5,0,2375,244147,2
330,6,1,35,0,0,2376,244474,10
330,0,2,33,2,0,2377,246561,4
330,8,2,31,1,0,2378,246827,9
330,8,0,19,1,0,2379,247941,1
330,0,0,33,1,0,2380,247950,8
330,13,0,38,3,0,2381,247955,5
330,1,0,36,4,0,2382,247968,8
330,8,1,17,3,0,2383,247972,3
330,0,0,36,1,10,2384,247976,1
330,0,1,32,1,0,2385,248002,8
330,8,1,35,11,0,2386,248049,5
330,0,0,37,0,12,2387,248054,3
330,0,0,27,0,4,2388,248071,1
330,0,0,38,0,16,2389,248073,2
330,0,0,24,0,6,2390,248091,2
330,1,0,31,8,0,2391,248095,7
330,0,0,24,0,8,2392,248586,4
330,23,0,35,3,0,2393,248674,5
330,0,0,25,0,10,2394,251034,2
330,0,0,23,0,6,2395,251036,2
330,1,1,30,7,0,2396,251076,7
330,1,2,35,0,0,2397,251781,7
330,11,0,38,4,0,2398,251880,6
330,3,0,34,1,0,2399,252574,9
330,1,2,27,0,0,2400,252675,6
330,2,1,12,0,0,2401,252697,0
330,0,0,11,1,4,2402,253688,1
330,0,1,5,1,0,2403,256271,1
330,0,0,14,0,7,2404,257374,2
330,2,0,34,5,0,2405,258364,6
330,0,2,33,2,0,2406,262788,3
330,1,3,35,0,0,2407,266564,6
330,16,0,29,4,0,2408,266728,6
330,4,0,37,1,0,2409,266792,8
330,0,0,3,0,2,2410,269406,1
330,0,0,36,0,0,2411,269411,9
330,0,0,35,1,0,2412,269424,11
330,12,0,37,4,0,2413,271704,5
330,4,0,37,7,0,2414,275225,2
330,6,1,26,2,0,2415,275739,3
330,7,0,30,2,0,2416,275901,8
330,2,0,30,6,0,2417,276259,2
330,1,2,30,1,0,2418,277618,3
330,6,0,36,1,0,2419,278086,9
350,25,0,30,3,0,2420,20801,2
350,0,1,17,0,0,2421,72741,1
350,0,0,34,0,9,2422,73562,2
350,21,0,29,9,0,2423,165153,1
350,0,0,32,0,5,2424,167959,1
350,14,0,34,4,0,2425,181291,0
350,17,1,32,3,0,2426,188567,1
350,0,0,33,0,14,2427,192984,2
350,9,0,30,5,0,2428,203980,4
350,8,0,31,10,0,2429,204485,4
350,0,0,33,0,8,2430,205211,3
350,14,0,32,11,0,2431,208722,4
350,1,2,27,0,0,2432,208965,9
350,2,0,32,1,0,2433,209499,8
350,6,0,28,7,0,2434,209888,1
350,0,0,31,0,9,2435,209981,2
350,15,0,32,15,0,2436,210602,3
350,1,0,26,1,0,2437,211152,8
350,10,0,33,4,0,2438,211395,3
350,5,0,29,7,0,2439,212207,4
350,23,0,30,4,0,2440,212228,5
350,21,1,26,2,0,2441,213761,4
350,2,0,28,5,0,2442,216352,12
350,0,0,25,1,0,2443,222709,10
350,9,0,30,10,0,2444,222737,3
350,0,0,34,0,8,2445,222951,2
350,11,0,17,3,0,2446,223627,2
350,12,0,31,6,0,2447,223848,3
350,1,0,26,8,0,2448,224293,6
350,0,1,15,0,0,2449,225316,2
350,13,0,25,7,0,2450,225953,4
350,2,1,19,7,0,2451,226766,3
350,0,0,22,0,0,2452,230713,9
350,0,1,29,0,0,2453,230762,8
350,2,0,30,5,0,2454,230938,8
350,0,0,28,5,0,2455,230965,12
350,0,0,1,0,1,2456,231146,0
350,1,0,24,3,0,2457,231801,10
350,1,1,14,0,0,2458,231821,3
350,0,1,11,1,0,2459,234134,4
350,15,0,34,0,0,2460,234333,1
350,20,1,28,5,0,2461,234579,6
350,0,0,28,1,12,2462,234642,0
350,0,0,32,0,5,2463,234903,1
350,12,0,30,4,0,2464,234906,5
350,0,0,33,7,0,2465,234930,3
350,0,1,4,0,0,2466,235551,0
350,0,0,28,0,0,2467,235890,11
350,7,0,29,7,0,2468,238043,3
350,0,0,28,0,7,2469,241727,1
350,4,0,30,6,0,2470,241809,5
350,5,1,24,14,0,2471,241852,4
350,0,2,13,0,0,2472,241862,2
350,0,0,18,0,4,2473,242352,0
350,13,0,33,3,0,2474,242374,1
350,0,0,27,0,0,2475,242506,11
350,3,1,14,1,0,2476,242893,5
350,0,0,16,0,7,2477,243830,0
350,1,2,26,1,0,2478,243854,2
350,0,0,2,0,2,2479,245276,0
350,0,1,11,1,0,2480,245420,2
350,0,0,3,0,1,2481,245435,0
350,8,1,13,0,0,2482,247172,4
350,5,0,31,1,0,2483,247257,8
350,0,0,20,0,2,2484,248256,2
350,0,0,31,1,0,2485,250952,8
350,2,1,30,6,0,2486,254685,6
350,0,0,5,0,2,2487,254792,0
350,0,0,16,1,2,2488,255368,2
350,12,0,32,1,0,2489,255487,4
350,1,0,31,1,0,2490,256130,9
350,3,0,32,9,0,2491,256688,3
350,13,0,28,6,0,2492,259265,4
350,1,1,22,1,0,2493,260010,4
350,0,1,5,0,0,2494,260250,0
350,3,2,28,1,0,2495,261357,2
350,0,2,31,2,0,2496,261737,4
350,2,0,30,1,0,2497,263182,9
350,5,0,31,10,0,2498,263824,6
350,0,0,8,0,1,2499,263867,0
350,8,0,26,7,0,2500,263893,4
350,0,1,30,1,10,2501,263976,2
350,1,1,15,2,0,2502,270000,1
350,0,0,21,5,0,2503,270331,8
350,1,0,25,6,0,2504,272829,2
350,0,1,31,1,0,2505,272906,11
350,0,0,30,1,0,2506,275549,8
350,0,1,20,1,0,2507,275557,3
350,0,1,17,0,0,2508,276609,3
350,0,1,15,2,0,2509,277233,4
350,0,0,26,0,0,2510,277474,8
350,17,0,24,2,0,2511,277797,2
350,0,0,1,0,1,2512,279593,0
351,0,1,12,1,0,2513,70192,1
351,1,1,18,2,0,2514,70805,3
351,1,1,28,1,0,2515,73098,4
351,0,0,2,0,0,2516,73103,1
351,0,1,2,0,0,2517,73104,1
351,0,0,4,0,0,2518,73659,1
351,0,0,2,0,0,2519,74756,1
351,0,0,6,0,1,2520,74986,0
351,4,0,22,5,0,2521,75033,0
351,0,0,1,0,0,2522,77387,1
351,3,0,26,6,0,2523,180903,4
351,10,0,26,1,0,2524,182091,2
351,10,0,27,1,0,2525,190644,1
351,1,0,25,3,0,2526,192241,6
351,2,1,28,0,0,2527,193143,2
351,0,0,25,0,3,2528,193302,1
351,1,0,16,1,0,2529,199000,7
351,2,0,26,2,0,2530,199159,7
351,10,0,25,4,0,2531,202676,2
351,0,0,23,0,5,2532,203423,1
351,7,0,26,1,0,2533,206147,0
351,0,0,19,0,5,2534,210368,2
351,3,0,21,7,0,2535,210484,2
351,1,0,27,2,0,2536,210826,6
351,1,0,18,5,0,2537,211785,4
351,2,0,3,0,0,2538,212075,0
351,0,1,22,2,0,2539,213094,1
351,0,0,19,1,0,2540,219392,7
351,0,0,5,3,0,2541,220029,0
351,6,0,26,11,0,2542,220708,5
351,9,0,24,7,0,2543,221587,0
351,7,0,30,3,0,2544,222540,1
351,0,1,3,0,0,2545,225757,0
351,0,0,20,0,4,2546,225993,2
351,2,0,24,1,0,2547,228416,6
351,9,0,28,2,0,2548,231065,2
351,3,1,21,0,0,2549,231634,4
351,3,0,24,1,0,2550,232162,7
351,2,0,12,4,0,2551,232861,2
351,3,0,29,6,0,2552,234867,4
351,11,0,21,2,0,2553,236757,4
351,2,0,28,8,0,2554,237268,2
351,2,1,25,3,0,2555,237333,6
351,0,0,14,0,2,2556,239019,1
351,8,0,27,0,0,2557,239458,3
351,1,1,22,2,0,2558,240580,1
351,1,0,22,7,0,2559,240710,6
351,1,0,28,1,0,2560,241861,7
351,0,0,29,0,5,2561,242086,0
351,2,0,28,5,0,2562,242154,8
351,2,0,26,8,0,2563,242764,1
351,9,0,28,2,0,2564,243966,0
351,0,0,7,0,2,2565,245425,1
351,5,0,19,5,0,2566,246009,2
351,1,0,21,1,0,2567,247336,6
351,1,0,20,4,0,2568,247889,0
351,0,0,18,0,3,2569,252477,0
351,4,0,25,1,0,2570,252698,6
351,3,0,27,1,0,2571,252700,6
351,1,0,23,1,0,2572,253153,6
351,12,0,26,6,0,2573,257326,7
351,4,0,20,2,0,2574,259476,8
351,8,0,18,1,0,2575,259726,0
351,2,0,26,6,0,2576,259767,3
351,0,0,6,0,1,2577,260538,0
351,7,0,25,4,0,2578,262039,1
351,0,1,20,0,5,2579,262434,0
351,13,0,26,0,0,2580,262648,0
351,0,1,23,0,0,2581,262722,5
351,13,0,24,2,0,2582,262748,4
351,1,0,21,3,0,2583,263786,6
351,16,0,29,6,0,2584,263844,2
351,0,0,28,0,13,2585,263851,1
351,9,0,24,1,0,2586,263982,2
351,0,0,7,0,1,2587,264068,0
351,0,0,29,0,13,2588,267599,2
351,9,0,26,4,0,2589,269475,0
351,6,0,13,7,0,2590,272562,1
351,0,0,3,0,0,2591,272708,1
351,2,0,23,1,0,2592,273526,7
351,0,0,30,6,0,2593,275134,4
351,0,0,5,0,0,2594,277438,1
351,2,0,23,1,0,2595,277524,6
351,7,0,26,6,0,2596,277549,0
351,0,0,25,0,3,2597,277571,1
351,0,0,8,0,2,2598,279014,0
353,1,0,24,2,0,2599,70198,8
353,1,1,6,0,0,2600,70700,1
353,0,2,10,1,0,2601,71078,2
353,0,0,17,0,7,2602,142962,0
353,13,0,21,1,0,2603,198347,7
353,0,1,22,0,0,2604,211269,10
353,0,0,22,0,9,2605,214584,1
353,0,0,19,4,0,2606,214660,3
353,0,0,27,0,10,2607,214933,3
353,4,0,27,5,0,2608,214971,1
353,0,1,21,0,0,2609,215065,8
353,0,0,27,0,15,2610,215069,2
353,0,1,4,0,0,2611,215178,1
353,2,0,21,5,0,2612,215199,9
353,1,1,9,0,0,2613,215228,4
353,0,0,26,0,11,2614,215251,5
353,7,0,19,1,0,2615,215334,1
353,5,0,5,1,0,2616,219536,1
353,9,0,27,4,0,2617,219553,3
353,0,0,14,0,0,2618,219841,8
353,11,0,22,1,0,2619,219862,5
353,0,0,23,0,9,2620,220624,2
353,0,0,18,1,0,2621,221952,8
353,0,2,25,0,0,2622,221990,8
353,0,0,22,0,9,2623,222418,2
353,0,0,21,0,10,2624,223249,1
353,7,1,19,3,0,2625,224510,0
353,0,0,18,0,9,2626,225858,0
353,9,0,27,1,0,2627,226286,2
353,1,0,9,4,0,2628,226377,0
353,2,2,19,1,0,2629,226616,5
353,3,0,19,5,0,2630,226797,1
353,12,0,27,4,0,2631,227528,4
353,2,0,21,0,0,2632,228959,9
353,0,1,21,2,0,2633,231507,10
353,4,1,22,1,0,2634,232244,8
353,0,0,25,0,0,2635,232255,11
353,0,0,9,4,0,2636,233092,1
353,0,0,25,0,0,2637,233814,8
353,4,0,22,6,0,2638,233959,4
353,3,0,25,4,0,2639,234108,4
353,0,0,26,0,0,2640,234466,9
353,5,0,25,10,0,2641,235467,4
353,3,1,25,4,0,2642,236803,3
353,0,1,9,0,1,2643,237576,1
353,0,0,22,0,0,2644,240640,8
353,7,0,22,3,0,2645,240663,4
353,0,0,27,0,7,2646,240796,1
353,0,0,27,0,11,2647,240955,3
353,0,1,8,0,0,2648,241568,2
353,0,1,6,0,0,2649,241930,2
353,1,0,27,5,0,2650,242342,3
353,0,0,25,0,0,2651,242485,8
353,0,0,25,1,12,2652,243759,1
353,9,0,27,0,0,2653,243977,3
353,7,0,22,1,0,2654,245461,4
353,0,0,23,0,8,2655,246236,3
353,0,1,26,0,13,2656,246610,2
353,0,0,25,4,0,2657,246770,3
353,0,1,6,0,0,2658,251213,1
353,1,2,9,0,0,2659,251686,2
353,7,1,20,3,0,2660,253242,7
353,0,0,26,0,12,2661,253271,2
353,0,1,10,0,0,2662,253278,2
353,0,0,24,0,13,2663,253354,0
353,6,0,13,2,0,2664,255217,1
353,0,1,9,1,0,2665,255352,0
353,3,0,23,5,0,2666,255878,2
353,0,1,15,0,0,2667,255879,7
353,4,0,18,4,0,2668,255925,4
353,0,0,25,0,9,2669,256145,0
353,0,0,26,0,7,2670,256407,0
353,6,0,26,3,0,2671,257338,5
353,0,0,26,0,15,2672,259273,0
353,8,0,23,1,0,2673,259579,1
353,6,0,19,1,0,2674,261160,2
353,6,1,20,0,0,2675,261161,1
353,10,0,25,1,0,2676,263229,2
353,0,2,13,1,0,2677,264147,1
353,0,0,27,5,0,2678,266171,0
353,0,2,9,0,0,2679,267853,1
353,0,0,12,0,6,2680,268619,0
353,6,1,25,3,0,2681,269619,2
353,0,1,10,1,0,2682,269704,3
353,1,0,19,0,0,2683,271344,8
353,0,1,20,0,0,2684,271969,11
353,3,0,18,5,0,2685,272734,3
353,0,0,25,2,0,2686,272844,9
353,6,0,27,2,0,2687,273080,3
353,0,1,8,0,0,2688,273767,0
353,0,2,19,0,0,2689,274382,4
353,0,2,13,1,0,2690,274401,1
353,5,0,25,6,0,2691,275205,1
353,0,1,7,0,0,2692,276820,0
353,3,0,20,4,0,2693,277517,1
353,3,0,18,6,0,2694,277794,1
353,1,0,21,0,0,2695,278436,9
353,1,0,18,4,0,2696,278454,2
2076,1,0,29,4,0,2697,70289,9
2076,3,1,19,1,0,2698,71177,1
2076,13,0,32,1,0,2699,71178,5
2076,1,0,26,0,0,2700,72531,10
2076,4,2,20,2,0,2701,72675,4
2076,0,0,38,0,12,2702,72755,1
2076,1,1,13,0,0,2703,72769,4
2076,0,0,36,0,7,2704,182520,0
2076,0,0,35,0,14,2705,206145,0
2076,0,0,36,0,10,2706,208776,0
2076,15,0,33,6,0,2707,211732,5
2076,0,0,12,0,2,2708,211953,4
2076,10,0,26,3,0,2709,212248,2
2076,9,1,28,3,0,2710,216255,6
2076,7,2,34,0,0,2711,216377,3
2076,5,1,14,0,0,2712,220881,1
2076,6,0,35,3,0,2713,224395,11
2076,15,0,36,7,0,2714,224518,4
2076,4,0,25,7,0,2715,224662,1
2076,12,0,33,1,0,2716,225735,2
2076,3,0,32,5,0,2717,227932,15
2076,2,1,16,2,0,2718,229354,7
2076,1,1,14,0,0,2719,231379,3
2076,14,0,34,4,0,2720,231424,7
2076,10,0,32,2,0,2721,233707,8
2076,2,1,35,1,0,2722,234279,11
2076,6,0,37,6,0,2723,234385,9
2076,17,0,30,2,0,2724,234631,6
2076,0,0,21,0,3,2725,234858,3
2076,0,0,36,0,11,2726,235141,3
2076,18,0,37,3,0,2727,235157,7
2076,0,0,27,0,7,2728,237359,4
2076,6,0,25,3,0,2729,238637,10
2076,11,0,27,5,0,2730,238643,2
2076,5,1,31,3,0,2731,238684,12
2076,0,0,17,2,0,2732,238692,10
2076,1,0,35,2,0,2733,239494,11
2076,0,0,15,0,2,2734,239499,4
2076,1,0,33,1,0,2735,239634,10
2076,3,2,31,2,0,2736,239903,3
2076,12,0,37,12,0,2737,240329,2
2076,0,1,16,1,0,2738,240335,1
2076,1,0,29,6,0,2739,241967,7
2076,0,0,19,6,0,2740,241969,2
2076,0,0,32,1,0,2741,241995,12
2076,20,0,35,1,0,2742,243445,7
2076,2,1,35,2,0,2743,244076,12
2076,0,0,38,0,10,2744,252911,3
2076,0,0,29,6,0,2745,255789,5
2076,2,0,32,7,0,2746,256954,5
2076,11,0,36,3,0,2747,257144,6
2076,2,2,30,0,0,2748,257183,4
2076,0,1,17,0,4,2749,257273,3
2076,3,0,31,9,0,2750,257307,5
2076,8,0,22,0,0,2751,257399,4
2076,0,0,38,0,14,2752,257914,1
2076,0,0,36,0,10,2753,258085,3
2076,14,0,26,6,0,2754,259627,2
2076,3,1,30,4,0,2755,260186,9
2076,15,0,37,3,0,2756,261653,7
2076,3,1,17,2,0,2757,262029,5
2076,0,0,26,0,6,2758,262298,3
2076,7,0,34,6,0,2759,263025,5
2076,3,0,35,3,0,2760,263065,14
2076,0,0,38,0,7,2761,263272,1
2076,8,0,30,0,0,2762,263353,9
2076,0,0,28,6,0,2763,263841,3
2076,7,0,35,6,0,2764,263970,4
2076,3,0,25,0,0,2765,266109,11
2076,0,0,12,0,2,2766,266906,2
2076,0,0,33,0,7,2767,269269,1
2076,1,0,37,0,0,2768,269315,10
2076,0,0,18,0,3,2769,269560,0
2076,6,0,35,6,0,2770,270014,13
2076,0,0,22,6,0,2771,270111,3
2076,0,1,16,0,0,2772,270116,2
2076,3,1,18,8,0,2773,270901,2
2076,1,0,35,7,0,2774,270994,9
2076,0,0,34,0,5,2775,271114,2
2076,6,0,38,7,0,2776,273114,3
2076,0,1,14,0,0,2777,274565,4
2076,14,0,36,2,0,2778,276325,4
2076,0,1,16,0,0,2779,276429,3
2076,3,0,37,8,0,2780,276610,10
2076,2,2,32,3,0,2781,276668,6
2076,0,0,23,0,3,2782,277588,3
2076,14,0,34,1,0,2783,278186,3
2076,0,2,16,0,0,2784,278832,1
2076,0,1,14,0,0,2785,278854,3
2076,10,0,38,4,0,2786,278893,4
2076,0,1,10,0,0,2787,279622,2
2076,2,1,31,4,0,2788,279623,9
2149,5,0,20,3,0,2789,190939,1
2149,1,1,14,1,0,2790,199218,2
2149,6,1,20,1,0,2791,200471,2
2149,10,0,23,7,0,2792,202208,3
2149,3,0,10,4,0,2793,203902,3
2149,1,1,19,2,0,2794,208602,10
2149,13,1,17,3,0,2795,210380,3
2149,10,0,17,0,0,2796,214784,5
2149,12,0,23,2,0,2797,219948,1
2149,0,0,24,0,9,2798,223760,4
2149,0,0,22,0,5,2799,225213,2
2149,0,0,3,0,0,2800,231461,3
2149,10,0,25,6,0,2801,231932,0
2149,3,0,23,3,0,2802,235754,6
2149,5,0,20,3,0,2803,240035,1
2149,0,0,25,0,9,2804,245164,2
2149,0,0,10,0,2,2805,247626,0
2149,2,0,15,4,0,2806,247630,1
2149,0,0,19,0,0,2807,247631,5
2149,0,0,1,0,0,2808,247670,1
2149,0,0,16,0,3,2809,248150,2
2149,0,0,19,0,0,2810,248177,7
2149,4,0,22,1,0,2811,248178,0
2149,0,0,19,0,3,2812,248246,2
2149,2,1,20,1,0,2813,248247,4
2149,0,0,20,4,0,2814,248252,7
2149,0,0,20,3,0,2815,248264,2
2149,0,1,23,0,0,2816,248265,2
2149,0,1,14,0,0,2817,248276,1
2149,5,0,19,3,0,2818,248289,1
2149,3,0,20,4,0,2819,248298,2
2149,4,0,23,7,0,2820,248300,3
2149,0,0,1,0,0,2821,248301,1
2149,3,0,22,5,0,2822,248307,3
2149,0,0,13,0,0,2823,248308,5
2149,0,0,21,0,0,2824,248313,6
2149,0,1,20,0,5,2825,248325,1
2149,0,0,15,0,0,2826,248327,5
2149,1,0,23,1,0,2827,248331,6
2149,3,0,18,0,0,2828,250884,5
2149,4,0,14,0,0,2829,252088,3
2149,0,0,3,0,0,2830,253035,1
2149,1,2,19,1,0,2831,253064,4
2149,0,0,21,0,7,2832,253065,4
2149,2,0,18,0,0,2833,253476,11
2149,4,1,19,4,0,2834,253479,4
2149,0,0,19,2,0,2835,253505,5
2149,0,1,10,0,0,2836,253508,2
2149,0,0,15,0,7,2837,253672,1
2149,1,1,18,0,0,2838,253704,3
2149,1,0,24,6,0,2839,253726,4
2149,8,0,21,3,0,2840,256998,5
2149,1,0,20,0,0,2841,259175,8
2149,1,1,20,0,0,2842,259340,2
2149,4,0,21,2,0,2843,259560,6
2149,8,1,23,4,0,2844,259727,5
2149,0,1,22,0,9,2845,259729,2
2149,0,0,18,0,3,2846,259732,2
2149,0,0,17,0,1,2847,260106,0
2149,0,0,3,0,0,2848,260146,1
2149,0,2,20,1,0,2849,260147,1
2149,0,0,13,0,0,2850,262048,5
2149,2,0,20,1,0,2851,263683,8
2149,0,1,16,0,0,2852,264499,5
2149,0,0,15,0,5,2853,265457,0
2149,11,0,23,5,0,2854,270741,5
2149,0,1,10,1,0,2855,270742,3
2149,0,0,3,0,0,2856,270743,1
2149,4,0,20,3,0,2857,271664,4
2149,5,1,17,4,0,2858,272312,2
2149,0,0,19,3,0,2859,273760,4
2149,5,0,22,0,0,2860,277230,2
2149,0,0,20,1,0,2861,277491,7
2149,1,0,19,1,0,2862,277570,7
2149,0,1,13,0,0,2863,278697,1
2149,0,0,4,1,0,2864,278941,0
2215,12,0,22,2,0,2865,73014,1
2215,1,1,21,0,0,2866,73022,2
2215,10,0,21,1,0,2867,73023,3
2215,5,0,19,3,0,2868,73028,5
2215,0,0,3,1,0,2869,73237,0
2215,0,0,3,0,0,2870,73652,1
2215,0,0,20,1,0,2871,73715,6
2215,0,0,12,0,3,2872,73717,0
2215,0,0,6,0,0,2873,74791,1
2215,0,0,4,0,0,2874,74806,1
2215,0,0,7,0,0,2875,75424,1
2215,1,0,7,0,0,2876,77049,0
2215,7,0,20,3,0,2877,226302,2
2215,1,0,20,6,0,2878,227337,4
2215,17,0,20,1,0,2879,240717,2
2215,5,0,12,3,0,2880,243404,2
2215,11,0,22,3,0,2881,244302,0
2215,0,0,7,0,2,2882,244890,1
2215,0,0,12,0,6,2883,247789,1
2215,5,0,19,1,0,2884,247790,4
2215,2,0,17,4,0,2885,247791,1
2215,7,0,22,14,0,2886,248822,0
2215,0,0,20,0,0,2887,257530,4
2215,14,0,22,5,0,2888,259287,0
2215,4,0,19,5,0,2889,261740,1
2215,14,0,22,5,0,2890,261773,0
2215,2,1,18,2,0,2891,264886,1
2215,2,0,17,1,0,2892,264890,4
2215,2,0,22,5,0,2893,264891,0
2215,0,0,10,0,5,2894,264899,1
2215,0,0,20,0,9,2895,264915,0
2215,2,0,20,0,0,2896,264924,4
2215,1,1,20,3,0,2897,264925,0
2215,1,0,10,5,0,2898,264933,2
2215,10,0,20,7,0,2899,264936,3
2215,5,0,20,8,0,2900,264939,0
2215,0,0,22,5,0,2901,264940,2
2215,14,0,22,6,0,2902,264947,0
2215,5,0,11,2,0,2903,264950,1
2215,0,0,22,0,8,2904,264995,0
2215,1,1,19,0,0,2905,265007,3
2215,3,1,20,1,0,2906,265014,5
2215,16,0,20,3,0,2907,265025,0
2215,0,1,16,0,1,2908,265028,0
2215,2,0,18,3,0,2909,265042,4
2215,0,0,9,0,1,2910,265043,0
2215,1,0,21,0,0,2911,265052,5
2215,0,0,12,0,4,2912,265053,1
2215,0,0,22,0,11,2913,265054,1
2215,8,0,20,4,0,2914,265057,3
2215,6,0,20,6,0,2915,265058,1
2215,11,0,21,5,0,2916,265059,4
2215,0,0,19,0,7,2917,265076,0
2215,0,0,22,0,4,2918,265086,2
2215,0,0,10,0,4,2919,265106,0
2215,0,1,7,0,0,2920,265116,1
2215,0,0,20,5,0,2921,265121,2
2215,0,1,16,0,0,2922,265122,1
2215,2,0,21,5,0,2923,265126,6
2215,10,0,22,3,0,2924,265377,2
2215,0,0,20,2,0,2925,265383,4
2215,1,1,19,4,0,2926,265409,3
2215,0,0,20,1,0,2927,265703,5
2215,0,1,19,0,0,2928,265896,2
2215,4,0,17,3,0,2929,267389,6
2215,3,0,19,0,0,2930,268451,6
2215,1,0,22,7,0,2931,271839,2
2215,0,0,12,0,8,2932,271860,0
2215,1,0,19,2,0,2933,271952,5
2215,1,0,15,2,0,2934,272274,4
2215,6,0,21,5,0,2935,272338,3
2215,4,0,19,1,0,2936,272341,4
2215,0,0,2,0,1,2937,272342,0
2215,0,1,20,0,0,2938,273403,1
2215,0,0,21,0,6,2939,273411,0
2215,0,0,6,1,0,2940,274846,0
2215,7,0,21,1,0,2941,275904,0
2215,2,0,20,1,0,2942,276505,4
2215,0,0,9,0,1,2943,276842,1
2215,1,1,6,1,0,2944,279695,1
2216,0,0,3,0,0,2945,72793,1
2216,0,0,19,0,0,2946,74741,5
2216,0,0,6,0,0,2947,76693,3
2216,0,0,6,0,0,2948,76998,1
2216,4,0,20,5,0,2949,226350,1
2216,1,0,5,0,0,2950,227003,0
2216,3,0,22,4,0,2951,227115,4
2216,7,0,17,2,0,2952,227255,2
2216,8,0,17,0,0,2953,227323,0
2216,9,0,21,6,0,2954,227348,6
2216,0,0,5,1,0,2955,227383,1
2216,0,0,1,0,0,2956,228081,1
2216,7,0,11,1,0,2957,233746,1
2216,0,0,22,0,2,2958,235593,2
2216,8,0,22,3,0,2959,235657,3
2216,7,0,22,5,0,2960,235659,3
2216,9,0,21,5,0,2961,237288,2
2216,7,0,22,2,0,2962,239761,1
2216,4,0,21,4,0,2963,241491,0
2216,0,0,14,0,1,2964,244058,1
2216,1,0,5,0,0,2965,244064,0
2216,7,0,21,3,0,2966,245802,1
2216,0,0,10,0,3,2967,245824,0
2216,1,0,20,5,0,2968,245872,1
2216,4,0,18,0,0,2969,245882,6
2216,12,0,14,1,0,2970,246219,2
2216,0,0,12,1,0,2971,246235,4
2216,4,0,22,5,0,2972,248728,1
2216,0,0,7,0,1,2973,248751,0
2216,6,0,17,7,0,2974,248799,0
2216,8,0,19,1,0,2975,256489,0
2216,2,0,10,8,0,2976,257008,1
2216,0,0,15,0,10,2977,258680,0
2216,12,0,21,2,0,2978,258980,0
2216,6,0,18,3,0,2979,262330,0
2216,0,0,22,0,13,2980,263009,1
2216,0,0,20,0,3,2981,264889,0
2216,2,0,22,6,0,2982,264896,1
2216,10,0,12,0,0,2983,264950,2
2216,0,0,11,3,0,2984,264955,1
2216,0,0,3,0,0,2985,265002,1
2216,3,1,19,4,0,2986,265024,7
2216,1,1,20,5,0,2987,265239,5
2216,0,0,7,0,1,2988,265242,0
2216,0,0,18,1,0,2989,265243,5
2216,3,0,19,0,0,2990,265246,5
2216,0,0,8,0,1,2991,265254,0
2216,3,0,19,4,0,2992,265274,0
2216,0,0,14,0,3,2993,265279,0
2216,0,1,18,2,0,2994,265292,3
2216,3,0,22,1,0,2995,265293,4
2216,0,0,21,0,5,2996,265331,2
2216,8,0,21,0,0,2997,265333,4
2216,0,1,18,2,0,2998,265336,4
2216,0,0,15,0,0,2999,265342,7
2216,0,0,20,1,0,3000,265352,4
2216,1,0,4,0,0,3001,265691,0
2216,10,0,20,5,0,3002,266254,0
2216,1,0,18,5,0,3003,266393,2
2216,0,0,19,0,0,3004,266551,6
2216,0,0,12,0,4,3005,266568,1
2216,2,0,17,3,0,3006,266598,5
2216,0,0,15,0,1,3007,266907,3
2216,2,0,22,0,0,3008,266915,4
2216,0,0,22,0,13,3009,267212,1
2216,1,0,4,0,0,3010,267300,0
2216,0,0,6,0,0,3011,268461,1
2216,0,0,22,0,4,3012,269805,0
2216,9,0,22,0,0,3013,270407,1
2216,0,0,5,0,0,3014,271809,1
2216,0,1,13,1,0,3015,272011,0
2216,1,0,22,5,0,3016,272051,0
2216,2,0,17,0,0,3017,274644,7
2216,0,1,4,0,0,3018,275457,0
2216,1,0,17,5,0,3019,275906,0
2216,6,0,18,4,0,3020,275923,0
2216,0,0,5,0,0,3021,275925,1
2216,3,0,17,1,0,3022,276299,4
2216,7,0,20,0,0,3023,276552,6
2216,1,0,3,0,0,3024,277963,0
2218,0,0,6,0,0,3025,71382,1
2218,0,0,22,0,5,3026,71691,0
2218,0,0,10,0,0,3027,71978,4
2218,1,0,1,0,0,3028,72075,0
2218,1,1,21,0,0,3029,72438,1
2218,3,0,16,5,0,3030,73677,0
2218,2,0,9,4,0,3031,77050,0
2218,0,0,4,0,0,3032,77825,1
2218,2,0,6,1,0,3033,226336,0
2218,7,0,20,2,0,3034,227327,1
2218,0,0,4,0,2,3035,227330,0
2218,0,0,20,0,0,3036,227356,4
2218,10,0,19,6,0,3037,227361,2
2218,12,0,17,8,0,3038,231432,0
2218,6,0,20,4,0,3039,237197,0
2218,18,0,20,7,0,3040,245697,1
2218,0,0,20,0,15,3041,245956,0
2218,12,0,20,4,0,3042,246272,1
2218,0,0,19,0,10,3043,246641,1
2218,0,0,22,0,10,3044,247504,0
2218,7,0,19,2,0,3045,247513,1
2218,6,0,19,0,0,3046,247743,0
2218,0,0,21,0,2,3047,261863,0
2218,11,0,22,7,0,3048,264864,0
2218,1,0,14,0,0,3049,264884,4
2218,0,0,18,0,10,3050,264895,0
2218,0,0,21,4,0,3051,264905,3
2218,0,0,3,1,0,3052,264944,0
2218,0,0,22,6,0,3053,264963,1
2218,0,0,2,0,2,3054,264967,0
2218,6,0,17,4,0,3055,264968,0
2218,0,0,16,0,8,3056,264978,0
2218,0,0,20,5,0,3057,264980,2
2218,1,0,2,0,0,3058,265002,0
2218,0,0,18,1,0,3059,265096,8
2218,0,0,10,0,0,3060,265840,4
2218,1,0,20,0,0,3061,265859,5
2218,6,0,11,5,0,3062,265860,0
2218,7,0,21,2,0,3063,265861,0
2218,0,0,21,1,0,3064,265883,5
2218,0,0,4,0,1,3065,265890,0
2218,2,1,19,1,0,3066,265894,4
2218,16,0,19,7,0,3067,265898,1
2218,2,0,14,4,0,3068,265905,0
2218,1,1,18,1,0,3069,265917,2
2218,0,1,20,0,0,3070,265969,5
2218,0,0,22,0,6,3071,265970,2
2218,0,0,20,1,0,3072,265973,5
2218,1,0,18,0,0,3073,267297,4
2218,9,0,22,4,0,3074,267531,1
2218,9,0,20,4,0,3075,267660,5
2218,6,0,20,2,0,3076,268640,5
2218,2,2,16,0,0,3077,268643,3
2218,0,0,7,0,4,3078,269202,0
2218,0,1,21,1,0,3079,269213,2
2218,0,0,5,0,1,3080,269943,0
2218,0,0,15,0,7,3081,269959,2
2218,0,0,18,0,0,3082,270708,4
2218,6,0,20,3,0,3083,271165,2
2218,0,0,17,2,0,3084,271259,4
2218,1,0,20,0,0,3085,271890,6
2218,0,0,20,0,0,3086,273478,5
2218,0,1,20,3,0,3087,275410,2
2218,7,0,18,4,0,3088,275916,1
2218,2,0,22,6,0,3089,276548,4
2218,10,0,20,4,0,3090,276765,3
2218,0,0,7,0,2,3091,276775,1
2218,0,1,19,1,0,3092,276797,5
2218,0,0,21,1,0,3093,277173,5
2218,3,0,6,1,0,3094,277175,0
2218,0,0,14,0,0,3095,277866,4
2218,7,0,19,5,0,3096,278219,0
2221,1,0,22,1,0,3097,70110,5
2221,0,0,4,0,0,3098,70675,1
2221,3,0,21,4,0,3099,71527,2
2221,3,0,28,0,0,3100,71560,8
2221,0,0,1,0,1,3101,71612,0
2221,7,0,25,1,0,3102,226316,1
2221,0,0,25,0,6,3103,226335,0
2221,11,0,26,1,0,3104,226890,4
2221,4,0,24,5,0,3105,226893,0
2221,5,0,16,4,0,3106,226897,0
2221,1,0,26,5,0,3107,228724,1
2221,7,0,25,4,0,3108,232073,0
2221,0,0,27,1,0,3109,232074,5
2221,8,0,23,1,0,3110,232075,1
2221,2,0,10,3,0,3111,232202,0
2221,10,0,23,4,0,3112,233244,1
2221,0,1,25,0,6,3113,237673,0
2221,0,0,25,0,8,3114,238212,2
2221,8,0,19,2,0,3115,241545,1
2221,7,0,27,3,0,3116,243263,0
2221,7,0,26,2,0,3117,243403,3
2221,0,0,1,0,0,3118,243769,1
2221,0,0,27,0,6,3119,243775,1
2221,2,0,22,4,0,3120,245839,2
2221,0,0,3,0,0,3121,253175,2
2221,0,0,24,0,8,3122,258310,0
2221,0,0,4,1,0,3123,261852,1
2221,12,1,20,6,0,3124,264012,1
2221,0,0,23,2,0,3125,265854,5
2221,0,0,29,0,14,3126,265856,1
2221,5,0,27,4,0,3127,266091,1
2221,8,1,25,1,0,3128,266094,0
2221,0,0,8,0,0,3129,266401,4
2221,0,1,29,0,7,3130,266816,0
2221,8,0,26,6,0,3131,266928,5
2221,0,0,18,0,3,3132,267200,0
2221,0,0,23,0,0,3133,267202,5
2221,0,0,9,0,1,3134,267204,2
2221,3,0,25,4,0,3135,267213,1
2221,0,0,22,0,9,3136,267219,0
2221,0,0,21,2,0,3137,267220,6
2221,5,1,27,6,0,3138,267227,2
2221,1,0,24,3,0,3139,267238,6
2221,0,1,26,0,0,3140,267247,1
2221,6,0,25,6,0,3141,267268,3
2221,0,0,4,0,1,3142,267273,0
2221,7,0,24,4,0,3143,267278,1
2221,0,1,22,0,0,3144,267281,1
2221,1,1,15,0,0,3145,267293,1
2221,0,1,28,2,0,3146,267309,2
2221,5,0,21,2,0,3147,267318,5
2221,0,0,26,0,5,3148,267321,0
2221,0,0,27,0,0,3149,267322,7
2221,6,0,26,1,0,3150,267336,3
2221,0,0,25,1,0,3151,267339,6
2221,0,0,23,0,4,3152,267368,1
2221,3,0,24,1,0,3153,267384,6
2221,1,1,24,0,0,3154,267386,2
2221,0,0,3,0,0,3155,267505,1
2221,0,1,10,2,0,3156,268262,2
2221,1,0,3,0,0,3157,268302,1
2221,0,1,22,2,0,3158,271893,3
2221,5,0,22,4,0,3159,272076,7
2221,1,0,3,0,0,3160,272084,0
2221,2,0,23,0,0,3161,272114,6
2221,2,0,15,1,0,3162,272206,5
2221,0,0,6,0,1,3163,272534,0
2221,0,0,24,0,4,3164,272994,1
2221,5,0,12,0,0,3165,273271,2
2221,5,0,26,7,0,3166,273466,1
2221,1,0,28,3,0,3167,273469,5
2221,0,0,26,1,0,3168,273470,5
2221,4,0,22,3,0,3169,273472,6
2221,1,0,24,1,0,3170,273481,10
2221,7,0,23,0,0,3171,273488,0
2221,17,0,25,7,0,3172,276359,1
2221,21,0,27,6,0,3173,279799,1
2221,5,0,17,10,0,3174,279812,1
2221,5,0,15,3,0,3175,279908,0
2222,3,0,29,6,0,3176,72149,3
2222,1,0,24,1,0,3177,72215,7
2222,0,2,26,2,0,3178,72344,5
2222,0,0,16,0,5,3179,72705,2
2222,3,1,27,0,0,3180,72910,1
2222,0,0,10,0,3,3181,74395,0
2222,2,0,28,1,0,3182,74786,6
2222,1,1,18,1,0,3183,75255,4
2222,11,0,22,10,0,3184,227102,1
2222,16,0,24,11,0,3185,227203,1
2222,0,0,27,0,15,3186,227204,1
2222,2,0,22,6,0,3187,227344,1
2222,0,1,28,0,8,3188,228630,4
2222,4,1,23,3,0,3189,233576,3
2222,1,0,26,6,0,3190,236479,1
2222,7,0,25,8,0,3191,237289,2
2222,12,0,26,6,0,3192,241667,2
2222,25,0,28,10,0,3193,241846,1
2222,10,0,26,8,0,3194,245879,1
2222,7,0,22,3,0,3195,246630,2
2222,15,0,29,3,0,3196,246774,1
2222,9,0,16,1,0,3197,247530,0
2222,4,0,22,8,0,3198,253436,0
2222,0,0,24,0,8,3199,258789,3
2222,6,0,27,5,0,3200,259372,4
2222,0,0,30,6,0,3201,261843,2
2222,0,1,28,0,8,3202,261848,5
2222,0,0,28,0,0,3203,261853,8
2222,5,0,29,3,0,3204,262460,6
2222,10,0,27,7,0,3205,262531,3
2222,10,0,28,1,0,3206,262545,0
2222,10,0,26,5,0,3207,264089,4
2222,0,0,4,0,2,3208,264865,0
2222,0,0,14,0,3,3209,264941,1
2222,12,0,26,7,0,3210,264946,2
2222,1,0,29,2,0,3211,265171,8
2222,0,0,22,0,12,3212,268942,0
2222,0,0,7,0,4,3213,268943,0
2222,0,0,29,0,0,3214,268948,8
2222,2,0,25,1,0,3215,268949,7
2222,7,0,17,3,0,3216,269404,1
2222,0,0,27,0,8,3217,269921,2
2222,10,0,25,1,0,3218,271446,1
2222,5,1,27,6,0,3219,271742,4
2222,3,0,26,0,0,3220,272012,9
2222,3,1,26,3,0,3221,272015,1
2222,0,1,20,2,0,3222,272017,1
2222,0,1,17,0,3,3223,272020,2
2222,0,0,21,0,5,3224,272021,0
2222,0,0,28,0,0,3225,272032,7
2222,1,0,27,0,0,3226,272038,6
2222,4,0,28,1,0,3227,272048,6
2222,3,0,29,2,0,3228,272054,7
2222,0,0,25,0,0,3229,272059,6
2222,4,0,29,9,0,3230,272094,3
2222,11,0,30,0,0,3231,272100,2
2222,1,1,19,2,0,3232,272116,2
2222,2,0,28,6,0,3233,272123,3
2222,4,1,15,0,0,3234,272129,3
2222,2,1,25,3,0,3235,272153,5
2222,0,1,26,2,0,3236,272172,8
2222,4,0,29,3,0,3237,272201,8
2222,0,1,9,0,0,3238,272210,0
2222,0,0,29,0,12,3239,272212,1
2222,0,1,27,0,10,3240,272213,1
2222,10,0,19,2,0,3241,272217,3
2222,0,0,29,0,10,3242,272235,0
2222,0,0,24,0,0,3243,272254,6
2222,0,0,3,0,3,3244,272271,0
2222,0,0,25,0,3,3245,273142,1
2222,0,0,27,1,0,3246,273150,7
2222,7,0,25,4,0,3247,273153,1
2222,0,0,10,0,2,3248,274075,2
2222,1,0,21,0,0,3249,275574,6
2222,0,1,14,0,7,3250,275576,1
2222,1,0,28,9,0,3251,275787,5
2222,0,0,25,1,0,3252,276519,7
2222,1,0,26,5,0,3253,276771,2
2222,0,0,26,0,0,3254,277145,10
2222,1,1,22,2,0,3255,277256,1
2222,11,0,28,1,0,3256,277278,3
2222,16,0,29,1,0,3257,277452,4
2222,2,1,28,2,0,3258,277573,2
2222,2,1,21,0,0,3259,279191,1
