competitioncolor1g,badge_ls,competitionid,competitioncolor2r,competitioncolor2g,competitioncolor1b,badge_rs,competitioncolor1r,competitioncolor2b,badge_chest_champions,badge_ls_champions,badge_chest,badge_rs_champions,goalscoringrecord,hasmediarope,celebrationmediapen,isteampitchflagenabledstage,isstanchionflamethrowerenabledstage,celebrationsponsorboard,winterballid,authenticwipeid,goaljingle,isstadiumdressingenabledstage,isgoallinetechcompenabledstage,abbapenalties,hasvikingclap,subsonbench,competitionimportance,finalballid,presassettwo,adboardplacement,iscompetitionscarfenabled,authentictarpadboardb,introanthemidle,isbannerenabled,pitchtarps,ischampionboardenabled,introconfetti,colorregion,isuniqueadboardscompenabled,ishandshakeboardenabled,country_lock,isballplinthenabledstage,hasstandingcrowd,customcornerflagpoledesign,iscompetitionpoleflagenabled,isteampitchflagenabled,isflamethrowercannonsenabled,hasmascot,iscenterpitchflagenabledstage,iscompetitioncrowdcardsenabled,player_display_pts,isarchwayenabled,isgoallinetechcompenabled,authenticwipe,cornerflagpolecolorenabled,isrealcompetition,replay360degree,isuniquetrophypedestalenabled,custombibs,isinjuryboardenabled,isintroconfettienabledstage,inflatables,player_display_ptw_tr,iswomencompetition,lowerstadiumdressing,isstadiumdressingunique,isvanishingsprayhomeenabled,isflamethrowercannonsenabledstage,hasauthentictarpads,isvanishingsprayenabled,finalstadium,stanchionflamethrower,has_var,languageregion,ispitchtarpsenabledstage,celebrationbackboard,adboardplacementstage,isstadiumdressinguniquestage,iscenterpitchflagenabled,crowdregion,pitchbranding,isgoallinetechhomeleagueenabled,stadiumcrowdmap,ballid,celebrationstage,authentictarpadboarda,celebrationarchedboard,isballplinthenabled,introteamportrait,onpitchgraphics,crowdskintonecode,competitionchampionid,haslargeflag,isarchwayenabledstage,isgoalnetadsenabledstage,isstadiumdressingenabled,goalnetads
90,-1,1,250,250,125,100001,0,250,0,0,500001,-1,29,1,1,9,9,1,12,0,0,9,9,0,0,9,1,33,1,1,1,14,0,1,5,0,0,7,0,3,13,0,0,1,1,0,0,0,9,1,0,0,0,1,0,1,0,0,0,0,9,0,0,0,0,0,1,9,1,1,0,0,0,9,0,0,0,9,0,0,0,0,0,33,1,3,0,1,0,0,2,819,0,9,9,0,0
12,100004,4,255,23,12,-1,12,64,0,500004,0,-1,41,1,1,9,9,1,12,0,1,9,9,0,0,9,1,122,0,0,1,14,0,1,3,0,0,5,0,0,7,0,1,1,1,0,0,0,9,1,0,0,0,1,1,1,0,0,0,0,9,0,0,0,0,0,1,9,1,1,0,0,0,6,0,1,9,9,0,0,0,1,0,122,0,3,0,1,0,0,2,2014,0,9,9,0,0
29,-1,10,250,250,102,100010,39,250,0,-1,0,500010,43,1,1,9,9,1,12,0,1,9,0,0,0,9,1,30,0,0,0,2,0,1,1,0,0,4,1,0,34,0,1,1,1,0,0,0,9,1,0,0,1,1,1,1,0,0,0,0,9,0,0,0,0,0,1,9,1,1,0,0,1,6,0,1,9,9,0,0,0,1,0,30,1,2,0,1,0,0,2,247,0,9,9,0,0
19,100013,13,246,247,96,100013,56,247,0,-1,0,500013,36,1,0,9,9,0,12,0,0,9,0,0,0,9,1,151,0,0,1,0,0,0,0,0,0,3,1,2,14,0,1,1,0,0,2,1,9,1,0,0,1,3,1,1,0,1,0,0,9,0,0,0,0,0,1,8,0,1,0,0,1,1,9,0,9,9,0,0,1,1,0,151,2,0,0,2,0,0,2,9,0,9,9,0,0
155,-1,14,0,20,66,100014,182,137,0,-1,0,100014,43,0,1,9,9,2,112,0,0,9,0,0,0,9,1,55,0,0,0,3,0,0,1,0,0,3,0,2,14,0,1,1,0,0,0,0,9,0,0,0,1,3,0,1,0,1,0,0,9,0,0,0,0,0,1,9,1,1,0,0,0,1,0,0,9,9,0,0,0,1,0,55,0,0,2,2,0,0,2,8,0,9,9,0,0
38,-1,16,8,95,38,100016,38,255,0,-1,0,500016,44,1,1,9,9,0,101,0,0,9,0,0,0,9,1,45,0,1,1,10,0,1,1,0,0,4,1,2,18,0,1,2,1,0,0,1,9,1,0,2,1,3,0,1,0,1,0,0,9,0,0,0,0,0,1,9,1,1,0,0,1,2,0,0,0,9,0,0,1,1,0,45,2,2,0,2,0,0,2,73,0,0,0,0,1
38,-1,17,22,255,38,100017,38,208,0,-1,0,100017,55,1,1,0,9,0,104,0,0,9,9,0,0,7,1,51,0,1,1,10,0,1,1,0,0,4,0,2,18,0,1,2,0,1,0,0,9,0,0,2,0,3,0,1,0,1,0,0,9,0,0,0,0,0,1,9,1,1,0,0,0,2,0,1,0,9,0,0,1,0,0,51,2,2,0,2,0,0,2,217,0,0,0,0,1
255,-1,19,210,5,255,100019,255,21,0,-1,0,500019,41,1,1,9,9,0,26,0,1,9,0,0,0,9,1,25,0,0,1,3,0,1,3,0,0,5,1,0,21,0,1,1,1,0,0,1,0,1,2,0,1,3,0,1,1,1,0,0,9,0,0,0,0,0,1,9,1,1,0,0,1,3,0,0,9,9,1,0,0,1,0,25,2,0,0,2,0,0,2,21,0,9,0,0,1
255,-1,20,210,5,255,100020,255,21,0,-1,0,100020,41,1,1,9,9,1,28,0,1,9,0,0,0,9,1,27,0,0,1,3,0,1,3,0,0,5,1,0,21,0,1,1,1,0,0,0,0,1,2,0,1,3,0,1,1,1,0,0,9,0,0,0,0,0,1,9,1,1,0,0,1,3,0,0,9,9,1,0,0,1,0,27,1,0,0,2,0,0,2,31,0,9,0,0,1
1,-1,21,255,255,1,-1,1,255,-1,-1,-1,-1,0,0,1,9,9,1,26,0,0,8,8,0,0,9,0,25,0,0,1,14,0,1,1,0,0,5,0,0,-1,8,1,1,1,0,0,0,8,1,2,0,1,1,0,1,0,0,0,0,9,0,0,0,0,1,1,9,1,1,0,0,1,3,8,0,9,8,1,0,0,1,0,25,0,3,0,1,0,0,2,-1,0,9,9,1,0
1,-1,22,255,255,1,-1,1,255,-1,-1,-1,-1,0,0,1,9,9,1,116,0,1,8,9,0,0,9,0,115,0,0,1,14,0,1,1,0,0,5,0,0,-1,8,1,1,1,0,0,0,8,1,2,0,0,1,0,1,0,0,0,0,9,0,0,0,0,0,1,9,1,1,0,0,1,3,8,0,9,9,1,0,0,0,0,115,0,3,0,1,0,0,2,-1,0,9,9,1,0
0,-1,31,250,250,229,100031,43,250,-1,-1,-1,100031,36,0,1,9,9,0,137,0,0,9,0,0,0,9,1,92,0,0,1,0,1,1,1,0,0,4,1,2,27,0,1,1,1,0,0,1,9,1,3,0,1,3,1,1,1,1,0,0,9,0,1,0,0,0,1,9,1,1,0,0,1,4,0,0,9,9,0,0,0,1,0,92,2,0,0,2,1,0,2,48,0,9,9,0,0
199,0,32,250,250,133,0,97,250,0,0,0,0,35,0,1,9,9,0,172,0,0,9,9,0,0,9,1,82,0,1,1,0,0,1,1,0,0,4,0,3,27,0,1,1,1,0,0,0,9,1,3,1,0,1,1,1,0,0,0,0,9,0,1,0,0,0,1,9,0,1,0,0,0,4,0,0,0,9,0,0,0,1,0,82,1,0,0,1,0,0,2,111974,0,0,9,0,0
193,-1,33,250,250,111,-1,108,250,-1,-1,-1,-1,0,0,1,9,9,1,82,0,0,7,9,0,0,7,1,82,0,0,1,0,0,1,0,0,0,4,0,1,-1,7,1,1,1,0,0,0,9,1,0,1,0,1,0,1,0,0,0,0,9,0,0,0,0,0,1,9,0,1,0,0,0,4,9,1,9,9,0,0,0,1,0,82,1,0,0,1,0,0,2,-1,0,7,9,1,0
36,100039,39,163,139,33,-1,40,84,0,500039,0,-1,34,1,1,0,8,2,189,0,0,9,9,0,0,9,1,189,1,0,1,4,0,1,1,0,0,6,1,0,95,0,1,1,1,2,3,1,9,1,0,0,0,1,0,1,0,1,0,0,9,0,0,0,0,1,1,8,1,1,0,1,1,1,0,0,9,8,0,0,0,1,0,189,2,3,2,2,1,0,2,697,0,9,9,0,0
70,-1,41,255,255,108,100041,46,255,0,-1,0,500041,30,1,1,9,9,1,12,0,0,9,9,0,0,9,1,199,1,0,1,0,0,1,0,0,0,7,0,0,36,0,0,1,1,0,0,0,0,1,0,0,0,1,1,1,0,0,0,0,9,0,0,0,0,0,1,9,0,1,0,0,0,8,9,1,9,9,1,0,0,0,0,199,0,0,0,1,0,0,2,918,0,9,9,0,0
255,0,50,255,255,255,100050,255,255,0,0,0,500050,52,0,1,9,9,1,174,0,0,9,9,0,0,9,1,173,0,0,1,0,0,1,0,0,0,3,0,0,42,0,0,1,0,0,0,0,9,1,3,0,0,1,0,1,0,0,0,0,9,0,1,0,0,0,1,9,0,1,0,0,0,1,9,0,9,9,0,0,0,1,0,173,0,0,1,1,0,0,2,78,0,9,9,0,0
0,-1,51,255,255,0,-1,0,255,-1,-1,-1,-1,0,1,1,9,0,0,-1,0,0,9,9,0,1,7,1,141,0,0,0,0,0,0,0,0,0,3,0,0,223,9,1,1,0,0,0,0,9,0,0,0,0,0,1,0,0,0,0,0,9,0,0,0,0,0,0,9,0,0,0,1,0,1,9,0,9,9,0,0,0,1,0,141,1,0,0,0,0,0,2,-1,0,9,9,0,0
75,-1,53,255,255,68,100053,255,255,0,-1,0,500053,50,1,1,9,9,1,132,0,0,9,9,0,0,9,1,41,0,1,0,10,0,1,1,0,0,4,1,0,45,0,0,1,1,0,0,1,9,1,0,1,0,3,1,1,1,0,0,1,9,0,0,0,0,0,1,9,1,1,0,0,1,5,0,0,0,9,0,0,0,1,0,41,1,2,0,1,1,0,2,241,0,0,9,0,0
212,-1,54,255,255,214,100054,0,255,0,-1,0,100054,46,1,1,9,9,1,138,0,0,9,9,0,0,9,1,69,0,1,0,10,0,1,1,0,0,4,0,0,45,0,0,1,1,0,0,1,9,1,0,1,0,1,1,1,0,0,0,0,9,0,0,0,0,0,1,9,1,1,0,0,1,5,0,0,0,9,0,0,0,1,0,69,1,2,0,1,0,0,2,1853,0,0,9,0,0
94,-1,56,250,250,128,56,57,250,0,-1,0,500056,39,1,1,9,9,1,12,0,0,9,9,0,0,9,1,97,1,1,1,14,0,1,1,0,0,7,0,0,46,0,1,1,1,0,0,0,9,1,0,1,0,1,1,1,0,0,0,0,9,0,0,0,0,0,1,9,1,1,0,0,0,7,0,0,0,9,0,0,0,0,0,97,1,3,0,1,0,0,2,320,0,0,9,0,0
155,-1,60,0,20,66,100060,182,137,0,-1,0,100060,36,0,1,9,9,2,112,0,0,9,9,0,0,7,1,55,0,0,0,3,0,0,1,0,0,3,0,2,14,0,1,1,0,0,0,0,9,0,0,0,0,3,0,1,0,1,0,0,9,0,0,0,0,0,1,9,1,1,0,0,0,1,0,0,9,9,0,0,0,1,0,55,0,0,2,2,0,0,2,88,0,9,9,0,0
155,-1,61,1,20,66,100061,182,137,0,-1,0,100061,32,0,1,9,9,2,112,0,0,9,9,0,0,7,1,55,0,0,0,3,0,0,1,0,0,3,0,2,14,0,1,1,0,0,0,0,9,0,0,0,0,3,0,1,0,1,0,0,9,0,0,0,0,0,1,9,1,1,0,0,0,1,0,0,9,9,0,0,0,0,0,55,0,0,2,2,0,0,2,142,0,9,9,0,0
0,-1,63,255,255,0,-1,0,255,-1,-1,-1,-1,0,1,1,9,0,0,-1,0,0,9,9,0,1,7,1,141,0,0,0,0,0,0,0,0,0,3,0,0,223,9,0,1,0,0,0,0,9,0,0,0,0,0,1,0,0,0,0,0,9,0,0,0,0,0,0,9,0,0,0,1,0,1,9,0,9,9,0,0,0,1,0,141,1,0,0,0,0,0,2,-1,0,9,9,0,0
175,100065,65,255,255,5,100065,114,255,0,500065,0,500065,37,1,1,9,9,1,23,0,0,9,9,0,0,9,1,23,0,0,0,0,0,1,0,0,0,3,0,1,25,0,1,1,0,0,0,0,9,0,0,0,0,1,0,1,0,0,0,0,9,0,0,0,0,0,1,9,0,1,0,0,0,1,9,1,9,9,0,0,0,1,0,23,1,0,0,1,0,0,2,834,0,9,9,0,0
51,-1,66,50,200,112,100066,31,255,0,-1,0,100066,37,1,1,9,9,1,12,0,0,9,9,0,0,9,1,93,0,1,1,14,0,1,3,0,0,4,0,0,37,0,1,1,1,0,0,0,0,0,2,1,0,1,1,1,0,0,0,0,9,0,0,0,0,0,1,9,1,1,0,0,1,10,0,0,0,9,1,0,0,0,0,93,1,3,1,1,0,0,2,873,0,0,9,0,0
255,-1,68,242,1,255,-1,255,1,-1,-1,-1,-1,39,1,1,9,9,1,12,0,0,9,0,0,0,9,1,89,1,0,1,14,0,1,2,0,0,5,0,0,-1,0,1,1,1,0,2,0,0,1,0,1,1,1,1,1,0,0,0,0,9,0,0,0,0,0,1,8,1,1,0,0,1,19,0,0,9,9,1,0,0,1,0,89,1,3,1,1,0,0,9,325,0,0,9,0,0
0,-1,76,255,255,0,-1,0,255,-1,-1,-1,-1,0,1,1,9,9,0,88,0,0,9,9,0,0,7,1,88,0,0,0,0,0,1,0,0,0,3,0,0,-1,0,0,1,1,0,0,0,9,0,0,0,0,1,1,1,0,0,0,0,9,0,0,0,0,0,0,9,0,0,0,0,0,1,9,0,9,9,0,0,0,1,0,88,1,0,0,1,0,0,2,-1,0,9,9,0,0
63,-1,78,250,250,121,-1,15,250,-1,-1,-1,-1,0,1,1,0,9,0,142,0,0,9,0,0,0,7,0,141,0,0,1,0,1,1,0,0,0,3,0,0,-1,0,0,1,1,1,0,1,9,1,3,1,1,1,1,1,0,0,0,0,9,0,1,0,0,0,1,9,0,1,0,0,0,1,9,1,9,9,0,0,0,1,0,141,1,0,0,1,1,0,2,-1,0,0,9,0,0
1,-1,80,255,255,1,-1,255,255,100080,-1,100080,-1,41,1,1,9,9,1,12,0,0,9,9,0,0,7,1,31,0,0,1,0,0,1,0,0,0,5,0,0,4,0,1,1,1,0,0,0,9,1,0,0,0,1,1,1,0,0,0,0,9,0,0,0,0,0,1,9,0,1,0,0,0,3,9,0,9,9,0,0,0,0,0,31,0,0,0,1,0,0,2,209,0,9,9,0,0
1,-1,81,255,255,1,-1,255,255,-1,-1,-1,-1,0,1,1,9,9,0,12,0,0,9,9,0,0,7,0,31,0,0,0,0,0,0,0,0,0,0,0,0,-1,0,0,1,0,0,0,0,9,1,0,0,0,1,0,1,0,0,0,0,9,0,0,0,0,0,0,9,0,0,0,0,0,1,9,1,9,9,0,0,0,1,0,31,1,0,0,1,0,0,2,209,0,9,9,0,0
255,100083,83,0,28,255,-1,255,72,0,500083,0,-1,31,1,1,9,9,1,12,0,0,9,9,0,0,9,1,29,0,1,0,14,0,1,5,0,0,2,0,3,167,0,1,1,1,0,0,0,9,1,2,1,0,1,1,1,0,0,0,0,9,0,0,0,0,0,1,9,1,1,0,0,1,22,0,0,0,9,0,0,0,0,0,29,1,3,1,1,0,0,4,1473,0,0,9,0,0
71,-1,152,255,255,107,100353,23,255,-1,-1,0,500353,18,1,1,9,9,1,12,0,0,9,0,0,0,9,1,129,1,0,1,0,0,1,3,0,0,1,0,3,52,0,1,1,1,0,0,0,9,0,0,1,1,1,0,1,0,0,0,0,9,8167,0,0,0,0,1,9,1,1,0,0,0,21,0,0,9,9,0,0,0,1,0,129,1,0,0,1,0,0,7,-1,0,0,9,0,0
71,-1,153,255,255,107,100353,23,255,-1,-1,0,500353,17,1,1,9,9,1,12,0,0,9,0,0,0,9,1,129,1,0,1,0,0,1,3,0,0,1,0,3,52,0,1,1,1,0,0,0,9,0,0,1,1,1,0,1,0,0,0,0,9,8167,0,0,0,0,1,9,1,1,0,0,0,21,0,0,9,9,0,0,0,1,0,129,1,0,0,1,0,0,7,-1,0,0,9,0,0
64,100189,189,250,250,98,-1,5,250,0,500189,0,-1,40,0,1,9,9,1,71,0,0,9,9,0,0,9,1,71,0,1,1,14,0,1,1,0,0,5,0,3,47,0,1,1,1,0,0,0,9,1,2,0,0,1,0,1,0,0,0,0,9,0,0,0,0,0,1,9,1,1,0,0,1,3,0,0,0,9,0,0,0,0,0,71,1,3,1,1,0,0,2,896,0,9,9,0,0
31,-1,201,190,190,40,201,173,190,0,-1,0,604001,0,1,0,7,9,2,176,0,0,7,7,0,0,9,1,175,0,0,0,11,0,0,1,0,0,3,0,0,14,0,1,1,0,1,1,0,0,0,2,0,1,1,0,1,0,1,0,0,9,0,0,0,0,1,1,7,1,1,155,0,0,1,4,0,9,8,2,0,0,1,2,175,0,5,2,2,0,0,2,1799,0,9,9,1,0
155,-1,202,0,20,66,202,182,137,0,-1,0,202,0,1,1,8,9,2,60,0,0,8,8,0,0,9,1,60,0,0,0,1,0,0,1,0,0,3,0,2,14,0,1,1,0,1,3,0,8,0,0,0,1,3,0,1,0,1,0,0,9,0,0,0,0,0,1,8,1,1,0,0,0,1,0,0,9,9,1,0,0,0,2,60,0,0,2,2,0,0,2,13,0,9,9,1,0
155,-1,203,0,20,66,203,182,137,0,-1,0,203,0,1,1,8,9,2,61,0,0,8,8,0,0,7,1,61,0,0,0,2,0,0,1,0,0,3,0,2,14,0,1,1,0,1,3,0,8,0,0,0,1,3,0,1,0,1,0,0,9,0,0,0,0,0,1,8,1,1,0,0,0,1,8,0,9,9,1,0,0,1,2,61,0,0,2,2,0,0,2,1938,0,9,9,1,0
29,-1,204,255,255,86,204,26,255,-1,-1,-1,-1,0,1,1,7,9,1,142,0,0,0,7,0,0,9,1,88,0,0,1,0,0,1,0,0,0,4,0,0,-1,0,1,1,1,1,0,0,7,1,0,1,1,1,0,1,0,0,0,0,9,0,0,0,0,0,1,9,0,1,0,0,0,2,9,1,9,9,1,0,0,1,1,88,0,0,0,1,0,0,2,73,0,0,9,1,0
174,-1,206,255,255,128,206,32,255,-1,-1,-1,206,0,1,1,8,9,0,12,0,0,0,6,0,0,9,1,32,0,1,1,0,0,1,0,0,0,5,0,0,-1,0,1,1,1,1,0,0,6,1,1,1,1,1,0,1,1,1,0,0,9,0,0,0,0,1,1,9,0,1,0,0,0,3,9,0,0,8,1,0,0,0,2,32,2,0,2,2,0,0,2,36,0,6,9,1,0
255,-1,207,210,5,255,207,255,21,-1,-1,-1,-1,0,1,1,0,9,1,-1,0,0,0,0,0,0,9,0,160,0,1,1,14,0,1,4,0,0,5,0,0,-1,0,1,1,0,1,0,0,0,0,2,0,1,1,0,1,1,0,0,0,9,0,0,0,0,1,1,9,1,1,0,0,1,3,0,1,0,0,1,0,0,1,2,160,1,3,0,1,0,0,2,32,0,9,9,1,0
0,-1,208,252,187,43,-1,228,42,-1,-1,-1,-1,0,1,1,9,9,1,142,0,0,9,9,0,0,9,1,88,0,0,0,14,0,1,1,0,0,4,0,0,-1,8,0,1,1,0,0,0,8,1,0,1,0,1,0,1,0,0,0,0,9,0,0,0,0,0,1,9,1,1,0,0,1,5,5,0,9,9,1,0,0,1,2,88,1,3,0,1,0,0,2,241,0,8,5,0,1
2,-1,210,250,250,7,210,119,250,500210,-1,-1,210,0,1,1,9,9,0,40,0,0,0,5,0,0,9,1,40,0,1,1,0,0,1,1,0,0,4,0,2,27,5,1,1,1,0,0,1,9,1,3,0,1,1,0,1,1,1,0,1,9,0,1,0,0,0,1,9,0,1,0,0,0,4,0,0,8,9,0,0,0,1,2,40,2,0,0,2,1,0,2,45,0,9,9,1,0
81,-1,211,250,250,127,211,0,250,-1,-1,-1,211,0,0,1,9,9,0,65,0,0,9,8,0,0,9,0,65,0,1,1,0,0,1,0,0,0,4,0,2,27,8,1,1,1,0,0,1,9,0,3,1,1,1,0,1,1,1,0,1,9,0,1,0,0,0,1,9,0,1,262,0,0,4,9,0,0,9,0,0,0,1,2,65,2,0,0,2,1,0,2,-1,0,8,9,0,0
1,-1,212,250,250,1,-1,255,250,-1,-1,-1,-1,0,1,1,8,9,0,142,0,0,0,9,0,0,9,1,88,0,0,1,0,0,1,0,0,0,5,0,0,-1,0,0,1,1,1,0,0,9,1,0,0,0,1,0,1,0,0,0,0,9,0,0,0,0,0,1,9,0,1,0,0,0,3,9,0,9,9,0,0,0,0,2,88,1,0,0,1,0,0,2,111822,0,9,9,1,0
102,-1,213,250,250,220,-1,61,250,-1,-1,-1,-1,0,1,1,9,9,1,142,0,0,9,9,0,0,9,1,88,0,0,1,0,0,1,0,0,0,5,0,0,-1,0,1,1,1,0,0,0,9,1,0,0,0,1,0,1,0,0,0,0,9,0,0,0,0,0,1,9,0,1,0,0,0,6,9,1,9,9,0,0,0,1,1,88,0,0,0,1,0,0,2,231,0,9,6,0,1
12,-1,214,255,23,12,-1,12,64,-1,-1,-1,-1,0,1,1,9,9,0,12,0,0,9,9,0,0,7,1,122,0,0,0,0,0,0,0,0,0,0,0,0,-1,0,0,1,0,0,0,0,9,0,0,0,0,1,0,1,0,0,0,0,9,0,0,0,0,0,0,9,0,0,0,0,0,1,9,1,9,9,0,0,0,1,0,122,1,0,0,1,0,0,2,231,0,9,9,0,0
1,-1,215,255,255,74,-1,1,255,-1,-1,-1,-1,0,1,1,9,9,1,12,0,0,9,9,0,0,9,1,80,1,0,1,0,0,1,0,0,0,7,0,0,-1,0,0,1,1,0,0,0,8,1,0,0,0,1,0,1,0,0,0,0,9,0,0,0,0,0,1,9,0,1,0,0,0,9,9,0,9,9,1,0,0,0,2,80,1,0,0,1,0,0,2,819,0,9,9,0,0
90,-1,216,250,250,125,-1,0,250,-1,-1,-1,-1,0,0,1,9,9,0,12,0,0,9,9,0,0,7,1,33,1,1,1,0,0,1,5,0,0,0,0,3,-1,0,0,1,1,0,0,0,9,1,0,0,0,1,0,1,0,0,0,0,9,0,0,0,0,0,1,9,0,1,0,0,0,1,0,1,0,9,0,0,0,0,0,33,1,0,0,1,0,0,2,1516,0,9,9,0,0
33,-1,217,255,255,63,-1,22,255,-1,-1,-1,-1,0,1,1,8,9,1,12,0,0,9,9,0,0,9,1,199,1,1,1,14,0,1,4,0,0,7,0,0,-1,0,0,1,1,1,0,0,8,0,0,1,0,1,0,1,0,0,0,0,9,0,0,0,0,0,1,9,1,1,0,0,0,8,0,1,8,9,1,0,0,0,1,199,0,3,0,1,0,0,2,417,0,8,9,0,0
63,-1,218,0,102,70,-1,54,0,-1,-1,-1,-1,0,1,1,8,9,0,142,0,0,8,9,0,0,9,1,88,0,0,1,0,0,1,0,0,0,4,0,0,-1,8,1,1,1,1,0,0,6,1,2,1,0,1,0,1,0,0,0,0,9,1,0,0,0,0,1,9,0,1,0,0,1,17,9,0,9,9,1,0,0,0,2,88,1,0,1,1,0,0,2,237,0,6,9,1,0
77,-1,219,255,255,163,-1,1,255,-1,-1,-1,-1,0,1,1,7,9,1,12,0,0,0,9,0,0,9,1,99,0,0,1,0,0,0,0,0,0,3,0,0,-1,0,0,1,0,1,1,0,5,1,1,0,0,1,0,1,0,0,0,0,9,0,0,0,0,0,1,8,0,1,0,0,0,1,9,0,9,9,1,0,0,1,2,99,0,0,1,1,0,0,2,77,0,9,9,1,0
7,-1,220,250,250,140,-1,57,250,-1,-1,-1,-1,0,1,1,8,9,1,12,0,0,8,9,0,0,9,1,97,1,0,1,0,0,1,0,0,0,7,0,0,-1,0,0,1,1,1,0,0,9,1,0,0,0,1,0,1,0,0,0,0,9,0,0,0,0,0,1,9,0,1,0,0,0,7,9,0,9,9,0,0,0,0,2,97,0,0,0,1,0,0,2,320,0,9,9,1,0
17,-1,221,255,255,31,-1,178,255,-1,-1,-1,-1,0,1,1,9,9,0,12,0,0,0,9,0,0,9,1,71,0,0,0,0,0,1,0,0,0,5,0,0,-1,8,0,1,1,0,0,0,9,0,0,1,0,1,0,1,0,0,0,0,9,0,0,0,0,0,1,9,0,1,0,0,0,3,9,0,9,9,0,0,0,0,2,71,1,0,1,1,0,0,2,896,0,8,9,1,0
47,-1,223,255,255,134,223,8,255,0,-1,0,500223,17,2,1,9,9,0,108,0,1,0,2,0,0,9,1,66,0,1,1,0,1,1,0,0,0,8,0,0,-1,0,1,1,1,0,0,1,0,1,0,2,1,3,0,1,0,1,1,0,9,0,0,0,1,1,1,9,0,1,195,0,1,1,9,0,0,0,2,0,1,1,2,66,2,0,0,2,1,0,2,73,0,0,9,1,0
12,-1,224,243,146,12,224,12,0,0,-1,0,500224,17,2,1,9,9,0,46,0,1,0,2,0,0,9,1,59,0,1,1,0,1,1,0,0,0,9,0,0,-1,0,1,1,1,0,0,1,0,1,0,2,1,3,0,1,0,1,1,0,9,0,0,0,0,1,1,9,0,1,515,0,0,1,9,0,0,0,2,0,1,1,2,59,2,0,0,2,1,0,2,18,0,0,9,1,0
11,-1,225,255,231,30,-1,198,181,-1,-1,-1,-1,0,1,1,9,9,1,12,0,0,9,0,0,0,9,0,41,0,0,0,14,0,1,1,0,0,4,0,0,-1,8,0,1,1,0,0,0,9,1,0,1,1,1,0,1,0,0,0,0,9,0,0,0,0,0,1,9,1,1,0,0,1,5,8,0,9,9,0,0,0,1,0,41,1,3,0,1,0,0,2,241,0,8,9,0,0
12,-1,226,0,190,12,226,12,20,0,-1,0,500226,11,2,1,9,9,0,118,0,1,0,2,0,0,9,1,57,0,1,1,0,1,1,0,0,0,9,0,0,-1,0,1,1,1,0,0,1,0,1,0,2,1,3,0,1,0,1,1,0,9,0,0,0,0,1,1,9,0,1,420,0,0,1,9,0,0,0,2,0,1,1,2,57,2,0,0,2,1,0,2,5,0,0,9,1,0
68,-1,228,165,13,55,228,57,1,0,-1,0,228,0,1,1,8,9,2,77,0,0,8,8,0,0,9,0,77,0,0,0,0,0,0,0,0,0,3,0,0,14,8,1,1,0,1,1,0,8,0,0,0,1,1,0,1,0,1,0,0,9,0,0,0,0,0,1,8,0,1,0,0,0,1,9,2,9,9,1,0,0,1,2,77,0,0,0,2,0,0,2,10,0,9,9,1,0
255,-1,232,0,100,255,232,255,100,0,-1,0,232,0,2,1,9,9,0,-1,0,1,8,8,0,0,9,0,98,0,1,0,0,1,1,0,0,0,10,0,0,-1,0,1,1,0,0,0,1,0,0,0,0,1,3,0,1,0,1,1,0,9,0,0,0,0,1,1,9,0,1,0,0,0,1,9,0,8,0,2,0,1,1,2,98,2,0,0,1,1,0,2,243,0,9,9,1,0
9,233,233,210,167,9,233,9,94,-1,-1,-1,-1,0,1,1,8,9,0,102,0,0,8,9,0,0,9,0,102,0,1,0,2,0,1,1,0,0,4,0,2,18,8,1,1,0,1,0,0,9,0,0,2,0,1,0,1,0,1,0,0,9,0,0,0,0,1,1,9,1,1,0,0,0,2,8,0,8,8,0,0,1,0,1,102,1,2,0,2,0,0,2,73,0,8,8,1,1
42,-1,234,199,32,102,-1,20,40,-1,-1,-1,-1,0,0,1,9,9,1,142,0,0,8,9,0,0,7,1,88,1,0,1,0,0,1,0,0,0,6,0,0,-1,0,1,1,1,0,3,0,9,0,0,0,0,1,0,1,0,0,0,0,9,0,0,0,0,1,1,8,0,1,0,0,1,1,9,0,9,8,0,0,0,0,2,88,1,0,0,1,1,0,2,698,0,9,9,1,0
0,-1,241,255,255,0,-1,0,255,-1,-1,-1,-1,0,1,1,0,0,0,88,0,0,9,9,0,0,7,0,88,0,1,0,0,0,1,0,0,0,3,0,0,-1,9,0,1,1,1,2,0,9,1,0,0,0,0,1,0,0,0,0,0,9,0,0,0,0,0,0,8,0,0,0,1,0,1,9,0,0,9,0,0,0,1,0,88,1,0,0,0,0,0,2,-1,0,9,9,0,0
0,-1,242,255,255,0,-1,0,255,-1,-1,-1,-1,0,1,1,9,0,0,12,0,0,9,9,0,0,7,1,88,0,1,0,0,0,0,0,0,0,3,0,0,-1,9,0,1,0,0,0,0,9,0,0,0,0,0,0,0,0,0,0,0,9,0,0,0,0,0,0,9,0,0,0,1,0,1,9,0,0,9,0,0,0,1,0,88,1,0,0,0,0,0,2,-1,0,9,9,0,0
0,-1,243,255,255,0,-1,0,255,-1,-1,-1,-1,0,1,1,9,0,0,12,0,0,9,9,0,0,7,1,88,0,1,0,0,0,0,0,0,0,3,0,0,-1,9,0,1,0,0,0,0,9,0,0,0,0,0,1,0,0,0,0,0,9,0,0,0,0,0,0,9,0,0,0,1,0,1,9,0,0,9,0,0,0,1,0,88,1,0,0,0,0,0,2,-1,0,9,9,0,0
0,-1,244,255,255,0,-1,0,255,-1,-1,-1,-1,0,1,1,9,0,0,12,0,0,9,9,0,0,7,1,88,0,1,0,0,0,0,0,0,0,3,0,0,-1,9,0,1,0,0,0,0,9,0,0,0,0,0,1,0,0,0,0,0,9,0,0,0,0,0,0,9,0,0,0,1,0,1,9,0,0,9,0,0,0,1,0,88,1,0,0,0,0,0,2,-1,0,9,9,0,0
0,-1,245,255,255,0,-1,0,255,-1,-1,-1,-1,0,1,1,9,0,0,12,0,0,9,9,0,0,7,1,88,0,1,0,0,0,0,0,0,0,3,0,0,-1,9,0,1,0,0,0,0,9,0,0,0,0,0,1,0,0,0,0,0,9,0,0,0,0,0,0,9,0,0,0,1,0,1,9,0,0,9,0,0,0,1,0,88,1,0,0,0,0,0,2,-1,0,9,9,0,0
1,-1,268,255,255,1,-1,250,255,-1,-1,-1,-1,0,1,1,6,9,0,142,0,0,9,0,0,0,9,1,88,1,0,1,0,0,1,0,0,0,5,0,0,-1,6,0,1,1,1,2,0,6,1,3,0,1,1,0,1,0,0,0,0,9,0,1,0,0,0,1,8,0,1,196,0,1,19,9,0,9,9,1,0,0,1,2,88,1,0,0,1,0,0,9,325,0,9,9,0,0
1,-1,308,254,254,1,100308,1,254,500308,-1,0,100308,46,1,1,9,9,1,12,0,0,9,9,0,0,9,1,36,0,0,1,14,0,1,3,0,0,4,1,1,38,0,1,1,1,0,0,0,9,1,0,1,0,1,0,1,0,0,0,0,9,1,0,0,0,0,1,9,1,1,0,0,1,17,0,0,9,9,0,0,0,0,0,36,0,3,1,1,0,0,2,237,0,0,9,0,0
108,-1,314,250,250,33,-1,243,250,-1,-1,-1,-1,0,1,1,9,9,1,142,0,1,8,9,0,0,9,1,88,1,0,0,0,0,1,0,0,0,4,0,0,-1,0,0,1,1,0,0,0,4,1,0,0,0,1,0,1,0,0,0,0,9,0,0,0,0,0,1,9,0,1,487,0,1,6,9,1,9,9,1,0,0,0,1,88,1,0,0,1,0,0,2,100632,0,9,9,1,0
31,-1,330,95,16,45,-1,172,25,-1,-1,-1,-1,49,1,1,9,9,0,79,0,0,9,9,0,0,9,1,79,0,0,1,0,0,1,0,0,0,5,0,0,-1,0,1,1,1,0,0,0,9,0,0,0,0,1,1,1,0,0,0,0,9,0,0,0,0,0,1,9,0,1,0,0,0,23,9,0,9,9,0,0,0,1,0,79,1,0,1,1,1,0,2,100761,0,9,9,0,0
0,-1,332,255,255,0,-1,0,255,-1,-1,-1,-1,0,1,1,9,0,0,-1,0,0,9,9,0,1,7,1,-1,0,0,0,0,0,0,0,0,0,3,0,0,223,9,0,1,0,0,0,0,9,0,0,0,0,0,1,0,0,0,0,0,9,0,0,0,0,0,0,9,0,0,0,1,0,1,9,0,9,9,0,0,0,1,0,88,1,0,0,0,0,0,2,-1,0,9,9,0,0
0,-1,347,255,255,0,-1,0,255,-1,-1,-1,-1,0,1,1,9,0,0,-1,0,0,9,9,0,1,7,1,-1,0,0,0,0,0,0,0,0,0,3,0,0,223,9,0,1,0,0,0,0,9,0,0,0,0,0,1,0,0,0,0,0,9,0,0,0,0,0,0,9,0,0,0,1,0,1,9,0,9,9,0,0,0,1,0,88,1,0,0,0,0,0,2,-1,0,9,9,0,0
52,100350,350,255,255,96,-1,20,255,0,500350,0,-1,35,1,1,9,9,1,64,0,0,9,0,0,0,9,1,64,0,1,0,14,0,1,4,0,0,2,0,3,183,0,0,1,1,0,0,0,0,1,1,0,1,1,1,1,0,0,0,0,9,3,0,0,0,0,1,9,1,1,0,0,1,14,0,0,0,9,1,0,0,1,0,64,1,3,1,1,1,0,9,607,0,9,9,0,0
67,-1,351,21,26,78,-1,255,149,500351,-1,100351,-1,27,1,1,8,8,1,12,0,0,9,0,0,0,9,1,117,0,0,1,14,0,1,3,0,0,2,0,0,195,0,0,1,0,1,1,0,0,0,2,1,1,1,1,1,0,0,0,0,9,0,0,0,0,0,1,7,1,1,0,1,1,1,0,1,9,9,1,0,0,1,0,117,0,3,0,1,0,0,2,131739,0,7,9,0,0
71,-1,353,255,255,107,100353,23,255,-1,-1,0,500353,47,1,1,9,9,1,12,0,0,9,0,0,0,9,1,129,1,0,1,0,0,1,3,0,0,1,0,3,52,0,1,1,1,0,0,0,9,0,0,1,1,1,0,1,0,0,0,0,9,8167,0,0,0,0,1,9,1,1,0,0,0,21,0,0,9,9,0,0,0,1,0,129,1,0,0,1,0,0,7,101088,0,0,9,0,0
169,-1,354,254,254,227,-1,138,254,-1,-1,-1,-1,0,0,1,9,9,1,12,0,0,9,9,0,0,7,1,130,0,0,0,0,0,1,0,0,0,0,0,0,-1,0,0,1,1,0,0,0,9,1,0,0,0,1,0,1,0,0,0,0,9,0,0,0,0,0,1,9,0,1,0,0,0,1,9,1,9,9,0,0,0,1,0,130,0,0,0,1,0,0,2,-1,0,9,9,0,0
0,-1,357,255,255,0,-1,0,255,-1,-1,-1,-1,0,1,1,9,0,0,88,0,0,9,9,0,1,7,1,-1,0,0,0,0,0,0,0,0,0,3,0,0,223,9,0,1,0,0,0,0,9,0,0,0,0,0,1,0,0,0,0,0,9,0,0,0,0,0,0,9,0,0,0,1,0,1,9,0,9,9,0,0,0,1,0,88,1,0,0,0,0,0,2,-1,0,9,9,0,0
155,-1,360,0,20,66,-1,182,137,-1,-1,-1,-1,0,0,1,8,9,2,112,0,0,8,9,0,0,7,1,55,0,0,0,3,0,1,1,0,0,3,0,2,-1,0,0,1,0,1,0,0,8,1,0,0,0,3,0,1,0,1,0,0,9,0,0,0,0,0,1,9,1,1,0,0,0,1,8,0,9,9,1,0,0,1,2,55,0,0,2,2,0,0,2,-1,0,9,9,1,0
155,-1,361,0,20,66,-1,182,137,-1,-1,-1,-1,0,0,1,8,9,2,112,0,0,8,9,0,0,7,1,55,0,0,0,3,0,1,1,0,0,3,0,2,-1,0,0,1,0,1,0,0,8,1,0,0,0,3,0,1,0,1,0,0,9,0,0,0,0,0,1,9,1,1,0,0,0,1,8,0,9,9,1,0,0,1,2,55,0,0,2,2,0,0,2,-1,0,9,9,1,0
70,-1,365,250,250,59,-1,42,250,-1,-1,-1,-1,0,1,1,9,9,0,12,0,0,9,9,0,0,5,1,23,0,0,0,0,0,1,0,0,0,3,0,0,-1,0,0,1,0,0,0,0,9,0,0,0,0,1,0,1,0,0,0,0,9,0,0,0,0,0,1,9,0,1,0,0,0,1,9,1,9,9,0,0,0,1,2,23,1,0,0,1,0,0,2,445,0,9,9,0,0
90,-1,366,255,179,181,-1,35,25,-1,-1,-1,-1,0,1,1,9,9,1,88,0,0,5,9,0,0,9,1,88,0,1,1,0,0,1,0,0,0,4,0,0,-1,5,0,1,1,0,0,0,5,0,0,1,0,1,0,1,0,0,0,0,9,0,0,0,0,0,1,9,0,1,0,0,0,10,9,0,0,9,1,0,0,1,0,88,0,0,1,1,0,0,2,1871,0,5,9,1,0
36,-1,390,163,139,33,-1,40,84,-1,-1,-1,-1,0,0,1,8,9,2,12,0,0,9,9,0,0,7,1,189,1,0,1,0,0,1,0,0,0,6,0,0,-1,8,0,1,0,2,3,0,9,0,0,0,0,1,0,1,0,0,0,0,9,0,0,0,0,0,1,8,0,1,0,0,0,1,9,0,9,9,0,0,0,0,0,189,2,0,2,1,0,0,2,687,0,9,9,0,0
155,-1,414,0,20,66,-1,182,137,-1,-1,-1,-1,0,0,1,8,9,2,112,0,0,8,0,0,0,7,1,55,0,0,0,3,0,1,1,0,0,3,0,2,-1,0,0,1,0,1,0,0,8,1,0,0,1,3,0,1,0,1,0,0,9,0,0,0,0,0,1,9,1,1,0,0,0,1,0,0,9,9,1,0,0,1,2,55,0,0,2,2,0,0,2,-1,0,9,9,1,0
25,-1,451,255,65,58,-1,9,82,-1,-1,-1,-1,0,0,1,9,9,0,45,0,0,9,0,0,0,7,1,45,0,1,1,3,0,1,1,0,0,0,0,0,-1,8,0,1,0,0,0,0,9,1,0,0,1,1,0,1,0,0,0,0,9,0,0,0,0,0,1,9,1,1,0,0,1,1,0,1,0,9,0,0,0,0,0,45,1,3,0,1,0,0,2,-1,0,9,9,0,0
66,-1,820,0,103,109,-1,0,196,-1,-1,-1,-1,0,1,0,0,9,1,88,0,0,0,0,0,0,9,0,88,0,1,0,14,0,1,1,0,0,0,0,0,-1,0,0,1,1,1,0,0,9,0,1,0,1,1,1,0,0,0,0,0,9,0,0,0,0,0,1,9,1,1,0,0,0,1,0,0,0,9,0,0,0,1,1,88,0,3,0,1,1,0,2,-1,0,9,9,1,0
19,-1,821,255,238,44,-1,11,106,-1,-1,-1,-1,0,1,1,0,9,0,88,0,0,0,0,0,0,9,0,88,0,1,0,14,0,1,1,0,0,0,0,0,-1,9,0,1,1,1,0,0,9,0,0,0,1,1,1,0,0,0,0,0,9,0,0,0,0,0,1,9,1,1,0,0,0,1,0,0,0,9,0,0,0,1,1,88,1,3,0,0,1,0,2,-1,0,9,9,1,0
66,-1,822,0,103,109,-1,0,196,-1,-1,-1,-1,0,1,0,0,9,0,88,0,0,0,0,0,0,9,0,88,0,1,0,14,0,1,1,0,0,0,0,0,-1,0,0,1,1,1,2,0,9,0,1,0,1,1,1,0,0,0,0,0,9,0,0,0,0,0,1,8,1,1,0,0,0,1,0,1,0,9,0,0,0,1,1,88,0,3,0,1,1,0,2,-1,0,9,9,1,0
46,-1,840,0,121,39,-1,131,197,-1,-1,-1,-1,0,1,0,9,9,1,88,0,0,0,0,0,0,9,0,88,0,1,0,14,0,1,1,0,0,0,0,0,-1,0,0,1,1,0,0,0,9,0,3,1,1,1,1,0,0,0,0,0,9,0,1,0,0,0,1,9,1,1,0,0,0,1,0,0,0,9,0,0,0,1,0,88,0,3,0,1,1,0,2,-1,0,0,9,1,0
31,-1,841,33,80,83,-1,0,188,-1,-1,-1,-1,0,1,1,0,0,0,88,0,0,0,0,0,0,7,0,88,0,1,0,14,0,1,1,0,0,6,0,1,-1,0,0,1,1,1,0,0,0,0,2,1,1,1,0,0,0,0,0,0,9,0,0,0,0,0,1,9,1,1,0,1,0,1,0,1,0,9,1,0,0,1,1,88,1,3,0,1,1,0,2,-1,0,0,9,1,0
159,-1,842,35,53,211,-1,0,147,-1,-1,-1,-1,0,1,0,9,9,0,12,0,0,0,0,0,0,7,0,88,0,1,0,14,0,1,3,0,0,1,0,0,-1,0,0,1,1,0,0,0,9,0,0,0,1,1,0,0,0,0,0,0,9,8167,0,0,0,0,1,9,1,1,0,0,0,21,0,0,0,9,0,0,0,1,1,88,0,3,1,1,1,0,7,-1,0,9,9,1,0
247,-1,843,235,66,23,-1,205,55,-1,-1,-1,-1,0,1,0,9,9,0,88,0,0,0,0,0,0,9,0,88,0,1,0,14,0,1,1,0,0,0,0,0,-1,0,0,1,1,0,0,0,9,0,1,0,1,1,1,0,0,0,0,0,9,0,0,0,0,0,1,9,1,1,0,0,0,1,0,0,0,9,0,0,0,1,1,88,1,3,0,1,1,0,4,-1,0,9,9,1,0
11,-1,844,240,199,131,-1,0,35,-1,-1,-1,-1,0,1,0,9,9,1,88,0,0,0,0,0,0,9,0,88,0,1,0,14,0,1,1,0,0,0,0,0,-1,0,0,1,1,0,0,0,9,0,0,1,1,1,1,0,0,0,0,0,9,24,1,0,0,0,1,9,1,1,0,0,0,1,0,0,0,9,0,0,0,1,1,88,0,3,0,1,0,0,2,-1,0,0,9,1,0
71,-1,845,192,3,156,-1,0,41,-1,-1,-1,-1,0,1,0,0,9,0,88,0,0,0,0,0,0,7,0,88,0,1,0,14,0,1,1,0,0,6,0,0,-1,9,0,1,1,1,0,0,9,0,2,0,1,1,1,0,0,0,0,0,9,0,0,0,0,0,1,9,1,1,0,0,0,1,0,0,0,9,0,0,0,1,1,88,1,3,0,0,1,0,2,-1,0,9,9,1,0
48,-1,846,243,195,64,-1,0,84,-1,-1,-1,-1,0,0,0,0,9,0,88,0,0,0,0,0,0,9,0,88,0,1,0,14,0,1,1,0,0,1,0,0,-1,9,0,1,1,1,0,0,9,0,3,0,1,1,0,0,0,0,0,0,9,8191,1,0,0,0,1,9,1,1,0,0,0,21,0,0,0,9,0,0,0,1,1,88,0,3,1,0,1,0,2,-1,0,9,9,1,0
19,-1,847,255,238,44,-1,11,106,-1,-1,-1,-1,0,0,0,9,9,1,88,0,0,0,0,0,0,9,0,88,0,1,0,14,0,1,1,0,0,0,0,0,-1,0,0,1,1,0,0,0,9,0,2,0,1,1,1,0,0,0,0,0,9,0,1,0,0,0,1,9,1,1,0,0,0,1,0,0,0,9,0,0,0,1,1,88,0,3,0,1,1,0,2,-1,0,9,9,1,0
19,-1,848,255,238,44,-1,11,106,-1,-1,-1,-1,0,1,0,9,9,0,88,0,0,0,0,0,0,9,0,88,0,1,0,14,0,1,1,0,0,0,0,0,-1,0,0,1,1,0,0,0,9,0,1,0,1,1,1,0,0,0,0,0,9,0,0,0,0,0,1,9,1,1,0,0,0,1,0,0,0,9,0,0,0,1,1,88,1,3,1,1,1,0,2,-1,0,9,9,1,0
19,-1,849,255,238,44,-1,11,106,-1,-1,-1,-1,0,0,0,9,9,1,88,0,0,0,0,0,0,7,0,88,0,1,0,14,0,1,3,0,0,0,0,0,-1,0,0,1,1,0,0,0,9,0,0,0,1,1,1,0,0,0,0,0,9,0,0,0,0,0,1,9,1,1,0,0,0,1,0,0,0,9,0,0,0,1,1,88,0,3,0,1,1,0,2,-1,0,9,9,1,0
19,-1,850,255,238,44,-1,11,106,-1,-1,-1,-1,0,1,0,9,9,1,88,0,0,0,0,0,0,9,0,88,0,1,0,14,0,1,1,0,0,0,0,0,-1,9,0,1,1,0,0,0,9,0,0,0,1,1,1,0,0,0,0,0,9,0,1,0,0,0,1,9,1,1,0,0,0,1,0,0,0,9,0,0,0,1,1,88,0,3,0,0,1,0,2,-1,0,9,9,1,0
66,-1,851,0,103,109,-1,0,196,-1,-1,-1,-1,0,0,0,0,9,0,88,0,0,0,0,0,0,9,0,88,0,1,0,14,0,1,1,0,0,0,0,0,-1,0,0,1,1,1,0,0,9,0,0,0,1,1,1,0,0,0,0,0,9,0,0,0,0,0,1,9,1,1,0,0,0,1,0,0,0,9,0,0,0,1,1,88,1,3,0,1,1,0,2,-1,0,9,9,1,0
46,-1,860,0,121,39,-1,131,197,-1,-1,-1,-1,0,0,0,0,9,1,88,0,0,0,0,0,0,9,0,88,0,1,0,14,0,1,1,0,0,0,0,0,-1,9,0,1,1,1,0,0,9,0,1,1,1,1,1,0,0,0,0,0,9,0,1,0,0,0,1,9,1,1,0,0,0,1,0,0,0,9,0,0,0,1,1,88,0,3,0,0,1,0,2,-1,0,0,9,1,0
71,-1,861,192,3,156,-1,0,41,-1,-1,-1,-1,0,1,1,0,0,0,88,0,0,0,0,0,0,7,1,88,1,1,1,14,0,1,1,0,0,6,0,3,-1,0,0,1,1,1,3,0,0,1,3,1,1,1,0,0,0,0,0,0,9,0,1,0,0,0,1,8,1,1,0,1,0,1,0,0,0,9,1,0,0,1,1,88,1,3,1,1,1,0,2,-1,0,0,9,1,0
48,-1,862,243,195,64,-1,0,84,-1,-1,-1,-1,0,1,0,9,9,1,88,0,0,0,0,0,0,9,0,88,0,1,0,14,0,1,1,0,0,1,0,0,-1,0,0,1,1,0,0,0,9,0,3,0,1,1,0,0,0,0,0,0,9,8191,1,0,0,0,1,9,1,1,0,0,0,21,0,0,0,9,0,0,0,1,1,88,0,3,0,1,1,0,7,-1,0,9,9,1,0
247,-1,863,235,66,23,-1,205,55,-1,-1,-1,-1,0,1,1,0,8,0,88,0,0,0,0,0,0,9,1,88,1,1,1,14,0,1,1,0,0,2,0,3,-1,0,0,1,1,1,2,0,0,0,3,1,1,1,0,0,0,0,0,0,9,0,1,0,0,0,1,8,1,1,0,1,0,1,0,1,0,9,1,0,0,0,1,88,1,3,0,1,1,0,4,-1,0,0,9,1,0
11,-1,864,240,199,131,-1,0,35,-1,-1,-1,-1,0,1,0,9,9,0,88,0,0,0,0,0,0,9,0,88,0,1,0,14,0,1,1,0,0,0,0,0,-1,9,0,1,1,0,0,0,9,0,0,0,1,1,1,0,0,0,0,0,9,0,0,0,0,0,1,9,1,1,0,0,0,1,0,0,0,9,0,0,0,1,1,88,1,3,0,0,1,0,2,-1,0,9,9,1,0
31,-1,865,33,80,83,-1,0,188,-1,-1,-1,-1,0,1,1,0,8,0,88,0,0,0,0,0,1,7,1,88,1,1,1,14,0,1,1,0,0,6,0,1,-1,0,0,1,1,1,3,0,0,1,3,1,1,1,0,0,0,0,0,0,9,0,1,0,0,0,1,8,1,1,0,1,0,1,0,0,0,9,1,0,0,1,1,88,1,3,1,1,1,0,2,-1,0,0,9,1,0
159,-1,866,35,53,211,-1,0,147,-1,-1,-1,-1,0,0,0,9,9,0,88,0,0,0,0,0,0,9,0,88,0,1,0,14,0,1,3,0,0,0,0,0,-1,0,0,1,1,0,0,0,9,0,3,0,1,1,0,0,0,0,0,0,9,8191,1,0,0,0,1,9,1,1,0,0,0,1,0,1,0,9,0,0,0,1,1,88,0,3,0,1,1,0,2,-1,0,9,9,1,0
66,-1,867,0,103,109,-1,0,196,-1,-1,-1,-1,0,1,1,0,9,0,88,0,0,0,0,0,0,9,1,88,1,1,1,14,0,1,1,0,0,0,0,3,-1,0,0,1,1,1,0,0,0,1,3,1,1,1,0,0,0,0,0,0,9,0,1,0,0,0,1,9,1,1,0,0,0,1,0,1,0,9,1,0,0,1,1,88,1,3,0,1,1,0,2,-1,0,0,9,1,0
19,-1,869,255,238,44,-1,11,106,-1,-1,-1,-1,0,1,0,9,9,1,88,0,0,0,0,0,0,9,0,88,0,1,0,14,0,1,1,0,0,0,0,0,-1,9,0,1,1,0,0,0,9,0,2,1,1,1,1,0,0,0,0,0,9,0,0,0,0,0,0,9,1,0,0,0,0,1,0,0,0,9,0,0,0,1,1,88,0,3,0,0,1,0,2,-1,0,0,9,1,0
19,-1,870,255,238,44,-1,11,106,-1,-1,-1,-1,0,1,0,9,9,0,88,0,0,0,0,0,0,9,0,88,0,1,0,14,0,1,1,0,0,0,0,0,-1,0,0,1,1,0,0,0,9,0,0,0,1,1,1,0,0,0,0,0,9,0,1,0,0,0,1,9,1,1,0,0,0,1,0,0,0,9,0,0,0,1,1,88,0,3,1,1,1,0,2,-1,0,9,9,1,0
19,-1,871,255,238,44,-1,11,106,-1,-1,-1,-1,0,0,0,0,9,0,88,0,0,0,0,0,0,9,0,88,0,1,0,14,0,1,1,0,0,0,0,0,-1,9,0,1,1,1,0,0,9,0,1,0,1,1,1,0,0,0,0,0,9,0,0,0,0,0,1,9,1,1,0,0,0,1,0,0,0,9,0,0,0,1,1,88,0,3,0,0,1,0,2,-1,0,9,9,1,0
63,-1,900,255,255,121,-1,15,255,-1,-1,-1,-1,0,1,1,0,9,0,88,0,0,9,0,0,0,9,0,88,1,0,1,0,1,1,0,0,0,0,0,0,-1,0,0,1,1,1,0,0,9,1,3,1,1,0,1,1,0,0,0,0,9,0,1,0,0,0,1,9,0,1,0,0,0,1,9,1,9,9,0,0,0,1,0,88,1,0,0,1,1,0,2,-1,0,0,9,0,0
53,-1,980,211,210,101,-1,31,210,-1,-1,-1,-1,0,1,1,0,9,1,37,0,0,0,0,0,0,9,1,37,0,1,0,0,1,1,0,0,0,4,0,0,-1,0,0,1,0,1,0,1,0,0,0,1,1,1,0,1,0,0,0,0,9,0,0,0,0,0,1,9,0,1,0,0,0,1,9,0,0,9,1,0,0,1,1,37,1,0,1,1,1,0,2,1343,0,0,9,1,0
98,-1,981,255,255,149,-1,50,255,-1,-1,-1,-1,0,1,1,0,9,0,37,0,0,9,0,0,0,9,1,37,0,0,0,0,1,0,0,0,0,4,0,0,-1,0,0,1,0,1,0,0,9,0,2,1,1,0,1,1,0,0,0,0,9,0,0,0,0,0,1,9,0,1,0,0,0,1,9,1,9,9,0,0,0,1,1,37,1,0,0,1,1,0,2,-1,0,0,9,0,0
8,-1,990,162,144,8,-1,8,97,-1,-1,-1,-1,0,1,1,0,9,0,37,0,0,0,0,0,0,9,1,37,0,1,1,0,1,1,0,0,0,0,0,0,-1,0,0,1,0,1,0,1,0,1,3,1,1,0,1,1,0,0,0,0,9,0,1,0,0,0,1,9,0,1,0,0,1,1,9,0,0,9,1,0,0,1,1,37,1,0,1,1,1,0,2,1369,0,0,9,1,0
98,-1,991,255,255,149,-1,50,255,-1,-1,-1,-1,0,1,1,0,9,0,37,0,0,9,0,0,0,9,1,37,0,0,0,0,0,1,0,0,0,4,0,0,-1,0,0,1,0,1,0,0,9,0,0,1,1,0,1,1,0,0,0,0,9,0,0,0,0,0,1,9,0,1,0,0,0,1,9,1,9,9,0,0,0,1,1,37,1,0,0,1,0,0,2,-1,0,0,9,0,0
98,-1,992,255,255,149,-1,50,255,-1,-1,-1,-1,0,1,1,0,9,0,37,0,0,9,0,0,0,9,1,37,0,0,0,0,0,1,0,0,0,1,0,0,-1,0,0,1,0,1,0,0,9,0,3,1,1,0,1,1,0,0,0,0,9,0,1,0,0,0,1,9,0,1,0,0,0,1,9,1,9,9,0,0,0,1,1,37,1,0,0,1,0,0,7,-1,0,0,9,0,0
98,-1,993,255,255,149,-1,50,255,-1,-1,-1,-1,0,1,1,0,9,0,37,0,0,9,0,0,0,9,1,37,0,0,0,0,0,1,0,0,0,2,0,0,-1,0,0,1,0,1,0,0,9,0,0,1,1,0,1,1,0,0,0,0,9,0,0,0,0,0,1,9,0,1,0,0,0,1,9,1,9,9,0,0,0,1,1,37,1,0,0,1,0,0,4,-1,0,0,9,0,0
10,-1,1003,237,188,10,1003,10,92,801003,-1,0,-1,17,1,0,9,9,0,184,0,0,0,9,0,0,9,1,184,0,1,0,15,0,1,1,0,0,1,1,0,2504,0,1,1,1,0,0,0,8,0,3,2,0,3,0,1,0,1,1,0,9,0,1,0,0,1,1,9,1,1,0,0,1,21,0,0,0,8,2,0,1,0,0,184,2,2,0,2,1,0,7,517,0,0,9,1,0
36,-1,1004,233,222,64,-1,170,148,-1,-1,-1,-1,0,1,1,0,9,0,12,0,0,9,0,0,0,9,1,24,0,1,1,14,0,1,3,0,0,5,0,3,-1,0,0,1,1,1,0,0,0,1,0,0,1,1,0,1,0,0,0,0,9,0,0,0,0,0,1,9,1,1,0,0,0,23,0,1,0,9,1,0,0,1,0,24,1,3,0,1,1,0,2,114385,0,9,9,0,0
80,-1,1014,250,250,160,1014,0,250,801014,-1,0,-1,11,1,0,9,9,0,184,0,0,0,9,0,0,9,1,184,0,1,0,14,0,1,1,0,0,1,1,0,225,0,1,1,1,0,0,0,8,0,0,2,0,3,0,1,0,1,1,0,9,0,0,0,0,1,1,9,1,1,0,0,1,21,0,0,0,8,2,0,1,0,2,184,2,2,0,2,1,0,7,101085,0,0,9,1,0
80,-1,1015,250,250,160,1015,0,250,-1,-1,-1,-1,0,1,0,9,9,0,184,0,0,8,9,0,0,9,1,184,0,1,0,7,0,1,1,0,0,1,0,0,225,8,1,1,1,0,0,0,8,0,0,2,0,3,0,1,0,1,1,0,9,0,0,0,0,1,1,9,1,1,0,0,0,21,8,0,8,8,2,0,1,0,2,184,2,7,0,2,1,0,7,101085,0,8,9,1,0
120,102012,2012,250,250,34,-1,248,250,0,102012,0,-1,34,1,1,9,9,0,75,0,0,9,9,0,0,9,1,75,0,0,0,0,0,1,0,0,0,2,0,0,155,0,0,1,1,0,0,0,0,0,2,0,0,1,0,1,0,0,0,0,9,0,0,0,0,0,1,9,0,1,0,0,1,1,9,1,9,9,1,0,0,0,0,75,1,0,0,1,1,0,4,112540,0,9,9,0,0
1,-1,2028,1,1,1,-1,1,1,-1,-1,-1,-1,0,1,1,9,9,0,88,0,0,9,0,0,0,7,0,88,0,0,0,14,0,1,1,0,0,0,0,0,-1,0,0,1,1,0,0,0,9,0,0,0,1,0,1,0,0,0,0,0,9,8191,0,0,0,0,1,9,1,1,0,0,0,1,0,1,9,9,0,0,0,1,1,88,1,3,0,1,0,0,2,-1,0,9,9,0,0
255,-1,2039,217,31,255,-1,255,28,-1,-1,-1,-1,0,1,1,9,9,0,-1,0,0,9,9,0,0,7,1,-1,0,0,0,0,0,0,0,0,0,0,0,0,-1,9,0,1,0,0,0,0,9,0,0,0,0,0,1,0,0,0,0,0,9,0,0,0,0,0,0,9,0,0,0,0,0,1,9,1,9,9,0,0,0,0,0,6,1,0,0,0,0,0,2,-1,0,9,9,0,0
12,-1,2076,32,174,12,102076,12,128,0,-1,0,102076,27,1,1,9,9,0,91,0,0,9,9,0,0,9,1,91,0,1,1,14,0,1,5,0,0,5,0,0,21,0,1,1,1,0,0,0,0,1,1,0,0,1,1,1,0,0,0,0,9,8,0,0,0,0,1,9,1,1,0,0,0,3,0,0,0,9,1,0,0,0,0,91,1,3,1,1,0,0,2,159,0,9,9,0,0
10,-1,2118,216,183,10,-1,10,89,-1,-1,-1,-1,0,1,1,9,0,0,-1,0,0,9,9,0,1,7,1,-1,0,0,0,0,0,0,0,0,0,3,0,0,223,9,0,1,0,0,0,0,9,0,0,0,0,0,1,0,0,0,0,0,9,0,0,0,0,0,0,9,0,0,0,1,0,1,9,0,9,9,0,0,0,1,0,88,1,0,0,0,0,0,2,-1,0,9,9,0,0
21,-1,2136,250,250,27,-1,156,250,-1,-1,-1,-1,0,1,1,0,9,1,88,0,0,0,0,0,0,7,1,88,0,0,1,0,1,1,0,0,0,0,0,0,-1,0,0,1,0,1,2,1,0,0,2,1,1,1,0,1,0,0,0,0,9,0,0,1,0,0,1,8,0,1,0,0,1,1,9,0,9,9,1,0,0,1,1,88,1,0,1,1,1,0,2,113012,0,0,9,1,0
21,-1,2139,250,250,27,-1,156,250,-1,-1,-1,-1,0,1,1,0,9,1,88,0,0,9,0,0,0,7,0,88,0,0,1,0,1,1,0,0,0,0,0,0,-1,0,0,1,0,1,0,1,0,0,2,0,1,0,1,1,0,0,0,0,9,0,0,1,0,0,1,9,0,1,0,0,0,1,9,0,9,9,1,0,0,1,1,88,1,0,0,1,1,0,2,-1,0,9,9,0,0
41,-1,2149,237,49,111,102149,18,35,-1,502149,-1,-1,0,0,1,9,9,1,133,0,0,9,9,0,0,9,1,133,0,0,0,14,0,1,5,0,0,0,0,1,159,0,1,1,1,0,0,0,0,0,2,0,0,1,1,1,0,0,0,0,9,8,0,0,0,0,1,9,1,1,0,0,0,1,0,0,9,9,1,0,0,0,0,133,1,3,1,1,1,0,2,113146,0,9,9,0,0
10,0,2173,216,183,10,0,10,89,0,0,0,0,0,1,1,0,9,0,-1,0,0,9,0,0,1,7,1,88,0,1,1,0,0,1,0,0,0,3,0,3,-1,0,1,1,1,1,0,0,0,1,0,1,1,0,0,0,0,0,0,0,9,0,0,0,0,0,1,9,0,1,0,0,0,1,9,1,0,9,1,0,0,1,1,88,1,0,0,1,1,1,2,-1,0,0,0,0,1
0,-1,2221,0,0,153,-1,0,0,-1,-1,-1,-1,20,1,0,9,9,0,163,0,0,9,9,0,0,9,1,163,0,0,1,0,0,1,0,0,0,0,0,0,95,0,0,1,1,0,0,0,9,0,0,0,0,3,1,1,0,1,0,0,9,0,0,1,0,0,1,9,0,1,0,0,1,1,9,0,9,9,0,0,0,0,0,163,2,0,0,2,0,0,2,116310,0,9,9,0,0
10,-1,3000,7,244,10,-1,10,104,-1,-1,-1,-1,0,1,1,9,9,0,-1,0,0,0,0,0,1,7,0,88,0,1,1,0,0,1,0,0,0,3,0,0,223,0,0,1,1,0,0,0,0,1,0,1,1,0,0,0,0,0,0,0,9,8191,0,0,0,0,1,9,0,1,0,0,0,1,9,1,0,9,1,0,0,1,0,88,1,0,0,1,1,1,2,-1,0,0,9,1,0
8,-1,3001,185,146,11,-1,100,58,-1,-1,-1,-1,0,1,1,9,0,0,-1,0,0,0,0,0,1,7,1,88,1,1,1,0,0,1,1,0,0,3,0,0,223,0,0,1,1,0,1,0,0,1,0,2,1,0,0,0,0,0,0,0,9,8191,0,0,0,0,1,8,1,1,0,1,0,1,0,1,0,9,2,0,0,1,1,88,1,0,0,2,1,1,2,-1,0,0,0,1,1
46,-1,3005,250,250,96,-1,26,250,-1,-1,-1,-1,13,1,1,9,9,1,88,0,0,0,6,0,0,9,1,88,0,1,1,0,0,0,0,0,0,0,0,0,-1,0,0,1,0,0,0,0,9,1,0,0,1,0,0,1,0,0,0,0,9,2,0,0,0,0,1,9,0,1,0,0,0,1,9,0,0,9,0,0,0,0,2,88,1,0,1,1,1,0,2,-1,0,9,9,1,0
5,-1,3008,227,200,12,-1,124,103,-1,-1,-1,-1,0,1,0,9,9,0,-1,0,0,9,0,0,0,7,1,6,0,0,0,0,0,1,0,0,0,0,0,0,-1,9,1,1,1,0,0,0,9,0,3,0,1,0,1,1,0,0,0,0,9,0,1,0,0,0,1,9,0,1,0,0,0,1,9,0,9,9,0,0,0,1,1,6,0,0,0,0,0,0,2,-1,0,9,9,0,0
1,-1,3009,1,1,1,-1,1,1,-1,-1,-1,-1,0,1,0,9,9,0,7,0,0,9,9,0,0,7,1,6,0,0,0,0,0,0,0,0,0,3,0,0,-1,9,0,1,0,0,0,0,9,0,0,0,0,0,1,1,0,0,0,0,9,0,0,0,0,0,0,9,0,0,0,0,0,1,9,0,9,9,0,0,0,0,0,6,0,0,0,0,0,0,2,-1,0,9,9,0,0
1,-1,3010,1,1,1,-1,1,1,-1,-1,-1,-1,0,1,1,9,9,0,-1,0,0,0,0,0,0,7,0,-1,0,1,1,0,0,1,0,0,0,3,0,0,223,0,0,1,1,0,0,0,0,1,0,1,1,0,0,0,0,0,0,0,9,0,0,0,0,0,1,9,0,1,0,0,0,1,9,1,0,9,1,0,0,1,0,88,1,0,0,1,1,1,2,-1,0,0,9,1,0
1,-1,3011,1,1,1,-1,1,1,-1,-1,-1,-1,0,1,1,9,0,0,-1,0,0,0,0,0,1,7,1,-1,1,1,1,0,0,1,0,0,0,3,0,0,223,0,0,1,1,0,1,0,0,1,0,1,1,0,0,0,0,0,0,0,9,0,0,0,0,0,1,8,0,1,0,1,0,1,9,1,0,9,1,0,0,1,1,88,1,0,0,1,1,1,2,-1,0,0,9,1,0
1,-1,3020,1,1,1,-1,1,1,-1,-1,-1,-1,0,1,1,9,9,0,-1,0,0,0,0,0,1,7,0,-1,0,1,1,0,0,1,0,0,0,3,0,0,223,0,0,1,1,0,0,0,0,1,0,1,1,0,0,0,0,0,0,0,9,0,0,0,0,0,1,9,0,1,0,0,0,1,9,1,0,9,1,0,0,1,0,88,1,0,0,1,1,1,2,-1,0,0,9,1,0
1,-1,3021,1,1,1,-1,1,1,-1,-1,-1,-1,0,1,1,9,0,0,-1,0,0,0,0,0,1,7,1,-1,1,1,1,0,0,1,0,0,0,3,0,0,223,0,0,1,1,0,1,0,0,1,0,1,1,0,0,0,0,0,0,0,9,0,0,0,0,0,1,8,0,1,0,1,0,1,9,1,0,9,1,0,0,1,1,88,1,0,0,1,1,1,2,-1,0,0,9,1,0
1,-1,3030,1,1,1,-1,1,1,-1,-1,-1,-1,0,1,1,9,9,0,-1,0,0,0,0,0,1,7,0,-1,0,1,1,0,0,1,0,0,0,3,0,0,223,0,0,1,1,0,0,0,0,1,0,1,1,0,0,0,0,0,0,0,9,0,0,0,0,0,1,9,0,1,0,0,0,1,9,1,0,9,1,0,0,1,0,88,1,0,0,1,1,1,2,-1,0,0,9,1,0
1,-1,3031,1,1,1,-1,1,1,-1,-1,-1,-1,0,1,1,9,0,0,-1,0,0,0,0,0,1,7,1,-1,1,1,1,0,0,1,0,0,0,3,0,0,223,0,0,1,1,0,1,0,0,1,0,1,1,0,0,0,0,0,0,0,9,0,0,0,0,0,1,8,0,1,0,1,0,1,9,1,0,9,1,0,0,1,1,88,1,0,0,1,1,1,2,-1,0,0,9,1,0
170,-1,3040,81,176,174,-1,26,73,-1,-1,-1,-1,0,0,0,9,9,0,-1,0,0,0,0,0,1,7,1,-1,0,0,1,0,0,1,0,0,0,3,0,0,223,9,0,1,1,0,0,0,0,0,0,0,1,0,1,0,0,0,0,0,9,0,0,0,0,1,1,9,0,1,0,0,0,1,9,0,9,0,2,0,0,1,2,0,0,0,0,0,0,1,2,-1,0,9,9,1,0
198,-1,3041,45,123,52,-1,128,44,-1,-1,-1,-1,0,0,0,9,9,0,-1,0,0,0,0,0,1,7,1,-1,0,1,1,0,0,1,0,0,0,3,0,0,223,9,0,1,1,0,0,0,0,0,0,0,1,0,1,0,0,0,0,0,9,0,0,0,0,1,1,9,0,1,0,0,0,1,9,0,0,0,2,0,0,1,2,0,0,0,0,0,0,1,2,-1,0,9,9,1,0
154,-1,3042,100,79,39,-1,192,24,-1,-1,-1,-1,0,0,0,9,9,0,-1,0,0,0,0,0,1,7,1,-1,0,1,1,0,0,1,0,0,0,3,0,0,223,9,0,1,1,0,0,0,0,0,0,0,1,0,1,0,0,0,0,0,9,0,0,0,0,1,1,9,0,1,0,0,0,1,9,0,0,0,2,0,0,1,2,0,0,0,0,0,0,1,2,-1,0,9,9,1,0
170,-1,3043,81,176,174,-1,26,73,-1,-1,-1,-1,0,0,0,9,9,0,-1,0,0,0,0,0,0,7,1,-1,0,1,1,0,0,1,0,0,0,3,0,0,223,0,0,1,1,0,1,0,0,0,0,2,1,0,1,0,0,1,0,0,9,0,0,0,0,1,1,8,0,1,0,0,0,1,9,0,0,0,2,0,0,1,2,0,0,0,0,2,0,1,2,-1,0,0,9,1,0
198,-1,3044,45,123,52,-1,128,44,-1,-1,-1,-1,0,0,0,9,9,0,-1,0,0,0,0,0,1,7,1,-1,0,1,1,0,0,1,0,0,0,3,0,0,223,0,0,1,1,0,1,0,0,0,0,2,1,0,1,0,0,1,0,0,9,0,0,0,0,1,1,8,0,1,0,0,0,1,9,0,0,0,2,0,0,1,2,0,0,0,0,2,0,1,2,-1,0,0,9,1,0
154,-1,3045,100,79,39,-1,192,24,-1,-1,-1,-1,0,0,0,9,9,0,-1,0,0,0,0,0,1,7,1,-1,0,1,1,0,0,1,0,0,0,3,0,0,223,0,0,1,1,0,1,0,0,0,0,2,1,0,1,0,0,1,0,0,9,0,0,0,0,1,1,8,0,1,0,0,0,1,9,0,0,0,2,0,0,1,2,0,0,0,0,2,0,1,2,-1,0,0,9,1,0
167,-1,3046,39,64,202,-1,152,142,-1,-1,-1,-1,0,0,0,9,9,0,-1,0,0,0,0,0,1,7,1,-1,0,1,1,0,0,1,0,0,0,3,0,0,223,9,0,1,1,0,0,0,0,0,0,0,1,0,1,0,0,0,0,0,9,0,0,0,0,1,1,9,0,1,0,0,0,1,9,0,0,0,2,0,0,1,2,0,0,0,0,0,0,1,2,-1,0,9,9,1,0
170,-1,3047,81,176,174,-1,26,73,-1,-1,-1,-1,0,1,0,9,9,0,-1,0,0,0,0,0,1,7,1,-1,0,1,1,0,0,1,0,0,0,3,0,0,223,0,0,1,1,0,1,0,0,0,0,2,1,0,1,0,0,1,0,0,9,0,0,0,0,1,1,8,0,1,0,0,0,1,9,0,0,0,2,0,0,1,2,0,0,0,0,2,0,1,2,-1,0,0,9,1,0
154,-1,3048,100,79,39,-1,192,24,-1,-1,-1,-1,0,0,0,9,9,0,-1,0,0,0,0,0,1,7,1,-1,0,1,1,0,0,1,0,0,0,3,0,0,223,0,0,1,1,0,1,0,0,0,0,2,1,0,1,0,0,1,0,0,9,0,0,0,0,1,1,8,0,1,0,0,0,1,9,0,0,0,2,0,0,1,2,0,0,0,0,2,0,1,2,-1,0,0,9,1,0
186,-1,3049,83,88,202,-1,179,109,-1,-1,-1,-1,0,1,0,9,9,0,-1,0,0,0,0,0,1,7,1,-1,0,1,1,0,0,1,0,0,0,3,0,0,223,9,0,1,1,0,0,0,0,0,0,0,1,0,1,0,0,0,0,0,9,0,0,0,0,1,1,9,0,1,0,0,0,1,9,0,0,0,2,0,0,1,2,0,0,0,0,0,0,1,2,-1,0,9,9,1,0
186,-1,3050,83,88,202,-1,179,109,-1,-1,-1,-1,0,1,0,9,9,0,-1,0,0,0,0,0,1,7,1,-1,0,1,1,0,0,1,0,0,0,3,1,0,223,0,0,1,1,0,1,0,0,0,0,2,1,0,1,0,0,1,0,0,9,0,0,0,0,1,1,8,0,1,0,0,0,1,9,0,0,0,2,0,0,1,2,0,0,0,0,2,0,1,2,-1,0,0,9,1,0
153,-1,3051,7,89,154,-1,70,90,-1,-1,-1,-1,0,1,0,9,9,0,-1,0,0,0,0,0,1,7,1,-1,0,1,1,0,0,1,0,0,0,3,0,0,223,9,0,1,1,0,0,0,0,0,0,0,1,0,1,0,0,0,0,0,9,0,0,0,0,1,1,9,0,1,0,0,0,1,9,0,0,0,2,0,0,1,2,0,0,0,0,0,0,1,2,-1,0,9,9,1,0
153,-1,3052,7,89,154,-1,70,90,-1,-1,-1,-1,0,0,0,9,9,0,-1,0,0,0,0,0,1,7,1,-1,0,1,1,0,0,1,0,0,0,3,0,0,223,0,0,1,1,0,1,0,0,0,0,2,1,0,1,0,0,0,0,0,9,0,0,0,0,1,1,8,0,1,0,0,0,1,9,0,0,0,2,0,0,1,2,0,0,0,0,2,0,1,2,-1,0,0,9,1,0
6,-1,3054,27,27,193,-1,99,138,-1,-1,-1,-1,0,1,0,9,9,0,-1,0,0,0,0,0,1,7,1,-1,0,1,1,0,0,1,0,0,0,3,0,0,223,0,0,1,1,0,1,0,0,0,0,2,1,0,1,0,0,1,0,0,9,0,0,0,0,1,1,8,0,1,0,0,0,1,9,0,0,0,2,0,0,1,2,0,0,0,0,2,0,1,2,-1,0,0,9,1,0
194,-1,3055,198,81,198,-1,75,171,-1,-1,-1,-1,0,1,0,9,9,0,-1,0,0,0,0,0,1,7,1,-1,0,1,1,0,0,1,0,0,0,3,1,0,223,0,0,1,1,0,1,0,0,0,0,2,1,0,1,0,0,0,0,0,9,0,0,0,0,1,1,8,0,1,0,0,0,1,9,0,0,0,2,0,0,1,2,0,0,0,0,2,0,1,2,-1,0,0,9,1,0
179,-1,3056,15,48,61,-1,219,87,-1,-1,-1,-1,0,1,0,9,9,0,-1,0,0,0,0,0,1,7,1,-1,0,1,1,0,0,1,0,0,0,3,0,0,223,0,0,1,1,0,1,0,0,0,0,2,1,0,1,0,0,1,0,0,9,0,0,0,0,1,1,8,0,1,0,0,0,1,9,0,0,0,2,0,0,1,2,0,0,0,0,2,0,1,2,-1,0,0,9,1,0
169,-1,3057,27,27,104,-1,193,138,-1,-1,-1,-1,0,1,0,9,9,0,-1,0,0,0,0,0,1,7,1,-1,0,1,1,0,0,1,0,0,0,3,0,0,223,0,0,1,1,0,1,0,0,0,0,2,1,0,1,0,0,1,0,0,9,0,0,0,0,1,1,8,0,1,0,0,0,1,9,0,0,0,2,0,0,1,2,0,0,0,0,2,0,1,2,-1,0,0,9,1,0
154,-1,3058,100,79,39,-1,192,24,-1,-1,-1,-1,0,1,0,9,9,0,-1,0,0,0,0,0,1,7,1,-1,0,1,1,0,0,1,0,0,0,3,0,0,223,9,0,1,1,0,0,0,0,0,0,0,1,0,1,0,0,0,0,0,9,0,0,0,0,1,1,9,0,1,0,0,0,1,9,0,0,0,2,0,0,1,2,0,0,0,0,0,0,1,2,-1,0,9,9,1,0
6,-1,3059,27,27,193,-1,99,138,-1,-1,-1,-1,0,1,0,9,9,0,-1,0,0,0,0,0,1,7,1,-1,0,1,1,0,0,1,0,0,0,3,0,0,223,9,0,1,1,0,0,0,0,0,0,0,1,0,1,0,0,0,0,0,9,0,0,0,0,1,1,9,0,1,0,0,0,1,9,0,0,0,2,0,0,1,2,0,0,0,0,0,0,1,2,-1,0,9,9,1,0
194,-1,3060,198,81,198,-1,75,171,-1,-1,-1,-1,0,1,0,9,9,0,-1,0,0,0,0,0,1,7,1,-1,0,1,1,0,0,1,0,0,0,3,0,0,223,9,0,1,1,0,0,0,0,0,0,0,1,0,1,0,0,0,0,0,9,0,0,0,0,1,1,9,0,1,0,0,0,1,9,0,0,0,2,0,0,1,2,0,0,0,0,0,0,1,2,-1,0,9,9,1,0
79,-1,3061,15,48,61,-1,219,87,-1,-1,-1,-1,0,1,0,9,9,0,-1,0,0,0,0,0,1,7,1,-1,0,1,1,0,0,1,0,0,0,3,0,0,223,9,0,1,1,0,0,0,0,0,0,0,1,0,1,0,0,0,0,0,9,0,0,0,0,1,1,9,0,1,0,0,0,1,9,0,0,0,2,0,0,1,2,0,0,0,0,0,0,1,2,-1,0,9,9,1,0
169,-1,3062,27,27,104,-1,193,138,-1,-1,-1,-1,0,1,0,9,9,0,-1,0,0,0,0,0,1,7,1,-1,0,1,0,0,0,0,0,0,0,3,0,0,223,9,0,1,0,0,0,0,0,0,0,0,1,0,1,0,0,0,0,0,9,0,0,0,0,1,1,9,0,1,0,0,0,1,9,0,0,0,2,0,0,1,0,0,0,0,0,0,0,1,2,-1,0,9,9,1,0
1,-1,5070,1,231,222,-1,1,255,-1,-1,-1,-1,0,1,0,9,9,0,88,0,0,9,0,0,0,7,1,88,0,1,1,0,0,1,0,0,0,4,0,0,-1,0,1,2,1,0,0,1,0,0,0,2,1,3,0,1,0,0,0,0,9,0,0,1,0,0,1,9,1,1,0,0,1,2,9,0,0,9,1,0,1,1,0,88,1,0,1,2,1,0,2,116033,0,0,0,0,1
1,-1,5071,1,1,1,-1,1,1,-1,-1,-1,-1,0,1,0,9,9,0,-1,0,0,9,9,0,0,7,1,-1,0,0,0,0,0,0,0,0,0,0,0,0,-1,9,0,2,0,0,0,0,9,0,0,0,0,0,0,0,0,0,0,0,9,0,0,0,0,0,0,9,0,0,508,0,0,1,9,0,9,9,0,0,0,1,0,141,0,0,0,0,0,0,2,-1,0,9,9,0,0
