homega,previousyeartableposition,homegf,currenttableposition,awaygf,awayga,teamshortform,hasachievedobjective,yettowin,unbeatenallcomps,unbeatenleague,champion,leagueid,prevleagueid,highestpossible,teamform,highestprobable,homewins,artificialkey,nummatchesplayed,teamid,grouping,awaywins,objective,points,actualvsexpectations,homelosses,unbeatenhome,lastgameresult,unbeatenaway,awaylosses,awaydraws,homedraws,teamlongform
14,5,19,4,12,8,20,0,0,0,0,0,1,1,10,1011,10,5,0,22,269,10,5,0,34,0,3,0,1,0,5,1,3,40
18,9,10,11,14,27,0,0,0,0,0,0,1,1,4,0,4,3,1,22,270,4,2,0,19,0,6,0,2,0,7,2,2,16
10,3,22,1,24,13,86,0,0,0,0,0,1,1,0,22122,0,8,2,22,271,0,7,0,50,0,2,0,0,1,0,4,1,76
24,8,20,8,16,22,26,0,0,0,0,0,1,1,3,20010,3,4,3,22,272,5,3,0,27,0,4,0,2,0,5,3,3,40
16,1,15,7,20,18,6,0,0,0,0,1,1,1,3,10,3,3,4,22,819,10,5,0,29,0,4,0,2,0,5,1,4,26
18,11,16,12,10,27,26,0,0,0,0,0,1,1,4,20010,4,3,5,22,822,4,0,0,14,0,6,0,2,0,8,3,2,23
19,4,23,5,14,16,66,0,0,0,0,0,1,1,8,12202,8,6,6,22,1443,3,4,0,33,0,4,0,0,0,5,2,1,70
11,12,19,3,15,17,66,0,0,0,0,0,1,1,10,20212,10,7,7,22,1447,3,3,0,36,0,2,0,0,0,4,4,2,70
14,7,34,2,24,9,73,0,0,0,0,0,1,1,10,12221,10,7,8,22,1516,10,6,0,46,0,0,1,1,0,2,3,4,70
14,6,11,9,11,13,46,0,0,0,0,0,1,1,5,1202,5,4,9,22,1786,8,3,0,26,0,5,0,0,0,5,3,2,33
14,2,22,6,15,25,66,0,0,0,0,0,1,1,8,22210,8,6,10,22,1788,8,4,0,31,0,4,0,2,0,7,0,1,43
22,13,11,10,19,27,66,0,0,0,0,0,1,1,5,2122,5,3,11,22,15006,5,4,0,24,0,6,0,0,0,6,1,2,43
14,11,25,6,18,25,46,0,0,0,0,0,4,4,10,22100,10,8,12,30,229,10,4,0,44,0,3,0,2,0,7,4,4,30
18,3,21,10,10,14,33,0,0,0,0,1,4,4,3,2110,3,6,13,30,230,8,3,0,35,0,5,0,2,0,8,4,4,26
19,4,34,2,25,17,86,0,0,0,0,0,4,4,10,22122,10,11,14,30,231,10,9,0,63,0,2,0,0,0,5,1,2,73
18,6,14,8,13,17,60,0,0,0,0,0,4,4,8,21211,8,4,15,30,232,8,7,0,40,0,5,0,1,0,7,1,6,43
28,14,12,16,12,23,13,0,0,0,0,0,4,4,4,1100,4,1,16,30,537,4,2,0,19,0,9,0,2,0,8,5,5,20
21,9,20,11,18,21,6,0,0,0,0,0,4,4,3,100,3,4,17,30,670,3,5,0,34,0,6,0,2,0,8,2,5,33
20,1,21,7,25,27,46,0,0,0,0,0,4,4,8,2021,8,6,18,30,673,3,5,0,42,0,5,0,1,0,5,5,4,56
17,5,27,4,22,26,60,0,0,0,0,0,4,4,10,222,10,8,19,30,674,10,5,0,45,0,5,0,0,0,6,4,2,63
19,12,23,3,24,16,40,0,0,0,0,0,4,4,10,20200,10,10,20,30,680,10,8,0,57,0,4,0,2,0,5,2,1,60
16,7,17,9,19,24,53,0,0,0,0,0,4,4,3,21201,3,6,21,30,681,3,4,0,39,0,6,0,1,0,5,6,3,50
31,8,19,14,20,16,46,0,0,0,0,0,4,4,5,21002,5,1,22,30,1750,4,6,0,31,0,9,0,0,0,4,5,5,46
5,2,32,1,18,12,86,0,0,0,0,0,4,4,0,21222,0,14,23,30,2014,0,5,0,66,0,0,1,0,0,2,8,1,80
19,15,19,13,19,28,20,0,0,0,0,0,4,4,5,2,5,6,24,30,15005,3,2,0,32,0,6,0,0,0,8,5,3,30
18,10,18,12,14,25,40,0,0,0,0,0,4,4,3,22,3,4,25,30,100087,5,5,0,34,0,6,0,0,0,8,2,5,46
16,13,19,5,20,21,60,0,0,0,0,0,4,4,10,22020,10,6,26,30,110724,10,6,0,45,0,3,0,2,0,6,3,6,46
16,16,12,15,18,21,40,0,0,0,0,0,4,4,5,1121,4,3,27,30,132231,5,3,0,31,0,5,0,1,0,6,6,7,36
17,3,32,5,30,24,46,0,0,0,0,0,10,10,10,2210,8,9,28,33,245,10,5,0,55,0,4,0,2,0,2,9,4,43
23,1,39,2,29,21,60,0,0,0,0,1,10,10,10,11221,10,11,29,33,246,10,7,0,62,0,3,0,1,0,4,5,3,56
25,2,53,1,43,19,86,0,0,0,0,0,10,10,0,22212,0,12,30,33,247,0,14,0,81,0,2,0,0,0,2,1,2,73
29,13,28,11,21,32,26,0,0,0,0,0,10,10,3,1002,3,7,31,33,634,3,4,0,39,0,6,0,0,0,10,2,4,43
21,14,23,16,11,32,33,0,0,0,0,0,10,10,3,10201,5,6,32,33,645,3,2,0,32,0,5,0,1,0,12,3,5,26
13,7,29,7,24,29,60,0,0,0,0,0,10,10,8,2022,8,9,33,33,1903,3,5,0,50,0,4,0,0,0,7,5,3,66
23,18,20,17,12,32,33,0,0,0,0,0,10,10,4,11002,4,5,34,33,1904,4,1,0,28,0,7,0,0,0,10,5,5,30
23,4,36,6,19,25,60,0,0,0,0,0,10,10,8,22111,8,8,35,33,1906,8,6,0,51,0,2,0,1,0,8,3,6,50
16,5,29,3,29,19,73,0,0,0,0,0,10,10,10,22112,10,9,36,33,1908,8,6,0,58,0,3,0,0,0,2,8,5,76
24,12,39,4,36,28,40,0,0,0,0,0,10,10,10,21110,10,8,37,33,1910,10,7,0,56,0,3,0,2,0,4,6,5,46
24,8,33,8,24,29,60,0,0,0,0,0,10,10,8,20220,8,8,38,33,1913,3,6,0,50,0,3,0,2,0,8,3,5,63
19,17,21,13,23,50,26,0,0,0,0,0,10,10,3,1020,3,8,39,33,1914,3,1,0,37,0,4,0,2,0,10,6,4,36
18,12,27,9,20,26,46,0,0,0,0,0,10,10,3,21002,3,7,40,33,1915,8,6,0,45,0,6,0,0,0,8,2,4,46
22,15,20,14,20,32,53,0,0,0,0,0,10,10,3,1221,3,5,41,33,1971,3,4,0,35,0,9,0,1,0,7,5,3,30
24,11,34,12,19,27,40,0,0,0,0,0,10,10,3,21110,3,6,42,33,100632,3,2,0,38,0,4,0,2,0,7,7,7,50
34,16,22,18,12,49,0,0,0,0,0,0,10,10,4,0,4,4,43,33,100634,4,1,0,19,0,9,0,2,0,15,1,3,6
28,19,31,15,16,26,46,0,0,0,0,0,10,10,3,212,3,5,44,33,100638,5,3,0,34,0,7,0,0,0,8,5,5,53
24,6,19,10,19,35,13,0,0,0,0,0,10,10,3,10010,3,6,45,33,100646,8,6,0,43,0,5,0,2,0,9,2,5,20
11,2,40,1,28,15,60,0,0,0,0,0,13,13,0,222,0,14,46,36,1,0,10,0,79,0,2,0,0,0,3,5,2,73
20,7,28,5,22,26,33,0,0,0,0,0,13,13,1,12001,2,11,47,36,2,1,6,0,59,0,5,0,1,0,6,6,2,30
24,12,24,9,31,25,6,0,0,0,0,0,13,13,3,1,3,6,48,36,5,2,7,0,49,0,7,0,1,0,6,5,5,16
24,17,25,10,21,22,20,0,0,0,0,0,13,13,3,10011,3,6,49,36,7,3,7,0,49,0,7,0,1,0,6,5,5,40
21,18,28,14,20,32,73,0,0,0,0,1,13,14,3,22121,5,8,50,36,8,5,2,0,44,0,5,0,1,0,7,9,5,46
19,5,33,4,27,29,66,0,0,0,0,1,13,13,1,22201,1,10,51,36,9,3,7,0,59,0,3,0,1,0,8,3,5,56
12,1,41,2,31,20,86,0,0,0,0,0,13,13,0,22212,1,13,52,35,10,1,9,0,74,0,1,0,0,0,4,5,3,80
22,3,36,3,27,26,66,0,0,0,0,0,13,13,1,2221,1,12,53,36,11,1,6,0,65,0,3,0,1,0,4,8,3,66
29,4,33,13,17,23,26,0,0,0,0,0,13,13,3,21,3,9,54,36,13,3,4,0,46,0,7,0,1,0,9,5,2,33
22,16,19,16,26,25,73,0,0,0,0,0,13,13,3,12221,5,4,55,36,14,5,7,0,43,0,7,0,1,0,8,3,7,53
31,8,21,17,25,24,53,0,0,0,0,0,13,13,3,1221,5,2,56,36,18,3,7,0,38,0,10,0,1,0,6,5,6,30
30,14,24,18,18,32,46,0,0,0,0,0,13,13,5,21200,4,5,57,36,19,4,4,0,36,0,9,0,2,0,9,5,4,40
19,6,23,12,14,27,33,0,0,0,0,0,13,14,3,20011,3,8,58,36,106,3,4,0,48,0,4,0,1,0,8,6,6,40
33,13,18,20,7,33,6,0,0,0,0,0,13,13,4,10,4,3,59,36,110,4,0,0,18,0,11,0,2,0,13,5,4,30
20,10,28,11,16,30,26,0,0,0,0,0,13,13,3,1200,3,10,60,36,144,3,4,0,48,0,6,0,2,0,10,4,2,46
28,1,17,19,20,45,6,0,0,0,0,0,13,14,4,1,4,2,61,36,1796,4,2,0,21,0,10,0,1,0,13,3,6,10
21,11,18,15,20,23,33,0,0,0,0,0,13,13,3,21001,3,4,62,35,1799,5,7,0,44,0,5,0,1,0,8,2,9,40
17,6,30,7,22,25,66,0,0,0,0,0,13,13,1,21202,3,9,63,36,1808,3,5,0,53,0,3,0,0,0,8,5,6,73
19,9,31,8,21,30,33,0,0,0,0,0,13,13,3,11020,3,8,64,36,1925,3,6,0,51,0,3,0,2,0,10,2,7,36
19,15,28,6,28,33,86,0,0,0,0,0,13,13,1,22122,3,7,65,36,1943,3,6,0,55,0,2,0,0,0,5,7,9,60
27,7,19,20,23,29,33,0,0,0,0,0,14,14,5,10120,5,4,66,46,3,4,9,0,52,0,10,0,2,0,10,4,9,43
18,4,34,5,38,29,53,0,0,0,0,0,14,14,7,1221,7,12,67,46,12,6,10,0,80,0,5,0,1,0,5,8,6,36
37,20,40,15,21,36,6,0,0,0,0,0,14,14,3,10000,3,10,68,46,15,3,6,0,58,0,10,0,2,0,10,7,3,36
19,20,38,4,44,37,73,0,0,0,0,0,14,13,7,22112,7,12,69,46,17,3,10,0,80,0,3,0,0,0,7,6,8,86
22,17,39,10,18,34,73,0,0,0,0,1,14,60,3,21221,3,12,70,46,88,3,5,0,64,0,3,0,1,0,13,5,8,50
26,10,23,19,21,32,26,0,0,0,0,0,14,60,5,1020,5,9,71,46,89,5,4,0,53,0,10,0,2,0,9,10,4,30
27,7,31,8,36,32,40,0,0,0,0,0,14,14,8,2020,8,10,72,46,91,8,10,0,69,0,7,0,2,0,10,3,6,50
17,2,43,2,37,30,60,0,0,0,0,0,14,13,6,12112,6,14,73,46,94,7,9,0,84,0,1,0,0,0,7,7,8,63
34,19,31,23,27,34,33,0,0,0,0,0,14,13,4,112,4,7,74,46,95,3,5,0,46,0,9,0,0,0,9,9,7,36
25,8,33,3,31,24,73,0,0,0,0,0,14,14,7,12212,7,13,75,46,97,7,11,0,83,0,7,0,0,0,4,8,3,60
25,9,28,21,20,33,53,0,0,0,0,0,14,14,5,12210,5,8,76,46,109,5,5,0,51,0,5,0,2,0,14,4,10,56
23,8,25,18,24,41,66,0,0,0,0,0,14,14,5,22021,5,8,77,46,1790,5,6,0,55,0,9,0,1,0,10,7,6,50
28,13,27,9,36,28,46,0,0,0,0,0,14,14,3,2210,3,9,78,46,1792,5,10,0,65,0,11,0,2,0,8,5,3,56
33,2,38,13,28,33,60,0,0,0,0,0,14,14,3,22002,3,9,79,46,1794,5,9,0,60,0,10,0,0,0,12,2,4,36
27,11,30,16,23,38,0,0,0,0,0,0,14,14,3,0,3,10,80,46,1795,3,4,0,57,0,6,0,2,0,11,8,7,16
19,5,51,1,46,26,73,0,0,0,0,0,14,14,6,11222,6,17,81,46,1800,6,11,0,95,0,2,0,0,0,5,7,4,70
30,12,28,14,27,32,40,0,0,0,0,0,14,14,3,20020,3,8,82,46,1801,8,7,0,60,0,8,0,2,0,8,8,7,36
28,16,34,17,17,28,6,0,0,0,0,0,14,14,5,10000,5,9,83,46,1806,3,6,0,55,0,8,0,2,0,13,4,6,26
44,3,14,24,15,45,33,0,0,0,0,0,14,14,4,11002,4,1,84,46,1807,4,1,0,0,0,15,0,0,0,17,5,7,23
31,14,33,12,26,28,33,0,0,0,0,0,14,14,3,10102,3,9,85,46,1919,3,8,0,62,0,10,0,0,0,8,7,4,40
37,23,41,7,28,28,46,0,0,0,0,0,14,60,8,2201,8,10,86,46,1947,7,9,0,71,0,6,0,1,0,7,7,7,46
27,19,24,22,21,32,40,0,0,0,0,0,14,14,4,20020,4,7,87,46,1951,4,4,0,47,0,8,0,2,0,13,6,8,40
34,15,35,6,35,32,33,0,0,0,0,0,14,14,7,1102,7,11,88,46,1952,7,10,0,73,0,7,0,0,0,8,5,5,43
27,10,34,11,23,32,66,0,0,0,0,0,14,14,3,20212,3,11,89,46,1960,3,7,0,64,0,6,0,0,0,12,4,6,50
17,17,18,15,14,27,53,0,0,0,0,0,16,16,5,11022,5,6,90,33,57,4,1,0,31,0,7,0,0,0,9,6,4,46
11,2,35,2,27,22,53,0,0,0,0,0,16,16,0,2112,1,14,91,32,64,1,7,0,67,0,2,0,0,0,5,4,0,50
15,5,24,3,28,20,73,0,0,0,0,0,16,16,1,21212,1,8,92,33,65,2,10,0,61,0,3,0,0,0,5,2,5,80
14,7,30,4,23,22,80,0,0,0,0,0,16,16,1,22220,2,12,93,33,66,2,6,0,60,0,3,0,2,0,6,5,1,50
32,2,15,18,17,44,6,0,0,0,0,0,16,17,4,100,4,2,94,33,68,4,1,0,16,0,11,0,2,0,12,3,4,10
23,6,33,7,23,26,33,0,0,0,0,0,16,16,3,1120,3,10,95,33,69,3,6,0,54,0,5,0,2,0,6,4,2,66
27,16,18,17,11,25,26,0,0,0,0,0,16,16,4,10020,4,3,96,33,71,5,2,0,23,0,10,0,2,0,10,5,3,20
27,9,19,16,18,33,26,0,0,0,0,0,16,16,5,11110,5,4,97,33,72,3,3,0,31,0,5,0,2,0,11,3,7,23
12,1,41,1,30,15,66,0,0,0,0,1,16,16,0,2212,0,13,98,32,73,0,10,0,73,0,2,0,0,0,3,2,2,73
17,4,30,5,28,30,80,0,0,0,0,0,16,16,1,22202,2,10,99,33,74,3,7,0,59,0,3,0,0,0,5,4,4,73
15,15,25,8,26,27,46,0,0,0,0,0,16,16,3,20201,3,8,100,32,76,3,5,0,47,0,5,0,1,0,6,5,3,53
23,10,31,9,17,26,46,0,0,0,0,0,16,16,3,2012,3,8,101,33,217,3,3,0,45,0,2,0,0,0,8,6,6,43
19,3,38,6,22,25,46,0,0,0,0,0,16,16,2,20102,3,10,102,33,219,1,7,0,56,0,2,0,0,0,9,1,4,53
20,14,26,12,15,32,13,0,0,0,0,0,16,16,3,1100,3,7,103,32,378,3,3,0,38,0,4,0,2,0,10,4,4,36
20,20,18,13,10,27,13,0,0,0,0,0,16,16,3,1001,3,6,104,33,1530,3,3,0,35,0,6,0,1,0,10,3,5,20
18,1,20,14,10,26,26,0,0,0,0,1,16,17,3,11110,5,5,105,33,1738,5,1,0,32,0,4,0,2,0,9,6,8,20
24,13,25,10,22,22,46,0,0,0,0,0,16,16,3,122,3,6,106,33,1809,3,6,0,44,0,5,0,0,0,8,2,6,43
26,7,26,11,19,23,60,0,0,0,0,0,16,17,3,22020,3,6,107,33,111817,5,4,0,41,0,6,0,2,0,6,7,4,60
18,4,10,17,13,19,46,0,0,0,0,0,17,17,4,2120,4,3,108,33,58,4,2,0,28,0,8,0,2,0,7,8,5,33
22,6,19,11,23,27,6,0,0,0,0,0,17,17,3,10000,3,6,109,34,62,3,4,0,40,0,6,0,2,0,8,5,5,20
20,12,27,8,14,11,53,0,0,0,0,0,17,16,3,12201,3,8,110,34,70,3,6,0,51,0,5,0,1,0,6,5,4,56
17,19,40,1,20,16,60,0,0,0,0,0,17,16,6,2220,6,14,111,34,294,6,6,0,67,0,2,0,2,0,5,6,1,73
16,11,28,6,25,19,60,0,0,0,0,0,17,16,8,12112,8,9,112,34,379,7,5,0,56,0,3,0,0,0,3,9,5,50
8,21,20,3,28,23,60,0,0,0,0,0,17,17,6,12112,7,9,113,33,1739,7,6,0,59,0,2,0,0,0,2,8,6,73
14,10,14,12,19,25,53,0,0,0,0,0,17,17,3,10122,3,5,114,34,1805,3,3,0,39,0,2,0,0,0,9,5,10,36
25,15,17,16,13,23,53,0,0,0,0,0,17,17,5,12102,5,2,115,34,1814,4,4,0,32,0,7,0,0,0,7,6,8,46
18,8,19,13,19,26,53,0,0,0,0,0,17,16,3,10122,3,5,116,34,1815,3,4,0,37,0,6,0,0,0,9,4,6,40
32,12,17,18,20,33,0,0,0,0,0,0,17,17,4,0,4,2,117,34,1816,5,4,0,24,0,12,0,2,0,10,3,3,3
18,8,39,2,20,20,40,0,0,0,0,0,17,17,6,20002,6,11,118,34,1819,7,7,0,60,0,4,0,0,0,6,4,2,56
29,22,16,14,19,23,53,0,0,0,0,0,17,16,3,10122,3,5,119,34,1823,3,4,0,37,0,9,0,0,0,6,7,3,36
28,13,22,9,26,34,40,0,0,0,0,0,17,17,3,22000,3,5,120,34,110321,3,7,0,45,0,7,0,2,0,6,4,5,36
22,23,22,4,23,15,66,0,0,0,0,0,17,17,7,20221,7,7,121,34,111273,6,9,0,58,0,3,0,1,0,5,3,7,60
19,20,24,10,29,26,20,0,0,0,0,0,17,17,3,200,3,5,122,34,111276,8,6,0,43,0,5,0,2,0,8,3,7,16
16,14,22,5,23,23,86,0,0,0,0,0,17,17,7,22122,7,8,123,34,111659,3,7,0,58,0,2,0,0,0,4,6,7,73
16,24,26,7,23,23,66,0,0,0,0,0,17,17,3,12220,3,7,124,34,131447,3,8,0,52,0,4,0,2,0,8,1,6,53
33,25,20,15,14,16,6,0,0,0,0,0,17,17,5,10000,5,4,125,34,132680,5,5,0,36,0,10,0,2,0,6,6,3,33
18,1,63,1,54,17,86,0,0,0,0,1,19,19,0,22212,0,13,126,33,21,0,14,0,86,0,1,0,0,1,0,3,2,86
16,2,40,2,28,18,40,0,0,0,0,0,19,19,1,202,1,13,127,33,22,0,8,0,70,0,2,0,0,0,3,5,2,60
24,10,20,13,18,29,33,0,0,0,0,0,19,19,3,1120,3,5,128,33,23,0,3,0,35,0,5,0,2,0,9,5,6,43
21,5,29,7,18,35,46,0,0,0,0,0,19,19,3,22010,3,8,129,33,25,0,4,0,44,0,3,0,2,0,10,3,5,36
22,3,25,11,14,31,40,0,0,0,0,0,19,20,3,22,3,6,130,33,28,0,3,0,37,0,5,0,0,0,9,4,6,36
30,11,30,14,18,28,33,0,0,0,0,0,19,19,3,21010,5,5,131,33,31,0,2,0,32,0,8,0,2,0,7,7,4,26
18,6,37,6,30,28,60,0,0,0,0,0,19,19,1,20220,2,9,132,33,32,0,8,0,58,0,4,0,2,0,5,4,3,60
16,16,30,4,39,31,53,0,0,0,0,0,19,19,1,20112,1,12,133,33,36,0,6,0,61,0,2,0,0,0,6,4,3,60
29,13,19,15,18,29,26,0,0,0,0,0,19,19,3,2100,5,5,134,33,38,0,3,0,32,0,7,0,2,0,10,4,4,43
25,9,21,10,21,28,26,0,0,0,0,0,19,19,3,1020,3,4,135,33,169,0,5,0,37,0,8,0,2,0,6,5,5,50
32,8,21,16,21,36,33,0,0,0,0,0,19,19,5,2110,5,2,136,33,175,0,4,0,26,0,11,0,2,0,8,4,4,20
25,7,27,8,32,38,26,0,0,0,0,0,19,19,3,20100,3,7,137,33,1824,0,4,0,43,0,6,0,2,0,6,7,3,40
26,4,22,12,18,32,26,0,0,0,0,0,19,19,3,12,3,4,138,33,1831,0,5,0,36,0,5,0,0,0,10,2,7,26
21,12,35,5,30,27,73,0,0,0,0,0,19,19,1,12212,2,10,139,33,10029,0,8,0,61,0,5,0,0,0,3,5,2,50
28,15,25,9,20,29,73,0,0,0,0,0,19,19,3,12122,3,7,140,33,100409,0,5,0,43,0,5,0,0,0,9,2,5,50
28,5,16,18,12,29,6,0,0,0,0,0,19,20,5,1000,4,4,141,33,110329,0,2,0,26,0,7,0,2,0,12,3,5,20
35,1,23,17,18,35,66,0,0,0,0,1,19,20,5,20212,4,4,142,33,111235,0,2,0,26,0,7,0,0,0,12,3,5,40
20,3,40,3,25,23,80,0,0,0,0,0,19,19,1,22202,1,12,143,33,112172,0,8,0,65,0,3,0,0,0,5,3,2,80
19,9,35,7,16,28,40,0,0,0,0,0,20,20,8,20002,3,11,144,33,29,0,4,0,49,0,5,0,0,0,9,3,1,40
14,17,28,1,21,17,80,0,0,0,0,0,20,19,6,22220,6,12,145,33,34,0,8,0,67,0,1,0,2,0,5,4,3,70
20,16,28,16,19,30,33,0,0,0,0,0,20,20,3,1210,5,6,146,33,159,0,3,0,36,0,5,0,2,0,10,4,5,30
21,14,30,10,17,25,53,0,0,0,0,0,20,19,3,20211,3,8,147,33,160,0,2,0,41,0,4,0,1,0,8,6,5,40
31,12,23,17,23,37,33,0,0,0,0,0,20,20,5,12010,5,5,148,33,165,0,4,0,34,0,6,0,2,0,11,2,5,40
18,18,16,6,30,20,26,0,0,0,0,0,20,19,8,1002,8,6,149,33,166,0,8,0,51,0,6,0,0,0,4,4,5,56
17,14,27,8,17,25,53,0,0,0,0,0,20,20,3,1212,3,9,150,33,171,0,3,0,45,0,4,0,0,0,8,5,4,50
20,10,24,3,33,21,60,0,0,0,0,0,20,20,6,21211,7,7,151,33,485,0,9,0,59,0,4,0,1,0,2,6,5,56
21,6,28,13,24,31,60,0,0,0,0,0,20,2076,3,22020,3,6,152,33,503,0,4,0,38,0,7,0,2,0,8,5,3,53
26,20,22,18,16,32,20,0,0,0,0,0,20,2076,5,10011,5,3,153,33,531,0,3,0,30,0,6,0,1,0,9,4,8,23
19,8,22,11,21,27,80,0,0,0,0,0,20,20,3,22220,3,6,154,33,576,0,5,0,41,0,7,0,2,0,7,4,4,56
14,1,32,2,29,25,46,0,0,0,0,1,20,2076,6,2120,6,10,155,33,580,0,7,0,59,0,2,0,2,0,6,4,4,50
27,7,33,9,19,35,46,0,0,0,0,0,20,20,3,20021,3,9,156,33,1832,0,3,0,44,0,4,0,1,0,9,5,3,46
27,6,35,4,22,18,33,0,0,0,0,0,20,20,6,21001,8,10,157,33,10030,0,7,0,59,0,4,0,1,0,4,5,3,53
26,15,20,14,16,27,46,0,0,0,0,0,20,20,3,1202,5,6,158,33,110500,0,4,0,37,0,6,0,0,0,10,2,5,40
15,2,32,5,25,28,13,0,0,0,0,0,20,20,8,101,8,10,159,33,110502,0,3,0,52,0,1,0,1,0,6,8,5,23
27,11,23,12,29,30,60,0,0,0,0,0,20,20,3,2022,3,5,160,33,110588,0,7,0,39,0,9,0,0,0,9,1,2,53
26,4,22,15,11,24,40,0,0,0,0,0,20,20,3,202,5,7,161,33,110636,0,4,0,37,0,7,0,0,0,11,1,3,40
14,7,35,3,24,16,73,0,0,0,0,0,31,31,1,22112,1,10,162,36,45,2,9,0,68,0,1,0,0,0,5,4,7,73
18,10,32,2,22,18,33,0,0,0,0,1,31,31,1,10210,1,12,163,36,48,1,9,0,70,0,2,0,2,0,6,3,4,66
25,4,15,13,12,20,46,0,0,0,0,0,31,31,3,12200,3,4,164,36,50,5,6,0,42,0,8,0,2,0,6,6,6,33
10,5,31,5,24,21,86,0,0,0,0,0,31,31,1,21222,2,12,165,36,52,1,9,0,67,0,3,0,0,0,8,1,3,56
27,10,25,12,16,32,53,0,0,0,0,0,31,31,3,21102,3,8,166,36,54,5,4,0,44,0,7,0,0,0,9,5,3,56
20,12,18,10,27,26,66,0,0,0,0,0,31,31,3,20122,3,6,167,36,55,3,8,0,50,0,7,0,0,0,7,3,5,60
20,9,16,8,29,23,46,0,0,0,0,0,31,31,3,20012,3,6,168,36,189,3,9,0,52,0,9,0,0,0,5,4,3,53
26,17,12,19,12,32,13,0,0,0,0,0,31,31,4,110,4,1,169,36,206,4,2,0,20,0,12,0,2,0,10,6,5,16
24,16,12,17,12,24,33,0,0,0,0,0,31,31,5,1120,5,4,170,36,347,5,4,0,32,0,9,0,2,0,11,3,5,26
15,13,34,6,26,13,46,0,0,0,0,0,31,31,1,212,2,9,171,36,1745,2,9,0,65,0,3,0,0,0,4,5,6,66
22,5,20,16,16,29,46,0,0,0,0,0,31,31,3,20210,5,6,172,36,1842,3,3,0,37,0,8,0,2,0,9,6,4,26
20,8,20,15,18,29,40,0,0,0,0,0,31,31,3,21101,5,4,173,36,110374,4,4,0,38,0,6,0,1,0,8,6,8,46
24,2,21,14,19,24,53,0,0,0,0,0,31,31,3,22011,3,6,174,36,110556,3,4,0,41,0,8,0,1,0,7,7,4,46
23,11,9,20,16,43,0,0,0,0,0,0,31,32,4,0,4,2,175,36,110738,4,0,0,18,0,12,0,2,0,10,8,4,10
25,19,17,18,13,28,26,0,0,0,0,0,31,32,5,1002,4,3,176,36,111434,3,4,0,31,0,8,0,0,0,11,3,7,23
23,13,23,11,21,23,46,0,0,0,0,1,31,32,3,2120,3,9,177,36,111974,3,5,0,49,0,7,0,2,0,8,5,2,46
24,2,25,9,14,13,46,0,0,0,0,0,31,31,3,2120,3,7,178,36,115841,3,6,0,51,0,5,0,2,0,6,6,6,56
14,5,25,7,25,20,33,0,0,0,0,0,31,31,3,1012,3,9,179,36,115845,3,6,0,58,0,3,0,0,0,5,7,6,43
19,2,24,4,26,13,26,0,0,0,0,0,31,31,1,2100,1,9,180,36,131681,1,10,0,67,0,4,0,2,0,3,5,5,43
15,1,49,1,36,16,86,0,0,0,0,0,31,31,0,22122,0,14,181,36,131682,0,13,0,85,0,2,0,0,0,3,2,2,70
26,20,28,20,23,40,20,0,0,0,0,0,32,31,4,1101,4,5,182,38,200,5,2,0,35,0,7,0,1,0,10,7,7,43
12,8,44,1,33,19,73,0,0,0,0,0,32,32,6,12212,6,17,183,38,205,8,7,0,82,0,2,0,0,0,2,10,0,73
17,10,28,6,21,19,26,0,0,0,0,0,32,32,7,10020,7,9,184,38,1744,6,6,0,55,0,6,0,2,0,7,6,4,40
21,14,28,15,19,33,33,0,0,0,0,0,32,31,3,1021,3,5,185,38,1746,3,4,0,41,0,3,0,1,0,12,3,11,33
20,7,22,13,13,28,46,0,0,0,0,0,32,32,3,20120,3,9,186,38,1837,4,2,0,44,0,5,0,2,0,11,6,5,46
12,9,38,4,23,21,53,0,0,0,0,0,32,32,7,12120,7,14,187,38,1843,7,6,0,72,0,1,0,2,0,5,8,4,60
25,3,23,17,15,35,40,0,0,0,0,0,32,32,5,22,5,7,188,38,1848,4,3,0,40,0,7,0,0,0,11,5,5,40
25,21,26,8,17,30,66,0,0,0,0,0,32,32,8,12202,8,9,189,38,2038,7,4,0,49,0,5,0,0,0,10,5,5,63
23,19,21,18,15,33,46,0,0,0,0,0,32,32,4,20102,4,6,190,38,110740,3,3,0,37,0,6,0,0,0,13,3,7,26
23,17,34,5,28,28,33,0,0,0,0,0,32,32,7,11200,7,9,191,38,110908,3,6,0,59,0,2,0,2,0,7,6,8,43
22,22,21,10,18,27,80,0,0,0,0,0,32,32,3,22022,3,6,192,38,110912,3,6,0,46,0,6,0,0,0,10,3,7,40
29,23,28,11,17,27,13,0,0,0,0,0,32,32,3,110,3,6,193,38,110915,7,6,0,46,0,7,0,2,0,9,4,6,26
29,24,28,9,17,28,60,0,0,0,0,0,32,32,3,20220,3,9,194,38,111433,5,4,0,46,0,7,0,2,0,11,4,3,63
15,1,42,2,34,19,86,0,0,0,0,0,32,32,6,12222,6,12,195,38,111657,6,11,0,81,0,2,0,0,0,1,7,5,86
12,11,34,3,27,20,66,0,0,0,0,0,32,31,7,22201,7,14,196,38,111811,3,8,0,76,0,1,0,1,0,5,6,4,53
15,25,25,7,19,30,40,0,0,0,0,0,32,32,8,21101,8,8,197,38,112124,8,3,0,51,0,2,0,1,0,7,9,9,36
17,26,26,12,21,35,13,0,0,0,0,0,32,32,3,1010,3,7,198,38,112493,3,3,0,44,0,4,0,2,0,10,6,8,40
21,6,19,16,19,27,13,0,0,0,0,0,32,32,3,10001,5,5,199,38,112494,7,3,0,41,0,7,0,1,0,6,10,7,13
18,27,27,14,9,33,53,0,0,0,0,0,32,32,3,11202,3,9,200,38,113147,3,1,0,42,0,3,0,0,0,13,5,7,46
26,18,23,19,20,33,33,0,0,0,0,0,32,32,4,2011,4,5,201,38,113974,4,3,0,35,0,8,0,1,0,11,5,6,30
6,16,7,12,9,13,40,0,0,0,0,0,39,39,0,2200,0,2,202,12,687,0,1,0,12,0,2,0,2,0,4,1,2,36
8,28,5,5,10,9,60,0,0,0,0,0,39,39,0,11221,0,2,203,12,688,0,2,0,16,0,2,0,1,0,2,4,0,43
11,6,9,9,10,17,26,0,0,0,0,0,39,39,0,1002,0,2,204,12,689,0,2,0,15,0,2,0,0,0,3,2,1,30
3,20,15,2,5,10,86,0,0,0,0,0,39,39,0,22122,0,6,205,11,691,0,1,0,22,0,0,1,0,0,3,1,0,73
8,24,14,4,6,6,46,0,0,0,0,0,39,39,0,21200,0,4,206,11,693,0,1,0,17,0,3,0,2,0,1,2,0,56
7,18,14,11,8,13,6,0,0,0,0,0,39,39,0,1000,0,3,207,12,694,0,1,0,13,0,2,0,2,0,5,1,0,33
13,7,16,7,7,3,46,0,0,0,0,0,39,39,0,10022,0,3,208,12,695,0,2,0,19,0,1,0,0,0,2,0,4,50
11,22,5,15,3,21,6,0,0,0,0,0,39,39,0,10,0,0,209,11,696,0,1,0,5,0,3,0,2,0,5,0,2,16
7,8,9,9,9,11,53,0,0,0,0,0,39,39,0,10212,0,2,210,12,697,0,2,0,16,0,2,0,0,0,2,2,2,40
6,25,7,8,10,13,80,0,0,0,0,0,39,39,0,22022,0,4,211,11,698,0,2,0,18,0,2,0,0,0,3,0,0,50
4,17,21,2,6,3,73,0,0,0,0,0,39,39,0,22211,0,7,212,11,101112,0,1,0,26,0,1,0,1,1,0,2,0,76
7,14,13,6,7,10,40,0,0,0,0,0,39,39,0,20020,0,5,213,11,111065,0,1,0,19,0,1,0,2,0,3,1,0,63
3,11,5,5,11,15,66,0,0,0,0,0,39,39,0,22021,0,2,214,12,111138,0,4,0,21,0,1,0,1,0,2,1,2,56
3,3,8,11,8,20,60,0,0,0,0,0,39,39,0,2202,0,3,215,11,111139,0,1,0,12,0,1,0,0,0,6,0,0,40
8,15,13,12,6,13,60,0,0,0,0,0,39,39,0,20202,0,3,216,11,111140,0,1,0,13,0,1,0,0,0,5,0,1,33
3,21,9,4,5,3,73,0,0,0,0,0,39,39,0,22211,0,3,217,10,111144,0,3,0,21,0,0,1,1,0,1,2,1,70
18,27,17,10,3,6,20,0,0,0,0,0,39,39,0,11010,0,2,218,12,111651,0,1,0,14,0,2,0,2,0,2,0,5,46
3,26,14,1,13,5,73,0,0,0,0,0,39,39,0,22211,0,4,219,12,111928,0,5,0,29,0,1,0,1,1,0,1,1,76
5,2,2,15,8,14,20,0,0,0,0,0,39,39,0,11010,0,0,220,12,112134,0,1,0,6,0,3,0,2,0,5,1,2,20
9,13,9,14,7,25,40,0,0,0,0,0,39,39,0,2020,0,2,221,12,112606,0,1,0,10,0,3,0,2,0,5,1,0,33
13,5,19,7,3,5,26,0,0,0,0,0,39,39,0,1002,0,3,222,12,112828,0,1,0,15,0,3,0,0,0,2,1,2,36
14,23,11,13,2,6,40,0,0,0,0,0,39,39,0,220,0,2,223,12,112885,0,1,0,10,0,5,0,2,0,3,0,1,33
9,12,8,3,18,12,66,0,0,0,0,0,39,39,0,22102,0,0,224,12,112893,0,6,0,22,0,1,0,0,0,1,1,3,63
8,1,14,3,6,4,33,0,0,0,0,1,39,39,0,1210,0,4,225,12,112996,0,2,0,21,0,2,0,2,0,1,2,1,50
6,29,6,14,4,12,26,0,0,0,0,0,39,39,0,10002,0,1,226,11,113018,0,1,0,9,0,2,0,0,0,4,2,1,26
7,10,11,6,13,20,60,0,0,0,0,0,39,39,0,11221,0,3,227,12,113149,0,1,0,16,0,1,0,1,0,3,3,1,43
4,4,8,10,10,17,53,0,0,0,0,0,39,39,0,10221,0,3,228,12,114161,0,0,0,14,0,1,0,1,0,3,3,2,33
6,9,18,1,5,2,73,0,0,0,0,0,39,39,0,22211,0,4,229,11,114162,0,3,0,24,0,0,1,1,0,1,2,1,70
7,19,14,8,6,14,26,0,0,0,0,0,39,39,0,20001,0,3,230,12,114640,0,1,0,15,0,1,0,1,0,4,1,2,46
8,30,13,13,7,12,13,0,0,0,0,0,39,39,0,11,0,2,231,12,131439,0,1,0,13,0,2,0,1,0,3,2,2,23
0,3,0,7,0,0,0,0,0,0,0,0,41,41,0,0,0,0,232,0,298,0,0,0,0,0,0,0,0,0,0,0,0,0
0,11,0,1,0,0,0,0,0,0,0,0,41,41,0,0,0,0,233,0,300,0,0,0,0,0,0,0,0,0,0,0,0,0
0,1,0,10,0,0,0,0,0,0,0,1,41,41,0,0,0,0,234,0,417,0,0,0,0,0,0,0,2,0,0,0,0,0
0,7,0,3,0,0,0,0,0,0,0,0,41,41,0,0,0,0,235,0,418,0,0,0,0,0,0,0,0,0,0,0,0,0
0,2,0,2,0,0,0,0,0,0,0,0,41,41,0,0,0,0,236,0,918,0,0,0,0,0,0,0,0,0,0,0,0,0
0,15,0,4,0,0,0,0,0,0,0,0,41,41,0,0,0,0,237,0,919,0,0,0,0,0,0,0,0,0,0,0,0,0
0,6,0,6,0,0,0,0,0,0,0,0,41,41,0,0,0,0,238,0,920,0,0,0,0,0,0,0,2,0,0,0,0,0
0,12,0,15,0,0,0,0,0,0,0,0,41,41,0,0,0,0,239,0,922,0,0,0,0,0,0,0,2,0,0,0,0,0
0,10,0,16,0,0,0,0,0,0,0,0,41,41,0,0,0,0,240,0,1463,0,0,0,0,0,0,0,2,0,0,0,0,0
0,16,0,14,0,0,0,0,0,0,0,0,41,41,0,0,0,0,241,0,1523,0,0,0,0,0,0,0,0,0,0,0,0,0
0,13,0,11,0,0,0,0,0,0,0,0,41,41,0,0,0,0,242,0,1756,0,0,0,0,0,0,0,2,0,0,0,0,0
0,14,0,5,0,0,0,0,0,0,0,0,41,41,0,0,0,0,243,0,1757,0,0,0,0,0,0,0,0,0,0,0,0,0
0,17,0,8,0,0,0,0,0,0,0,0,41,41,0,0,0,0,244,0,2041,0,0,0,0,0,0,0,2,0,0,0,0,0
0,8,0,9,0,0,0,0,0,0,0,0,41,41,0,0,0,0,245,0,112199,0,0,0,0,0,0,0,0,0,0,0,0,0
0,6,0,13,0,0,0,0,0,0,0,0,41,41,0,0,0,0,246,0,113459,0,0,0,0,0,0,0,2,0,0,0,0,0
0,18,0,12,0,0,0,0,0,0,0,0,41,41,0,0,0,0,247,0,131491,0,0,0,0,0,0,0,2,0,0,0,0,0
21,3,25,8,8,27,26,0,0,0,0,0,50,50,3,1002,3,5,248,33,77,3,4,0,33,0,6,0,0,0,12,1,5,16
12,1,34,3,25,23,80,0,0,0,0,1,50,50,10,22022,10,12,249,33,78,10,9,0,67,0,3,0,0,0,5,3,1,73
26,13,29,6,16,22,46,0,0,0,0,0,50,50,8,21020,8,6,250,33,79,8,7,0,46,0,6,0,2,0,7,2,5,43
10,4,32,1,26,18,66,0,0,0,0,0,50,50,0,20212,0,13,251,33,80,0,8,0,70,0,0,1,0,0,5,3,4,63
14,5,30,5,21,23,40,0,0,0,0,0,50,50,8,11120,8,8,252,33,81,8,5,0,51,0,2,0,2,0,6,6,6,53
27,10,22,11,15,38,46,0,0,0,0,0,50,50,5,2201,5,5,253,33,82,5,1,0,28,0,8,0,1,0,9,6,4,46
9,7,29,4,23,20,6,0,0,0,0,0,50,50,10,100,10,10,254,33,83,10,4,0,54,0,2,0,2,0,5,7,5,46
16,2,36,2,30,15,86,0,0,0,0,0,50,50,10,12222,10,11,255,33,86,10,8,0,69,0,1,0,0,0,1,7,5,73
26,12,24,9,10,27,33,0,0,0,0,0,50,50,3,21001,3,6,256,33,180,3,2,0,33,0,6,0,1,0,10,5,4,36
22,4,21,7,24,32,66,0,0,0,0,0,50,50,3,21202,3,6,257,33,181,3,3,0,40,0,5,0,0,0,6,7,6,50
30,8,21,12,14,36,20,0,0,0,0,0,50,50,5,11010,5,1,258,33,621,5,0,0,16,0,8,0,2,0,11,6,7,16
16,6,10,10,17,32,40,0,0,0,0,0,50,50,5,220,5,5,259,33,100805,5,2,0,30,0,6,0,2,0,11,4,5,33
17,3,38,4,20,21,40,0,0,0,0,0,53,53,1,220,1,14,260,35,240,1,5,0,63,0,3,0,2,0,7,5,1,50
9,1,54,1,37,22,100,0,0,0,0,1,53,53,0,22222,0,18,261,35,241,0,12,0,91,0,0,1,0,0,4,1,0,100
14,2,39,2,31,19,53,0,0,0,0,0,53,53,1,12120,1,14,262,35,243,1,10,0,77,0,2,0,2,0,4,4,1,56
20,8,21,9,19,31,40,0,0,0,0,0,53,53,2,2020,3,9,263,35,448,3,4,0,44,0,7,0,2,0,10,3,2,33
17,6,30,5,24,26,60,0,0,0,0,0,53,53,1,12121,2,8,264,35,449,2,5,0,54,0,3,0,1,0,4,9,6,40
25,13,26,6,23,19,40,0,0,0,0,0,53,53,2,22,2,5,265,35,450,3,8,0,50,0,7,0,0,0,4,6,5,43
23,19,18,16,20,30,6,0,0,0,0,0,53,53,3,100,5,6,266,35,452,2,4,0,39,0,7,0,2,0,9,5,4,13
21,9,28,15,15,31,53,0,0,0,0,0,53,53,3,21021,5,8,267,35,453,5,2,0,39,0,4,0,1,0,12,3,6,50
27,4,34,8,20,28,20,0,0,0,0,0,53,53,2,10101,3,8,268,35,457,3,3,0,44,0,5,0,1,0,8,6,5,40
21,16,23,12,15,29,46,0,0,0,0,0,53,53,2,1202,3,7,269,35,461,5,4,0,42,0,5,0,0,0,10,4,5,53
23,4,23,18,18,31,33,0,0,0,0,0,53,54,3,10201,4,6,270,35,463,3,3,0,37,0,5,0,1,0,11,4,6,33
19,20,29,14,17,35,66,0,0,0,0,0,53,53,3,22201,3,8,271,35,468,3,1,0,39,0,2,0,1,0,12,4,8,46
20,7,29,11,13,25,26,0,0,0,0,0,53,53,2,10200,3,9,272,35,479,5,2,0,42,0,3,0,2,0,12,4,5,30
15,11,22,10,14,27,53,0,0,0,0,0,53,53,2,2121,3,6,273,35,480,3,4,0,43,0,2,0,1,0,10,3,10,53
24,12,24,13,19,32,60,0,0,0,0,0,53,53,3,20022,3,7,274,35,481,3,4,0,40,0,7,0,0,0,10,3,4,36
15,5,41,3,24,25,73,0,0,0,0,0,53,53,1,21221,1,14,275,35,483,1,7,0,69,0,2,0,1,0,6,5,1,60
28,3,24,19,17,29,66,0,0,0,0,0,53,54,3,22102,4,6,276,35,1853,4,3,0,36,0,7,0,0,0,10,4,5,60
15,15,14,7,14,21,26,0,0,0,0,0,53,53,2,2001,3,6,277,35,1860,3,7,0,45,0,8,0,1,0,8,3,3,53
25,10,19,17,18,27,13,0,0,0,0,0,53,53,2,10001,5,6,278,35,110062,4,3,0,39,0,7,0,1,0,7,8,4,30
17,8,9,20,17,37,33,0,0,0,0,0,53,54,5,21001,4,4,279,35,110827,4,2,0,29,0,7,0,1,0,11,4,7,40
19,19,28,2,32,22,73,0,0,0,0,0,54,53,6,12122,6,10,280,39,242,7,10,0,71,0,4,0,0,0,4,6,5,73
26,13,17,21,16,27,6,0,0,0,0,0,54,54,5,1000,5,4,281,39,244,5,4,0,35,0,9,0,2,0,11,5,6,26
27,11,47,1,34,31,86,0,0,0,0,0,54,54,6,22122,6,13,282,39,456,6,10,0,75,0,4,0,0,0,6,4,2,63
21,17,32,13,20,30,20,0,0,0,0,0,54,54,3,2000,3,10,283,39,459,3,5,0,52,0,4,0,2,0,13,1,6,33
19,18,23,15,20,31,46,0,0,0,0,0,54,53,3,10202,3,8,284,39,462,3,4,0,46,0,7,0,0,0,10,5,5,43
17,5,35,7,13,19,66,0,0,0,0,0,54,54,6,12202,8,13,285,39,467,5,5,0,64,0,3,0,0,0,8,6,4,76
13,2,32,5,20,24,60,0,0,0,0,0,54,54,6,2220,7,12,286,39,472,7,6,0,66,0,3,0,2,0,6,7,5,60
23,18,41,4,27,27,60,0,0,0,0,0,54,54,6,20022,7,12,287,39,573,7,7,0,66,0,2,0,0,0,9,3,6,60
31,6,27,12,24,21,60,0,0,0,0,0,54,54,3,2022,3,8,288,39,1854,3,6,0,53,0,8,0,0,0,6,7,4,56
28,17,50,3,28,30,66,0,0,0,0,0,54,53,6,2221,7,14,289,39,1861,7,7,0,71,0,3,0,1,0,7,6,2,63
25,20,26,9,29,31,100,0,0,0,0,0,54,54,7,22222,3,9,290,39,1867,3,8,0,60,0,6,0,0,0,7,5,4,63
19,21,26,11,21,40,46,0,0,0,0,0,54,54,8,11121,3,11,291,39,1894,3,4,0,55,0,4,0,1,0,10,6,4,36
28,14,18,18,18,28,6,0,0,0,0,0,54,53,3,10,5,6,292,39,1968,8,4,0,39,0,12,0,2,0,8,7,2,13
12,12,24,8,20,21,40,0,0,0,0,0,54,54,6,20111,8,9,293,39,10846,8,8,0,63,0,3,0,1,0,7,4,8,56
29,22,13,22,23,35,6,0,0,0,0,0,54,54,5,10,5,3,294,39,15012,5,5,0,33,0,11,0,2,0,11,4,5,20
23,23,39,6,27,26,53,0,0,0,0,0,54,54,6,12201,7,12,295,39,100852,6,6,0,65,0,4,0,1,0,6,8,3,53
23,14,22,17,20,25,20,0,0,0,0,0,54,54,3,20000,5,6,296,39,100888,3,4,0,42,0,8,0,2,0,9,7,5,26
30,16,19,20,23,35,26,0,0,0,0,0,54,54,5,10200,5,5,297,39,110069,5,4,0,36,0,10,0,2,0,11,4,5,40
24,24,26,16,22,31,33,0,0,0,0,0,54,54,3,10012,5,7,298,39,110711,5,5,0,45,0,6,0,0,0,12,3,6,26
22,1,27,14,21,28,40,0,0,0,0,1,54,54,3,20020,3,6,299,39,110832,5,6,0,48,0,5,0,2,0,10,4,8,43
23,15,23,19,17,38,26,0,0,0,0,0,54,54,3,10200,5,7,300,39,110839,5,2,0,36,0,6,0,2,0,15,2,7,16
23,7,31,10,30,26,80,0,0,0,0,0,54,54,7,22202,3,8,301,39,114554,3,8,0,58,0,6,0,0,0,7,4,6,66
0,13,0,4,0,0,0,0,0,0,0,0,56,56,0,0,0,0,302,0,319,0,0,0,0,0,0,0,0,0,0,0,0,0
0,1,0,6,0,0,0,0,0,0,0,1,56,56,0,0,0,0,303,0,320,0,0,0,0,0,0,0,0,0,0,0,0,0
0,12,0,11,0,0,0,0,0,0,0,0,56,56,0,0,0,0,304,0,321,0,0,0,0,0,0,0,0,0,0,0,0,0
0,3,0,7,0,0,0,0,0,0,0,0,56,56,0,0,0,0,305,0,433,0,0,0,0,0,0,0,2,0,0,0,0,0
0,7,0,8,0,0,0,0,0,0,0,0,56,56,0,0,0,0,306,0,700,0,0,0,0,0,0,0,2,0,0,0,0,0
0,11,0,14,0,0,0,0,0,0,0,0,56,56,0,0,0,0,307,0,702,0,0,0,0,0,0,0,2,0,0,0,0,0
0,2,0,2,0,0,0,0,0,0,0,0,56,56,0,0,0,0,308,0,708,0,0,0,0,0,0,0,0,0,0,0,0,0
0,4,0,5,0,0,0,0,0,0,0,0,56,56,0,0,0,0,309,0,710,0,0,0,0,0,0,0,0,0,0,0,0,0
0,8,0,10,0,0,0,0,0,0,0,0,56,56,0,0,0,0,310,0,711,0,0,0,0,0,0,0,2,0,0,0,0,0
0,15,0,15,0,0,0,0,0,0,0,0,56,56,0,0,0,0,311,0,1870,0,0,0,0,0,0,0,2,0,0,0,0,0
0,6,0,3,0,0,0,0,0,0,0,0,56,56,0,0,0,0,312,0,111594,0,0,0,0,0,0,0,2,0,0,0,0,0
0,10,0,12,0,0,0,0,0,0,0,0,56,56,0,0,0,0,313,0,111705,0,0,0,0,0,0,0,2,0,0,0,0,0
0,5,0,1,0,0,0,0,0,0,0,0,56,56,0,0,0,0,314,0,112072,0,0,0,0,0,0,0,0,0,0,0,0,0
0,14,0,16,0,0,0,0,0,0,0,0,56,56,0,0,0,0,315,0,112126,0,0,0,0,0,0,0,2,0,0,0,0,0
0,9,0,9,0,0,0,0,0,0,0,0,56,56,0,0,0,0,316,0,113458,0,0,0,0,0,0,0,0,0,0,0,0,0
0,16,0,13,0,0,0,0,0,0,0,0,56,56,0,0,0,0,317,0,113892,0,0,0,0,0,0,0,0,0,0,0,0,0
24,5,46,5,24,28,33,0,0,0,0,0,60,60,7,2110,7,13,318,46,4,7,6,0,75,0,2,0,2,0,7,10,8,36
32,5,27,14,23,37,66,0,0,0,0,1,60,61,3,22012,3,9,319,46,142,4,8,0,60,0,8,0,0,0,12,3,6,56
29,14,30,21,22,32,40,0,0,0,0,0,60,60,4,21110,4,8,320,46,143,3,4,0,49,0,8,0,2,0,13,6,7,23
20,11,53,1,36,21,86,0,0,0,0,0,60,60,6,21222,6,18,321,46,149,6,13,0,103,0,1,0,0,0,4,6,4,86
13,2,27,6,22,33,53,0,0,0,0,0,60,60,7,1212,7,14,322,46,361,8,7,0,75,0,2,0,0,0,11,5,7,60
28,22,33,12,31,32,6,0,0,0,0,0,60,60,3,10,3,10,323,46,1793,3,6,0,63,0,6,0,2,0,9,8,7,30
32,19,24,23,17,39,26,0,0,0,0,0,60,60,4,2010,4,6,324,46,1797,5,4,0,41,0,8,0,2,0,17,2,9,16
17,9,32,4,26,34,40,0,0,0,0,0,60,61,7,1112,7,15,325,46,1804,7,7,0,77,0,3,0,0,0,10,6,5,43
17,24,24,16,25,41,46,0,0,0,0,0,60,60,3,22100,3,11,326,46,1917,5,3,0,56,0,8,0,2,0,10,10,4,50
24,3,37,7,31,32,86,0,0,0,0,0,60,14,8,21222,8,13,327,46,1923,8,8,0,74,0,4,0,0,0,10,5,6,86
29,23,35,13,19,36,80,0,0,0,0,0,60,60,3,2222,3,12,328,46,1926,3,5,0,60,0,6,0,0,0,14,4,5,73
25,23,17,22,19,36,26,0,0,0,0,0,60,61,4,10020,4,4,329,46,1928,4,6,0,42,0,10,0,2,0,14,3,9,36
33,1,33,8,42,30,73,0,0,0,0,0,60,14,8,12122,8,10,330,46,1929,3,12,0,73,0,9,0,0,0,8,3,4,70
31,3,23,24,16,43,0,0,0,0,0,0,60,60,4,0,4,6,331,46,1930,4,3,0,35,0,13,0,2,0,16,4,4,0
26,4,38,3,33,32,46,0,0,0,0,0,60,60,7,10202,7,13,332,46,1931,7,9,0,77,0,6,0,0,0,7,7,4,60
37,4,39,15,29,36,26,0,0,0,0,0,60,60,3,10020,3,9,333,46,1932,3,6,0,59,0,8,0,2,0,9,8,6,30
23,9,45,11,24,35,26,0,0,0,0,0,60,60,3,1002,3,13,334,46,1933,3,4,0,63,0,7,0,0,0,10,9,3,33
30,6,39,18,25,38,13,0,0,0,0,0,60,60,5,1010,5,8,335,46,1938,3,7,0,53,0,9,0,2,0,14,2,6,23
27,18,42,9,32,37,40,0,0,0,0,0,60,60,3,11102,3,11,336,46,1939,7,7,0,67,0,3,0,0,0,12,4,9,40
27,8,38,10,24,23,73,0,0,0,0,0,60,60,3,12212,3,9,337,46,1940,3,7,0,65,0,6,0,0,0,7,9,8,63
30,1,32,20,27,41,13,0,0,0,0,0,60,60,5,1001,5,8,338,46,1958,5,6,0,52,0,8,0,1,0,14,3,7,33
23,21,50,2,40,27,66,0,0,0,0,0,60,14,6,12220,6,17,339,46,1961,6,10,0,91,0,4,0,2,0,5,8,2,60
28,15,27,17,23,32,46,0,0,0,0,0,60,60,5,12111,5,9,340,46,15015,4,4,0,54,0,9,0,1,0,9,10,5,46
31,10,25,19,26,41,20,0,0,0,0,0,60,61,5,20,5,8,341,46,112259,5,7,0,53,0,11,0,2,0,12,4,4,13
22,21,41,7,33,28,66,0,0,0,0,0,61,61,7,2221,7,12,342,46,92,8,10,0,78,0,6,0,1,0,6,7,5,73
28,6,34,11,30,30,26,0,0,0,0,0,61,61,3,20001,3,12,343,46,121,3,7,0,67,0,6,0,1,0,11,5,5,36
27,12,22,19,20,42,33,0,0,0,0,0,61,60,5,2110,5,9,344,46,127,5,4,0,49,0,8,0,2,0,15,4,6,26
29,25,38,8,32,24,100,0,0,0,0,0,61,61,8,22222,8,10,345,46,135,3,11,0,76,0,7,0,0,0,5,7,6,76
34,8,18,24,27,44,20,0,0,0,0,0,61,61,5,2000,5,5,346,46,381,5,4,0,36,0,14,0,2,0,14,5,4,23
20,4,41,2,45,25,73,0,0,0,0,0,61,61,6,12221,6,13,347,46,1798,7,11,0,86,0,4,0,1,0,4,8,6,60
36,12,29,17,24,36,26,0,0,0,0,0,61,61,3,10002,5,8,348,46,1802,3,5,0,53,0,8,0,0,0,11,7,7,26
30,11,23,13,33,26,20,0,0,0,0,0,61,61,3,200,3,8,349,46,1803,7,10,0,65,0,10,0,2,0,7,6,5,40
18,26,30,10,30,26,20,0,0,0,0,0,61,61,3,2,3,10,350,46,1920,3,8,0,68,0,5,0,0,0,9,6,8,43
24,24,38,6,33,32,73,0,0,0,0,0,61,61,7,12122,7,11,351,46,1924,8,10,0,79,0,4,0,0,0,5,8,8,76
27,19,38,9,32,32,26,0,0,0,0,0,61,61,8,20100,8,11,352,46,1934,7,11,0,75,0,6,0,2,0,9,3,6,40
23,22,35,12,27,26,60,0,0,0,0,0,61,61,3,22002,3,10,353,46,1935,3,8,0,66,0,7,0,0,0,9,6,6,43
33,21,28,18,25,46,40,0,0,0,0,0,61,61,5,22000,5,9,354,46,1936,5,5,0,52,0,10,0,2,0,12,6,4,36
25,14,45,5,29,27,46,0,0,0,0,0,61,61,7,20021,7,13,355,46,1937,7,11,0,80,0,6,0,1,0,8,4,4,53
15,20,43,3,23,18,53,0,0,0,0,0,61,60,6,21021,6,15,356,46,1944,6,7,0,82,0,2,0,1,0,6,10,6,46
28,17,31,14,25,37,86,0,0,0,0,0,61,60,3,22221,3,12,357,46,1962,5,7,0,62,0,10,0,1,0,12,4,1,83
37,16,22,21,32,42,33,0,0,0,0,0,61,61,5,10201,5,4,358,46,15048,5,6,0,41,0,13,0,1,0,12,5,6,20
27,17,27,16,20,31,13,0,0,0,0,0,61,61,3,110,3,9,359,46,110313,3,5,0,53,0,9,0,2,0,12,6,5,16
28,22,26,22,18,40,20,0,0,0,0,0,61,60,5,111,5,5,360,46,110890,5,3,0,40,0,8,0,1,0,14,6,10,36
38,13,16,23,23,30,40,0,0,0,0,0,61,61,5,220,5,4,361,46,112222,5,6,0,39,0,16,0,2,0,11,6,3,40
37,18,24,20,24,40,60,0,0,0,0,0,61,61,5,2022,5,6,362,46,112254,5,6,0,43,0,13,0,0,0,14,3,4,50
34,22,34,15,23,24,40,0,0,0,0,0,61,61,3,2111,3,8,363,46,112260,3,7,0,61,0,6,0,1,0,9,7,9,36
21,23,41,1,30,25,46,0,0,0,0,0,61,61,6,20102,6,14,364,46,112764,6,10,0,87,0,0,1,0,0,7,6,9,56
24,20,34,4,27,27,53,0,0,0,0,0,61,61,7,1221,7,14,365,46,113926,6,11,0,81,0,5,0,1,0,10,2,4,66
0,6,0,4,0,0,0,0,0,0,0,0,65,65,0,0,0,0,366,0,305,0,0,0,0,0,0,0,0,0,0,0,0,0
0,1,0,1,0,0,0,0,0,0,0,1,65,65,0,0,0,0,367,0,306,0,0,0,0,0,0,0,2,0,0,0,0,0
0,10,0,10,0,0,0,0,0,0,0,0,65,65,0,0,0,0,368,0,422,0,0,0,0,0,0,0,2,0,0,0,0,0
0,4,0,5,0,0,0,0,0,0,0,0,65,65,0,0,0,0,369,0,423,0,0,0,0,0,0,0,1,0,0,0,0,0
0,2,0,2,0,0,0,0,0,0,0,0,65,65,0,0,0,0,370,0,445,0,0,0,0,0,0,0,0,0,0,0,0,0
0,5,0,7,0,0,0,0,0,0,0,0,65,65,0,0,0,0,371,0,563,0,0,0,0,0,0,0,0,0,0,0,0,0
0,6,0,9,0,0,0,0,0,0,0,0,65,65,0,0,0,0,372,0,753,0,0,0,0,0,0,0,1,0,0,0,0,0
0,7,0,3,0,0,0,0,0,0,0,0,65,65,0,0,0,0,373,0,834,0,0,0,0,0,0,0,1,0,0,0,0,0
0,11,0,8,0,0,0,0,0,0,0,0,65,65,0,0,0,0,374,0,1571,0,0,0,0,0,0,0,1,0,0,0,0,0
0,8,0,6,0,0,0,0,0,0,0,0,65,65,0,0,0,0,375,0,1572,0,0,0,0,0,0,0,2,0,0,0,0,0
15,12,22,14,17,24,60,0,0,0,0,0,66,66,3,20202,5,8,376,32,301,4,3,0,39,0,4,0,0,0,11,2,4,50
15,6,28,4,15,21,66,0,0,0,0,0,66,66,0,21220,8,10,377,31,420,10,4,0,49,0,5,0,2,0,5,6,1,50
27,3,37,1,20,15,73,0,0,0,0,1,66,66,0,12221,0,7,378,32,873,3,8,0,56,0,3,0,1,0,3,5,6,70
15,6,16,7,16,20,40,0,0,0,0,0,66,66,10,22000,3,8,379,32,1569,0,4,0,45,0,5,0,2,0,6,6,3,40
12,2,19,9,17,24,66,0,0,0,0,0,66,66,10,12022,3,7,380,32,1871,4,3,0,43,0,3,0,0,0,6,7,6,63
18,15,29,5,19,24,60,0,0,0,0,0,66,66,10,12121,8,10,381,32,110206,3,4,0,48,0,4,0,1,0,8,4,2,60
24,14,33,2,18,15,53,0,0,0,0,0,66,66,0,11202,10,8,382,31,110745,10,5,0,49,0,5,0,0,0,3,7,3,40
21,4,30,11,15,27,46,0,0,0,0,0,66,66,3,20120,3,9,383,32,110746,5,3,0,41,0,5,0,2,0,10,3,2,43
16,7,20,13,15,22,26,0,0,0,0,0,66,66,3,10111,5,5,384,32,110747,8,4,0,40,0,3,0,1,0,7,5,8,23
14,9,26,6,19,22,46,0,0,0,0,0,66,66,10,20012,8,7,385,32,110749,8,6,0,48,0,3,0,0,0,7,3,6,43
18,16,22,17,10,37,33,0,0,0,0,0,66,66,3,21001,4,8,386,31,111082,5,1,0,35,0,2,0,1,0,12,3,5,33
17,13,22,15,16,22,20,0,0,0,0,0,66,66,3,10110,5,6,387,32,111083,3,4,0,39,0,5,0,2,0,8,4,5,30
17,5,19,12,21,24,40,0,0,0,0,0,66,66,3,1211,3,6,388,32,111086,5,5,0,41,0,6,0,1,0,7,4,4,50
15,10,32,8,17,29,66,0,0,0,0,0,66,66,10,2221,3,9,389,32,111088,3,2,0,44,0,3,0,1,0,7,7,4,50
23,17,35,16,24,37,6,0,0,0,0,0,66,66,3,1000,4,8,390,32,111091,3,4,0,38,0,4,0,2,0,9,3,4,36
17,18,20,10,23,29,26,0,0,0,0,0,66,66,8,10002,3,5,391,32,111097,3,5,0,42,0,3,0,0,0,7,4,8,50
29,19,18,18,19,32,20,0,0,0,0,0,66,66,4,200,4,3,392,32,112510,4,4,0,28,0,9,0,2,0,9,3,4,23
13,1,20,3,25,24,73,0,0,0,0,0,66,66,0,11222,10,7,393,31,114326,8,7,0,49,0,4,0,0,0,6,3,4,60
14,1,46,1,31,15,66,0,0,0,0,1,68,68,0,12202,0,13,394,33,325,0,11,0,77,0,0,1,0,0,4,1,4,73
16,2,37,2,37,18,66,0,0,0,0,0,68,68,0,21022,9,11,395,33,326,9,10,0,73,0,0,1,0,0,2,5,5,66
20,3,30,4,27,18,46,0,0,0,0,0,68,68,8,20120,8,9,396,33,327,8,8,0,59,0,4,0,2,0,4,4,4,53
15,6,29,3,32,21,40,0,0,0,0,0,68,68,0,11012,9,9,397,33,436,9,11,0,69,0,1,0,0,0,3,3,6,70
33,13,21,16,11,22,6,0,0,0,0,0,68,68,3,10,4,4,398,33,741,5,3,0,29,0,8,0,2,0,10,4,4,20
17,18,19,7,24,28,80,0,0,0,0,0,68,68,8,22220,3,6,399,33,748,8,6,0,48,0,3,0,2,0,6,5,7,56
17,5,33,6,23,17,66,0,0,0,0,0,68,68,8,21202,8,8,400,33,101014,3,7,0,54,0,3,0,0,0,6,3,6,60
31,9,13,17,12,30,26,0,0,0,0,0,68,68,3,210,4,4,401,33,101020,4,1,0,27,0,8,0,2,0,8,8,4,26
24,20,24,15,9,23,40,0,0,0,0,0,68,68,3,202,5,7,402,33,101025,3,1,0,31,0,6,0,0,0,12,3,4,26
14,2,24,5,18,15,60,0,0,0,0,0,68,68,8,11212,8,8,403,33,101026,8,6,0,55,0,2,0,0,0,4,6,7,46
13,21,15,10,11,24,20,0,0,0,0,0,68,68,3,11010,3,6,404,33,101032,3,3,0,37,0,6,0,2,0,8,5,5,23
19,8,21,9,21,29,60,0,0,0,0,0,68,68,3,22200,3,6,405,33,101033,3,4,0,40,0,5,0,2,0,8,4,6,56
21,19,22,8,22,29,46,0,0,0,0,0,68,68,3,21020,3,8,406,33,101037,3,2,0,40,0,6,0,2,0,7,8,2,53
25,16,21,12,21,31,20,0,0,0,0,0,68,68,3,2000,3,5,407,33,110776,3,4,0,37,0,6,0,2,0,8,5,5,30
22,7,16,18,13,31,46,0,0,0,0,0,68,68,3,122,4,5,408,33,111117,4,2,0,27,0,8,0,0,0,12,3,3,46
19,10,14,14,18,30,33,0,0,0,0,0,68,68,3,12010,5,4,409,33,111339,5,3,0,32,0,6,0,2,0,9,5,6,40
17,14,23,11,17,22,33,0,0,0,0,0,68,68,3,10012,3,6,410,33,113142,3,1,0,37,0,6,0,0,0,4,11,5,36
21,22,19,13,11,24,66,0,0,0,0,0,68,68,3,2212,3,5,411,33,131174,4,3,0,32,0,8,0,0,0,9,4,4,36
0,1,0,1,0,0,0,0,0,0,0,1,76,76,0,0,0,0,412,0,211,0,0,0,0,0,0,0,0,0,0,0,0,0
0,1,0,1,0,0,0,0,0,0,0,0,76,76,0,0,0,0,413,0,263,0,0,0,0,0,0,0,0,0,0,0,0,0
0,1,0,1,0,0,0,0,0,0,0,0,76,76,0,0,0,0,414,0,266,0,0,0,0,0,0,0,0,0,0,0,0,0
0,1,0,1,0,0,0,0,0,0,0,0,76,76,0,0,0,0,415,0,267,0,0,0,0,0,0,0,0,0,0,0,0,0
0,1,0,1,0,0,0,0,0,0,0,0,76,76,0,0,0,0,416,0,278,0,0,0,0,0,0,0,0,0,0,0,0,0
0,3,0,1,0,0,0,0,0,0,0,0,76,76,0,0,0,0,417,0,280,0,0,0,0,0,0,0,0,0,0,0,0,0
0,1,0,1,0,0,0,0,0,0,0,0,76,76,0,0,0,0,418,0,393,0,0,0,0,0,0,0,0,0,0,0,0,0
0,2,0,1,0,0,0,0,0,0,0,0,76,1003,0,0,0,0,419,0,1598,0,0,0,0,0,0,0,0,0,0,0,0,0
0,1,0,1,0,0,0,0,0,0,0,1,76,76,0,0,0,0,420,0,1874,0,0,0,0,0,0,0,0,0,0,0,0,0
0,1,0,1,0,0,0,0,0,0,0,0,76,76,0,0,0,0,421,0,1884,0,0,0,0,0,0,0,0,0,0,0,0,0
0,1,0,1,0,0,0,0,0,0,0,0,76,76,0,0,0,0,422,0,100135,0,0,0,0,0,0,0,0,0,0,0,0,0
0,1,0,1,0,0,0,0,0,0,0,1,76,76,0,0,0,0,423,0,100325,0,0,0,0,0,0,0,0,0,0,0,0,0
0,1,0,1,0,0,0,0,0,0,0,0,76,76,0,0,0,0,424,0,101047,0,0,0,0,0,0,0,0,0,0,0,0,0
0,1,0,1,0,0,0,0,0,0,0,0,76,76,0,0,0,0,425,0,101059,0,0,0,0,0,0,0,0,0,0,0,0,0
0,2,0,1,0,0,0,0,0,0,0,0,76,1003,0,0,0,0,426,0,101100,0,0,0,0,0,0,0,0,0,0,0,0,0
0,1,0,1,0,0,0,0,0,0,0,1,76,76,0,0,0,0,427,0,110468,0,0,0,0,0,0,0,0,0,0,0,0,0
0,2,0,1,0,0,0,0,0,0,0,0,76,76,0,0,0,0,428,0,111596,0,0,0,0,0,0,0,0,0,0,0,0,0
0,1,0,1,0,0,0,0,0,0,0,1,76,76,0,0,0,0,429,0,111701,0,0,0,0,0,0,0,0,0,0,0,0,0
0,4,0,1,0,0,0,0,0,0,0,0,76,76,0,0,0,0,430,0,112638,0,0,0,0,0,0,0,0,0,0,0,0,0
0,5,0,1,0,0,0,0,0,0,0,0,76,76,0,0,0,0,431,0,113888,0,0,0,0,0,0,0,0,0,0,0,0,0
0,2,0,4,0,0,0,0,0,0,0,0,78,78,0,0,0,0,432,0,1318,0,0,0,1812,0,0,0,0,0,0,0,0,0
0,2,0,12,0,0,0,0,0,0,0,0,78,78,0,0,0,0,433,0,1328,0,0,0,1701,0,0,0,0,0,0,0,0,0
0,2,0,47,0,0,0,0,0,0,0,0,78,78,0,0,0,0,434,0,1330,0,0,0,1473,0,0,0,0,0,0,0,0,0
0,2,0,21,0,0,0,0,0,0,0,0,78,78,0,0,0,0,435,0,1331,0,0,0,1591,0,0,0,0,0,0,0,0,0
0,2,0,63,0,0,0,0,0,0,0,0,78,78,0,0,0,0,436,0,1334,0,0,0,1393,0,0,0,0,0,0,0,0,0
0,2,0,2,0,0,0,0,0,0,0,0,78,78,0,0,0,0,437,0,1335,0,0,0,1854,0,0,0,0,0,0,0,0,0
0,2,0,13,0,0,0,0,0,0,0,0,78,78,0,0,0,0,438,0,1337,0,0,0,1686,0,0,0,0,0,0,0,0,0
0,2,0,71,0,0,0,0,0,0,0,0,78,78,0,0,0,0,439,0,1341,0,0,0,1353,0,0,0,0,0,0,0,0,0
0,2,0,10,0,0,0,0,0,0,0,0,78,78,0,0,0,0,440,0,1343,0,0,0,1714,0,0,0,0,0,0,0,0,0
0,2,0,50,0,0,0,0,0,0,0,0,78,78,0,0,0,0,441,0,1352,0,0,0,1466,0,0,0,0,0,0,0,0,0
0,2,0,28,0,0,0,0,0,0,0,0,78,78,0,0,0,0,442,0,1353,0,0,0,1523,0,0,0,0,0,0,0,0,0
0,2,0,8,0,0,0,0,0,0,0,0,78,78,0,0,0,0,443,0,1354,0,0,0,1741,0,0,0,0,0,0,0,0,0
0,2,0,58,0,0,0,0,0,0,0,0,78,78,0,0,0,0,444,0,1355,0,0,0,1403,0,0,0,0,0,0,0,0,0
0,2,0,45,0,0,0,0,0,0,0,0,78,78,0,0,0,0,445,0,1356,0,0,0,1474,0,0,0,0,0,0,0,0,0
0,2,0,48,0,0,0,0,0,0,0,0,78,78,0,0,0,0,446,0,1359,0,0,0,1472,0,0,0,0,0,0,0,0,0
0,2,0,3,0,0,0,0,0,0,0,0,78,78,0,0,0,0,447,0,1362,0,0,0,1835,0,0,0,0,0,0,0,0,0
0,2,0,29,0,0,0,0,0,0,0,0,78,78,0,0,0,0,448,0,1363,0,0,0,1522,0,0,0,0,0,0,0,0,0
0,2,0,25,0,0,0,0,0,0,0,0,78,78,0,0,0,0,449,0,1366,0,0,0,1567,0,0,0,0,0,0,0,0,0
0,2,0,30,0,0,0,0,0,0,0,0,78,78,0,0,0,0,450,0,1367,0,0,0,1521,0,0,0,0,0,0,0,0,0
0,2,0,1,0,0,0,0,0,0,0,0,78,78,0,0,0,0,451,0,1369,0,0,0,1901,0,0,0,0,0,0,0,0,0
0,2,0,17,0,0,0,0,0,0,0,0,78,78,0,0,0,0,452,0,1386,0,0,0,1635,0,0,0,0,0,0,0,0,0
0,2,0,16,0,0,0,0,0,0,0,0,78,78,0,0,0,0,453,0,1387,0,0,0,1641,0,0,0,0,0,0,0,0,0
0,2,0,31,0,0,0,0,0,0,0,0,78,78,0,0,0,0,454,0,1886,0,0,0,1518,0,0,0,0,0,0,0,0,0
0,2,0,7,0,0,0,0,0,0,0,0,78,78,0,0,0,0,455,0,105035,0,0,0,1758,0,0,0,0,0,0,0,0,0
0,2,0,74,0,0,0,0,0,0,0,0,78,78,0,0,0,0,456,0,110081,0,0,0,1341,0,0,0,0,0,0,0,0,0
0,2,0,14,0,0,0,0,0,0,0,0,78,78,0,0,0,0,457,0,111111,0,0,0,1669,0,0,0,0,0,0,0,0,0
0,2,0,1,0,0,0,0,0,0,0,0,78,78,0,0,0,0,458,0,111114,0,0,0,0,0,0,0,0,0,0,0,0,0
0,2,0,64,0,0,0,0,0,0,0,0,78,78,0,0,0,0,459,0,111462,0,0,0,1381,0,0,0,0,0,0,0,0,0
0,2,0,34,0,0,0,0,0,0,0,0,78,78,0,0,0,0,460,0,111527,0,0,0,1504,0,0,0,0,0,0,0,0,0
14,1,22,2,20,12,33,0,0,0,0,0,80,80,10,1210,10,5,461,22,191,0,5,0,37,0,3,0,2,0,2,4,3,43
14,2,12,1,21,12,66,0,0,0,0,1,80,80,0,20212,0,5,462,22,209,10,7,0,38,0,5,0,0,0,3,1,1,53
15,3,18,3,14,15,53,0,0,0,0,0,80,80,10,21012,10,7,463,22,252,10,4,0,37,0,3,0,0,0,4,3,1,70
12,4,14,5,12,13,53,0,0,0,0,0,80,80,8,10212,8,5,464,22,254,3,4,0,33,0,4,0,0,0,3,4,2,33
15,5,14,4,20,15,66,0,0,0,0,0,80,80,10,22012,10,5,465,22,256,8,6,0,36,0,4,0,0,0,4,1,2,66
13,1,12,9,14,17,13,0,0,0,0,0,80,80,3,1100,3,4,466,22,780,8,4,0,28,0,4,0,2,0,6,1,3,46
11,10,13,6,16,13,46,0,0,0,0,0,80,80,8,11211,8,4,467,22,2017,10,4,0,33,0,3,0,1,0,2,5,4,56
10,11,14,8,8,13,53,0,0,0,0,0,80,80,3,21210,3,5,468,22,15009,3,2,0,29,0,1,0,2,0,6,3,5,50
14,9,18,7,13,16,66,0,0,0,0,0,80,80,3,2122,3,5,469,22,15040,5,3,0,31,0,3,0,0,0,4,4,3,56
18,12,14,12,6,18,26,0,0,0,0,0,80,80,4,2001,4,3,470,22,110720,4,1,0,15,0,7,0,1,0,8,2,1,16
14,7,16,10,15,18,13,0,0,0,0,0,80,80,5,10010,5,4,471,22,111822,3,3,0,26,0,4,0,2,0,6,2,3,16
16,13,15,11,7,20,33,0,0,0,0,0,80,80,5,11020,5,3,472,22,113616,5,1,0,20,0,3,0,2,0,7,3,5,36
0,12,0,3,0,0,0,0,0,0,0,0,83,83,0,0,0,0,473,0,980,0,0,0,0,0,0,0,0,0,0,0,0,0
0,8,0,5,0,0,0,0,0,0,0,0,83,83,0,0,0,0,474,0,982,0,0,0,0,0,0,0,2,0,0,0,0,0
0,1,0,9,0,0,0,0,0,0,0,1,83,83,0,0,0,0,475,0,1473,0,0,0,0,0,0,0,0,0,0,0,0,0
0,3,0,4,0,0,0,0,0,0,0,0,83,83,0,0,0,0,476,0,1474,0,0,0,0,0,0,0,0,0,0,0,0,0
0,2,0,1,0,0,0,0,0,0,0,0,83,83,0,0,0,0,477,0,1477,0,0,0,0,0,0,0,0,0,0,0,0,0
0,5,0,11,0,0,0,0,0,0,0,0,83,83,0,0,0,0,478,0,1478,0,0,0,0,0,0,0,2,0,0,0,0,0
0,11,0,2,0,0,0,0,0,0,0,0,83,83,0,0,0,0,479,0,2055,0,0,0,0,0,0,0,2,0,0,0,0,0
0,9,0,12,0,0,0,0,0,0,0,0,83,83,0,0,0,0,480,0,2056,0,0,0,0,0,0,0,1,0,0,0,0,0
0,6,0,6,0,0,0,0,0,0,0,0,83,83,0,0,0,0,481,0,112115,0,0,0,0,0,0,0,1,0,0,0,0,0
0,11,0,8,0,0,0,0,0,0,0,0,83,83,0,0,0,0,482,0,112258,0,0,0,0,0,0,0,2,0,0,0,0,0
0,1,0,7,0,0,0,0,0,0,0,0,83,83,0,0,0,0,483,0,112555,0,0,0,0,0,0,0,0,0,0,0,0,0
0,7,0,10,0,0,0,0,0,0,0,0,83,83,0,0,0,0,484,0,112558,0,0,0,0,0,0,0,2,0,0,0,0,0
0,2,0,2,0,0,0,0,0,0,0,0,111,111,0,0,0,0,485,0,111,0,0,0,0,0,0,0,0,0,0,0,0,0
0,2,0,2,0,0,0,0,0,0,0,0,111,111,0,0,0,0,486,0,112,0,0,0,0,0,0,0,0,0,0,0,0,0
28,7,22,11,18,37,20,0,0,0,0,0,189,189,4,2,4,3,487,33,322,4,3,0,27,0,8,0,0,0,10,4,5,23
26,2,30,8,27,31,66,0,0,0,0,0,189,189,3,20221,5,5,488,33,324,4,4,0,40,0,5,0,1,0,6,6,7,50
33,8,27,10,18,30,20,0,0,0,0,0,189,189,4,200,4,6,489,33,894,5,4,0,34,0,10,0,2,0,9,3,1,30
15,5,25,4,26,30,46,0,0,0,0,0,189,189,8,2210,8,7,490,33,896,8,8,0,53,0,3,0,2,0,7,2,6,46
35,4,38,7,26,26,46,0,0,0,0,0,189,189,3,20201,3,4,491,33,897,5,6,0,40,0,7,0,1,0,6,4,6,53
19,6,32,2,32,21,60,0,0,0,0,0,189,189,10,21121,10,10,492,33,898,10,7,0,60,0,5,0,1,0,2,7,2,60
20,1,36,6,29,40,40,0,0,0,0,1,189,189,3,2111,3,8,493,33,900,3,5,0,48,0,4,0,1,0,7,5,4,50
37,9,19,12,16,49,26,0,0,0,0,0,189,189,4,12000,4,2,494,33,1713,4,2,0,19,0,10,0,2,0,12,3,4,16
20,12,42,1,33,17,60,0,0,0,0,0,189,189,0,22002,0,12,495,33,1715,0,12,0,74,0,3,0,0,0,4,0,2,73
27,11,28,9,19,30,40,0,0,0,0,0,189,189,5,20020,5,5,496,33,1862,3,5,0,39,0,6,0,2,0,8,4,5,33
18,3,30,3,20,20,53,0,0,0,0,0,189,189,10,1122,10,10,497,33,10032,10,6,0,57,0,3,0,0,0,5,6,3,53
12,7,25,5,26,23,73,0,0,0,0,0,189,189,3,12122,3,8,498,33,110770,3,5,0,52,0,3,0,0,0,4,7,6,60
13,1,41,3,30,11,73,0,0,0,1,1,308,308,10,22211,10,11,499,33,234,10,11,0,77,0,0,1,1,1,0,5,6,73
6,2,32,1,33,12,80,0,0,0,0,0,308,308,0,22220,0,13,500,33,236,0,14,0,85,0,0,1,2,0,2,1,3,76
11,4,48,2,38,13,53,0,0,0,0,0,308,308,10,1122,10,12,501,33,237,10,12,0,79,0,2,0,0,1,0,5,2,70
23,19,18,11,17,28,46,0,0,0,0,0,308,308,8,20201,3,7,502,33,717,3,3,0,39,0,5,0,1,0,9,4,5,43
24,18,21,15,15,30,6,0,0,0,0,0,308,308,3,1,5,4,503,33,718,3,2,0,29,0,7,0,1,0,9,5,6,20
29,12,17,13,17,27,33,0,0,0,0,0,308,308,3,21010,3,3,504,33,744,3,5,0,35,0,8,0,2,0,6,5,6,50
17,18,17,12,15,23,53,0,0,0,0,0,308,308,3,1212,3,7,505,33,1438,3,2,0,36,0,8,0,0,0,7,7,2,60
19,6,26,8,13,30,46,0,0,0,0,0,308,308,8,12200,8,8,506,33,1887,8,4,0,42,0,5,0,2,0,10,2,4,36
17,13,28,6,19,18,33,0,0,0,0,0,308,308,8,10210,8,9,507,33,1888,10,4,0,50,0,5,0,2,0,4,8,3,33
23,20,21,14,14,22,40,0,0,0,0,0,308,308,3,2200,3,5,508,33,1891,5,3,0,31,0,9,0,2,0,9,5,2,33
16,3,32,4,30,18,40,0,0,0,0,0,308,308,10,12011,10,8,509,33,1896,8,8,0,58,0,3,0,1,0,4,5,5,53
21,16,20,7,17,28,46,0,0,0,0,0,308,308,8,12020,8,8,510,33,1900,8,4,0,42,0,6,0,2,0,9,4,2,30
23,14,28,9,25,31,13,0,0,0,0,0,308,308,8,11,3,6,511,33,10020,3,4,0,39,0,5,0,1,0,9,4,5,20
29,5,24,10,20,34,46,0,0,0,0,0,308,308,8,2012,3,6,512,33,112513,3,5,0,39,0,6,0,0,0,10,2,4,43
21,21,13,17,13,31,46,0,0,0,0,0,308,308,3,122,4,2,513,33,112516,4,4,0,28,0,8,0,0,0,9,3,7,33
12,8,26,5,15,17,46,0,0,0,0,0,308,308,8,11211,8,8,514,33,112809,8,6,0,53,0,4,0,1,0,4,7,4,60
25,10,17,16,13,31,26,0,0,0,0,0,308,308,3,10002,5,2,515,33,114510,5,4,0,29,0,6,0,0,0,10,3,8,23
27,22,15,18,12,40,60,0,0,0,0,0,308,308,4,11122,4,2,516,33,131463,4,1,0,20,0,9,0,0,0,10,5,6,40
11,4,30,1,23,16,73,0,0,0,0,0,330,330,0,12221,0,11,517,30,308,0,6,0,60,0,1,0,1,0,3,6,3,76
16,5,26,2,21,14,53,0,0,0,0,0,330,330,10,10221,10,8,518,30,310,10,8,0,56,0,3,0,1,0,3,4,4,56
11,16,23,5,19,17,26,0,0,0,0,0,330,330,8,12000,8,8,519,30,100757,10,6,0,52,0,2,0,2,0,4,5,5,46
10,6,18,6,19,18,66,0,0,0,0,0,330,330,8,20221,8,8,520,30,100759,8,7,0,50,0,4,0,1,0,6,2,3,53
17,2,20,7,28,23,60,0,0,0,0,0,330,330,3,20220,3,7,521,30,100761,3,6,0,46,0,5,0,2,0,5,4,3,60
17,15,26,10,13,15,26,0,0,0,0,0,330,330,3,2100,3,7,522,30,110072,8,4,0,41,0,4,0,2,0,7,4,4,36
17,1,26,11,13,20,20,0,0,0,0,1,330,330,3,2000,3,7,523,30,110075,3,3,0,37,0,4,0,2,0,9,3,4,33
17,9,11,12,13,14,53,0,0,0,0,0,330,330,5,12012,5,4,524,30,110078,5,3,0,32,0,7,0,0,0,5,7,4,43
22,13,20,8,19,22,33,0,0,0,0,0,330,330,3,2101,3,6,525,30,110750,3,5,0,43,0,5,0,1,0,4,6,4,46
12,10,23,3,25,15,80,0,0,0,0,0,330,330,10,2222,10,7,526,30,110751,3,9,0,54,0,3,0,0,0,5,1,5,80
12,11,24,9,13,17,20,0,0,0,0,0,330,330,3,20000,3,7,527,30,110752,8,4,0,42,0,3,0,2,0,7,4,5,13
27,12,15,15,14,23,40,0,0,0,0,0,330,330,4,22,4,2,528,30,114147,4,3,0,23,0,9,0,0,0,8,4,4,36
21,3,30,4,19,19,100,0,0,0,0,0,330,330,8,22222,8,9,529,30,114385,3,6,0,53,0,3,0,0,0,4,5,3,100
25,17,12,16,13,41,6,0,0,0,0,0,330,330,4,1,4,2,530,30,114545,4,0,0,12,0,9,0,1,0,13,2,4,3
18,18,20,13,10,40,66,0,0,0,0,0,330,330,5,20212,5,6,531,30,114546,5,2,0,32,0,3,0,0,0,11,2,6,53
21,19,15,14,12,25,26,0,0,0,0,0,330,330,5,20001,5,4,532,30,131459,5,3,0,25,0,10,0,1,0,9,3,1,23
11,3,39,2,42,15,86,0,0,0,1,0,350,350,0,12222,0,12,533,31,605,0,11,0,77,0,0,1,0,1,0,4,4,80
16,1,21,6,28,23,66,0,0,0,0,1,350,350,0,20212,0,10,534,31,607,0,5,0,52,0,5,0,0,0,4,6,1,50
34,4,25,13,16,20,13,0,0,0,0,0,350,350,0,11000,0,5,535,32,111674,0,2,0,32,0,7,0,2,0,7,7,4,33
23,7,25,7,24,28,46,0,0,0,0,0,350,350,0,212,0,7,536,32,112096,0,7,0,49,0,3,0,0,0,8,1,6,36
10,2,41,1,45,16,80,0,0,0,0,0,350,350,0,22202,0,14,537,32,112139,0,13,0,82,0,1,0,0,0,3,1,0,90
13,15,42,3,22,11,66,0,0,0,0,0,350,350,0,10222,0,13,538,32,112387,0,10,0,75,0,0,1,0,0,3,3,3,73
26,6,23,12,16,29,33,0,0,0,0,0,350,350,0,21100,0,6,539,32,112390,0,2,0,33,0,6,0,2,0,9,5,4,30
13,19,38,4,38,20,73,0,0,0,0,0,350,350,0,11222,0,10,540,32,112391,0,11,0,71,0,0,1,0,0,3,2,6,70
23,5,28,5,30,20,40,0,0,0,0,0,350,350,0,2020,0,7,541,32,112393,0,8,0,52,0,5,0,2,0,5,3,4,43
27,14,27,11,25,28,40,0,0,0,0,0,350,350,0,2200,0,6,542,32,112883,0,4,0,37,0,8,0,2,0,7,5,2,33
23,18,16,16,17,39,40,0,0,0,0,0,350,350,0,20002,0,4,543,32,113037,0,2,0,26,0,7,0,0,0,11,3,5,33
19,11,22,10,19,31,33,0,0,0,0,0,350,350,0,10120,0,6,544,32,113057,0,4,0,38,0,4,0,2,0,10,2,6,40
37,17,16,17,8,31,20,0,0,0,0,0,350,350,0,20000,0,3,545,31,113060,0,1,0,16,0,10,0,2,0,13,1,3,20
20,8,15,15,13,31,26,0,0,0,0,0,350,350,0,12000,0,3,546,32,113217,0,2,0,26,0,7,0,2,0,9,5,6,36
30,16,20,9,16,25,53,0,0,0,0,0,350,350,0,22101,0,7,547,32,113222,0,3,0,39,0,7,0,1,0,6,7,2,50
36,20,20,18,11,38,33,0,0,0,0,0,350,350,0,20011,0,2,548,32,115892,0,0,0,13,0,10,0,1,0,13,3,4,16
31,21,17,14,22,27,40,0,0,0,0,0,350,350,0,10211,0,3,549,31,131735,0,6,0,31,0,10,0,1,0,8,2,2,40
23,22,19,8,23,22,53,0,0,0,0,0,350,350,0,20112,0,6,550,32,131798,0,6,0,44,0,7,0,0,0,5,5,3,43
17,3,25,2,21,19,73,0,0,0,0,0,351,351,0,21122,0,7,551,26,111393,0,5,0,43,0,3,0,0,0,4,4,3,66
18,8,14,11,13,18,13,0,0,0,0,0,351,351,0,1100,0,3,552,26,111395,0,3,0,26,0,6,0,2,0,6,4,4,16
17,2,17,9,18,25,33,0,0,0,0,1,351,351,0,10120,0,3,553,26,111396,0,5,0,32,0,3,0,2,0,7,1,7,43
14,11,26,4,18,19,53,0,0,0,0,0,351,351,0,20112,0,6,554,26,111397,0,5,0,40,0,3,0,0,0,5,3,4,56
20,10,30,1,25,19,53,0,0,0,0,0,351,351,0,20112,0,7,555,26,111398,0,8,0,48,0,5,0,0,0,3,2,1,60
16,9,16,10,16,23,60,0,0,0,0,0,351,351,0,11212,0,5,556,26,111399,0,3,0,31,0,6,0,0,0,5,5,2,36
13,5,19,5,14,12,40,0,0,0,0,0,351,351,0,1211,0,5,557,26,111400,0,6,0,39,0,4,0,1,0,5,2,4,46
23,6,19,8,17,25,60,0,0,0,0,0,351,351,0,22020,0,5,558,26,111766,0,4,0,33,0,6,0,2,0,5,4,2,46
13,1,18,6,15,20,80,0,0,0,0,0,351,351,0,22220,0,6,559,26,112224,0,4,0,38,0,5,0,2,0,3,6,2,56
19,4,12,12,15,24,0,0,0,0,0,0,351,351,0,0,0,3,560,26,112427,0,2,0,21,0,6,0,2,0,9,2,4,16
22,12,22,7,15,22,60,0,0,0,0,0,351,351,0,22002,0,5,561,26,114604,0,4,0,34,0,4,0,0,0,6,3,4,33
17,13,20,3,22,12,20,0,0,0,0,0,351,351,0,1101,0,5,562,26,131739,0,6,0,42,0,4,0,1,0,2,5,4,46
0,2,0,7,0,0,0,0,0,0,0,0,353,1003,0,0,0,0,563,0,1013,0,0,0,0,0,0,0,1,0,0,0,0,0
0,2,0,4,0,0,0,0,0,0,0,0,353,1003,0,0,0,0,564,0,1876,0,0,0,0,0,0,0,1,0,0,0,0,0
0,2,0,2,0,0,0,0,0,0,0,1,353,1014,0,0,0,0,565,0,1877,0,0,0,0,0,0,0,0,0,0,0,0,0
0,2,0,15,0,0,0,0,0,0,0,0,353,1003,0,0,0,0,566,0,101083,0,0,0,0,0,0,0,2,0,0,0,0,0
0,2,0,19,0,0,0,0,0,0,0,0,353,1014,0,0,0,0,567,0,101084,0,0,0,0,0,0,0,0,0,0,0,0,0
0,2,0,5,0,0,0,0,0,0,0,0,353,1014,0,0,0,0,568,0,101085,0,0,0,0,0,0,0,0,0,0,0,0,0
0,26,0,16,0,0,0,0,0,0,0,0,353,353,0,0,0,0,569,0,101088,0,0,0,0,0,0,0,1,0,0,0,0,0
0,14,0,11,0,0,0,0,0,0,0,0,353,353,0,0,0,0,570,0,110093,0,0,0,0,0,0,0,0,0,0,0,0,0
0,2,0,8,0,0,0,0,0,0,0,0,353,1014,0,0,0,0,571,0,110395,0,0,0,0,0,0,0,0,0,0,0,0,0
0,2,0,27,0,0,0,0,0,0,0,0,353,1014,0,0,0,0,572,0,110396,0,0,0,0,0,0,0,2,0,0,0,0,0
0,24,0,21,0,0,0,0,0,0,0,0,353,353,0,0,0,0,573,0,110404,0,0,0,0,0,0,0,1,0,0,0,0,0
0,2,0,1,0,0,0,0,0,0,0,0,353,1003,0,0,0,0,574,0,110580,0,0,0,0,0,0,0,2,0,0,0,0,0
0,28,0,26,0,0,0,0,0,0,0,0,353,353,0,0,0,0,575,0,110953,0,0,0,0,0,0,0,1,0,0,0,0,0
0,2,0,3,0,0,0,0,0,0,0,0,353,1014,0,0,0,0,576,0,111019,0,0,0,0,0,0,0,0,0,0,0,0,0
0,29,0,13,0,0,0,0,0,0,0,0,353,353,0,0,0,0,577,0,111020,0,0,0,0,0,0,0,0,0,0,0,0,0
0,2,0,20,0,0,0,0,0,0,0,0,353,1014,0,0,0,0,578,0,111022,0,0,0,0,0,0,0,1,0,0,0,0,0
0,15,0,29,0,0,0,0,0,0,0,0,353,353,0,0,0,0,579,0,111706,0,0,0,0,0,0,0,1,0,0,0,0,0
0,13,0,28,0,0,0,0,0,0,0,0,353,353,0,0,0,0,580,0,111707,0,0,0,0,0,0,0,0,0,0,0,0,0
0,5,0,25,0,0,0,0,0,0,0,0,353,353,0,0,0,0,581,0,111708,0,0,0,0,0,0,0,2,0,0,0,0,0
0,2,0,18,0,0,0,0,0,0,0,0,353,1014,0,0,0,0,582,0,111710,0,0,0,0,0,0,0,2,0,0,0,0,0
0,2,0,12,0,0,0,0,0,0,0,0,353,1014,0,0,0,0,583,0,111711,0,0,0,0,0,0,0,1,0,0,0,0,0
0,30,0,30,0,0,0,0,0,0,0,0,353,353,0,0,0,0,584,0,111713,0,0,0,0,0,0,0,2,0,0,0,0,0
0,2,0,9,0,0,0,0,0,0,0,0,353,1014,0,0,0,0,585,0,111715,0,0,0,0,0,0,0,2,0,0,0,0,0
0,22,0,17,0,0,0,0,0,0,0,0,353,353,0,0,0,0,586,0,111716,0,0,0,0,0,0,0,1,0,0,0,0,0
0,2,0,24,0,0,0,0,0,0,0,0,353,1003,0,0,0,0,587,0,112670,0,0,0,0,0,0,0,1,0,0,0,0,0
0,19,0,22,0,0,0,0,0,0,0,0,353,353,0,0,0,0,588,0,112689,0,0,0,0,0,0,0,2,0,0,0,0,0
0,21,0,23,0,0,0,0,0,0,0,0,353,353,0,0,0,0,589,0,112713,0,0,0,0,0,0,0,1,0,0,0,0,0
0,16,0,14,0,0,0,0,0,0,0,0,353,353,0,0,0,0,590,0,112965,0,0,0,0,0,0,0,1,0,0,0,0,0
0,17,0,10,0,0,0,0,0,0,0,0,353,353,0,0,0,0,591,0,113044,0,0,0,0,0,0,0,1,0,0,0,0,0
0,31,0,6,0,0,0,0,0,0,0,0,353,353,0,0,0,0,592,0,115472,0,0,0,0,0,0,0,1,0,0,0,0,0
0,2,0,2,0,0,0,0,0,0,0,0,382,382,0,0,0,0,593,0,111592,0,0,0,0,0,0,0,0,0,0,0,0,0
0,2,0,2,0,0,0,0,0,0,0,0,382,382,0,0,0,0,594,0,131368,0,0,0,0,0,0,0,0,0,0,0,0,0
0,2,0,2,0,0,0,0,0,0,0,0,382,382,0,0,0,0,595,0,131680,0,0,0,0,0,0,0,0,0,0,0,0,0
0,2,0,2,0,0,0,0,0,0,0,0,383,383,0,0,0,0,596,0,112428,0,0,0,0,0,0,0,0,0,0,0,0,0
0,2,0,2,0,0,0,0,0,0,0,0,383,383,0,0,0,0,597,0,115486,0,0,0,0,0,0,0,0,0,0,0,0,0
0,2,0,2,0,0,0,0,0,0,0,0,1003,1003,0,0,0,0,598,0,383,0,0,0,0,0,0,0,0,0,0,0,0,0
0,2,0,2,0,0,0,0,0,0,0,0,1003,1003,0,0,0,0,599,0,567,0,0,0,0,0,0,0,0,0,0,0,0,0
0,2,0,2,0,0,0,0,0,0,0,0,1003,1003,0,0,0,0,600,0,568,0,0,0,0,0,0,0,0,0,0,0,0,0
0,2,0,2,0,0,0,0,0,0,0,0,1003,1003,0,0,0,0,601,0,1041,0,0,0,0,0,0,0,0,0,0,0,0,0
0,2,0,2,0,0,0,0,0,0,0,0,1003,1003,0,0,0,0,602,0,1043,0,0,0,0,0,0,0,0,0,0,0,0,0
0,2,0,2,0,0,0,0,0,0,0,0,1003,1003,0,0,0,0,603,0,101101,0,0,0,0,0,0,0,0,0,0,0,0,0
0,2,0,2,0,0,0,0,0,0,0,0,1003,1003,0,0,0,0,604,0,101103,0,0,0,0,0,0,0,0,0,0,0,0,0
0,2,0,2,0,0,0,0,0,0,0,0,1003,1003,0,0,0,0,605,0,101104,0,0,0,0,0,0,0,0,0,0,0,0,0
0,2,0,2,0,0,0,0,0,0,0,0,1003,1003,0,0,0,0,606,0,101110,0,0,0,0,0,0,0,0,0,0,0,0,0
0,2,0,2,0,0,0,0,0,0,0,0,1003,1003,0,0,0,0,607,0,110968,0,0,0,0,0,0,0,0,0,0,0,0,0
0,2,0,2,0,0,0,0,0,0,0,0,1003,1003,0,0,0,0,608,0,110975,0,0,0,0,0,0,0,0,0,0,0,0,0
0,2,0,2,0,0,0,0,0,0,0,0,1003,1003,0,0,0,0,609,0,110981,0,0,0,0,0,0,0,0,0,0,0,0,0
0,2,0,2,0,0,0,0,0,0,0,0,1003,1003,0,0,0,0,610,0,110986,0,0,0,0,0,0,0,0,0,0,0,0,0
0,2,0,2,0,0,0,0,0,0,0,0,1003,1003,0,0,0,0,611,0,111008,0,0,0,0,0,0,0,0,0,0,0,0,0
0,2,0,2,0,0,0,0,0,0,0,0,1003,1003,0,0,0,0,612,0,111013,0,0,0,0,0,0,0,0,0,0,0,0,0
0,2,0,2,0,0,0,0,0,0,0,0,1003,1003,0,0,0,0,613,0,111014,0,0,0,0,0,0,0,0,0,0,0,0,0
0,2,0,2,0,0,0,0,0,0,0,0,1003,1003,0,0,0,0,614,0,111325,0,0,0,0,0,0,0,0,0,0,0,0,0
0,2,0,2,0,0,0,0,0,0,0,0,1003,1003,0,0,0,0,615,0,111722,0,0,0,0,0,0,0,0,0,0,0,0,0
0,2,0,2,0,0,0,0,0,0,0,0,1003,1003,0,0,0,0,616,0,111975,0,0,0,0,0,0,0,0,0,0,0,0,0
0,2,0,2,0,0,0,0,0,0,0,0,1003,1003,0,0,0,0,617,0,112659,0,0,0,0,0,0,0,0,0,0,0,0,0
0,2,0,2,0,0,0,0,0,0,0,0,1003,1003,0,0,0,0,618,0,112705,0,0,0,0,0,0,0,0,0,0,0,0,0
0,2,0,2,0,0,0,0,0,0,0,0,1003,1003,0,0,0,0,619,0,112716,0,0,0,0,0,0,0,0,0,0,0,0,0
0,2,0,2,0,0,0,0,0,0,0,0,1003,1003,0,0,0,0,620,0,112853,0,0,0,0,0,0,0,0,0,0,0,0,0
0,2,0,2,0,0,0,0,0,0,0,0,1003,1003,0,0,0,0,621,0,112908,0,0,0,0,0,0,0,0,0,0,0,0,0
0,2,0,2,0,0,0,0,0,0,0,0,1003,1003,0,0,0,0,622,0,114577,0,0,0,0,0,0,0,0,0,0,0,0,0
0,2,0,2,0,0,0,0,0,0,0,0,1003,1003,0,0,0,0,623,0,115693,0,0,0,0,0,0,0,0,0,0,0,0,0
0,2,0,2,0,0,0,0,0,0,0,0,1014,1014,0,0,0,0,624,0,517,0,0,0,0,0,0,0,0,0,0,0,0,0
0,2,0,2,0,0,0,0,0,0,0,0,1014,1014,0,0,0,0,625,0,569,0,0,0,0,0,0,0,0,0,0,0,0,0
0,2,0,2,0,0,0,0,0,0,0,0,1014,1014,0,0,0,0,626,0,598,0,0,0,0,0,0,0,0,0,0,0,0,0
0,2,0,2,0,0,0,0,0,0,0,1,1014,1014,0,0,0,0,627,0,1035,0,0,0,0,0,0,0,0,0,0,0,0,0
0,2,0,2,0,0,0,0,0,0,0,0,1014,1014,0,0,0,0,628,0,1053,0,0,0,0,0,0,0,0,0,0,0,0,0
0,2,0,2,0,0,0,0,0,0,0,0,1014,1014,0,0,0,0,629,0,1629,0,0,0,0,0,0,0,0,0,0,0,0,0
0,2,0,2,0,0,0,0,0,0,0,0,1014,1014,0,0,0,0,630,0,101097,0,0,0,0,0,0,0,0,0,0,0,0,0
0,2,0,2,0,0,0,0,0,0,0,0,1014,1014,0,0,0,0,631,0,101099,0,0,0,0,0,0,0,0,0,0,0,0,0
0,2,0,2,0,0,0,0,0,0,0,0,1014,1014,0,0,0,0,632,0,101105,0,0,0,0,0,0,0,0,0,0,0,0,0
0,2,0,2,0,0,0,0,0,0,0,0,1014,1014,0,0,0,0,633,0,101108,0,0,0,0,0,0,0,0,0,0,0,0,0
0,2,0,2,0,0,0,0,0,0,0,0,1014,1014,0,0,0,0,634,0,110967,0,0,0,0,0,0,0,0,0,0,0,0,0
0,2,0,2,0,0,0,0,0,0,0,0,1014,1014,0,0,0,0,635,0,110982,0,0,0,0,0,0,0,0,0,0,0,0,0
0,2,0,2,0,0,0,0,0,0,0,0,1014,1014,0,0,0,0,636,0,110989,0,0,0,0,0,0,0,0,0,0,0,0,0
0,2,0,2,0,0,0,0,0,0,0,0,1014,1014,0,0,0,0,637,0,110991,0,0,0,0,0,0,0,0,0,0,0,0,0
0,2,0,2,0,0,0,0,0,0,0,0,1014,1014,0,0,0,0,638,0,111011,0,0,0,0,0,0,0,0,0,0,0,0,0
0,2,0,2,0,0,0,0,0,0,0,0,1014,1014,0,0,0,0,639,0,111012,0,0,0,0,0,0,0,0,0,0,0,0,0
0,2,0,2,0,0,0,0,0,0,0,0,1014,1014,0,0,0,0,640,0,111328,0,0,0,0,0,0,0,0,0,0,0,0,0
0,2,0,2,0,0,0,0,0,0,0,0,1014,1014,0,0,0,0,641,0,112112,0,0,0,0,0,0,0,0,0,0,0,0,0
0,2,0,2,0,0,0,0,0,0,0,0,1014,1014,0,0,0,0,642,0,112116,0,0,0,0,0,0,0,0,0,0,0,0,0
0,2,0,2,0,0,0,0,0,0,0,0,1014,1014,0,0,0,0,643,0,112472,0,0,0,0,0,0,0,0,0,0,0,0,0
0,2,0,2,0,0,0,0,0,0,0,0,1014,1014,0,0,0,0,644,0,112868,0,0,0,0,0,0,0,0,0,0,0,0,0
0,2,0,2,0,0,0,0,0,0,0,0,1014,1014,0,0,0,0,645,0,113143,0,0,0,0,0,0,0,0,0,0,0,0,0
0,2,0,2,0,0,0,0,0,0,0,0,1014,1014,0,0,0,0,646,0,114578,0,0,0,0,0,0,0,0,0,0,0,0,0
0,2,0,2,0,0,0,0,0,0,0,0,1014,1014,0,0,0,0,647,0,114611,0,0,0,0,0,0,0,0,0,0,0,0,0
0,2,0,2,0,0,0,0,0,0,0,0,1014,1014,0,0,0,0,648,0,115517,0,0,0,0,0,0,0,0,0,0,0,0,0
0,2,0,2,0,0,0,0,0,0,0,0,1014,1014,0,0,0,0,649,0,131826,0,0,0,0,0,0,0,0,0,0,0,0,0
0,10,0,2,0,0,0,0,0,0,0,0,2012,2012,0,0,0,0,650,0,110955,0,0,0,0,0,0,0,0,0,0,0,0,0
0,2,0,5,0,0,0,0,0,0,0,0,2012,2012,0,0,0,0,651,0,111724,0,0,0,0,0,0,0,0,0,0,0,0,0
0,7,0,4,0,0,0,0,0,0,0,0,2012,2012,0,0,0,0,652,0,111768,0,0,0,0,0,0,0,0,0,0,0,0,0
0,13,0,16,0,0,0,0,0,0,0,0,2012,2012,0,0,0,0,653,0,111769,0,0,0,0,0,0,0,2,0,0,0,0,0
0,8,0,6,0,0,0,0,0,0,0,0,2012,2012,0,0,0,0,654,0,111774,0,0,0,0,0,0,0,2,0,0,0,0,0
0,6,0,10,0,0,0,0,0,0,0,0,2012,2012,0,0,0,0,655,0,111779,0,0,0,0,0,0,0,1,0,0,0,0,0
0,3,0,7,0,0,0,0,0,0,0,0,2012,2012,0,0,0,0,656,0,112163,0,0,0,0,0,0,0,1,0,0,0,0,0
0,4,0,1,0,0,0,0,0,0,0,0,2012,2012,0,0,0,0,657,0,112540,0,0,0,0,0,0,0,0,0,0,0,0,0
0,9,0,15,0,0,0,0,0,0,0,0,2012,2012,0,0,0,0,658,0,114628,0,0,0,0,0,0,0,2,0,0,0,0,0
0,5,0,3,0,0,0,0,0,0,0,0,2012,2012,0,0,0,0,659,0,116360,0,0,0,0,0,0,0,1,0,0,0,0,0
0,1,0,14,0,0,0,0,0,0,0,1,2012,2012,0,0,0,0,660,0,116361,0,0,0,0,0,0,0,2,0,0,0,0,0
0,15,0,13,0,0,0,0,0,0,0,0,2012,2012,0,0,0,0,661,0,131173,0,0,0,0,0,0,0,1,0,0,0,0,0
0,15,0,12,0,0,0,0,0,0,0,0,2012,2012,0,0,0,0,662,0,131487,0,0,0,0,0,0,0,1,0,0,0,0,0
0,15,0,9,0,0,0,0,0,0,0,0,2012,2012,0,0,0,0,663,0,131488,0,0,0,0,0,0,0,0,0,0,0,0,0
0,16,0,8,0,0,0,0,0,0,0,0,2012,2012,0,0,0,0,664,0,131531,0,0,0,0,0,0,0,1,0,0,0,0,0
0,17,0,11,0,0,0,0,0,0,0,0,2012,2012,0,0,0,0,665,0,132305,0,0,0,0,0,0,0,2,0,0,0,0,0
0,2,0,2,0,0,0,0,0,0,0,0,2028,2028,0,0,0,0,666,0,112264,0,0,0,0,0,0,0,0,0,0,0,0,0
32,13,41,5,29,14,53,0,0,0,0,0,2076,20,7,21012,8,9,667,37,27,8,8,0,64,0,5,0,0,0,2,8,5,60
26,8,34,8,20,24,40,0,0,0,0,0,2076,2076,3,11210,3,9,668,37,33,3,6,0,56,0,3,0,2,0,8,4,7,36
25,18,43,2,28,26,60,0,0,0,0,0,2076,20,6,2202,6,11,669,37,162,6,9,0,69,0,1,0,0,0,7,2,7,56
12,3,29,1,33,19,86,0,0,0,0,0,2076,2076,6,22221,6,11,670,37,487,8,12,0,77,0,3,0,1,0,3,3,5,83
26,4,37,10,15,26,13,0,0,0,0,0,2076,2076,3,1100,3,10,671,37,492,3,4,0,50,0,6,0,2,0,9,6,2,20
32,14,25,19,22,36,46,0,0,0,0,0,2076,2076,4,11121,4,4,672,37,506,5,2,0,31,0,7,0,1,0,11,5,8,23
18,5,28,15,20,35,46,0,0,0,0,0,2076,2076,3,1220,5,8,673,37,523,5,2,0,44,0,3,0,2,0,10,7,7,40
22,15,39,4,36,42,40,0,0,0,0,0,2076,2076,6,20002,8,12,674,37,526,8,7,0,67,0,3,0,0,0,5,6,4,70
26,17,29,12,25,31,46,0,0,0,0,0,2076,20,3,10220,3,9,675,37,543,3,5,0,49,0,6,0,2,0,10,4,3,46
33,19,22,20,14,50,26,0,0,0,0,0,2076,2076,4,11110,4,4,676,37,583,4,1,0,21,0,10,0,2,0,16,2,4,33
18,12,39,3,26,30,66,0,0,0,0,0,2076,2076,6,22021,7,14,677,37,1825,7,5,0,67,0,0,1,1,0,8,6,4,63
29,20,29,7,41,27,86,0,0,0,0,0,2076,20,8,22212,3,8,678,37,1826,4,10,0,61,0,8,0,0,0,4,5,2,86
34,17,22,18,25,41,26,0,0,0,0,0,2076,2076,4,2001,4,6,679,37,110176,4,3,0,33,0,11,0,1,0,11,5,1,30
18,10,47,6,32,30,46,0,0,0,0,0,2076,2076,8,12020,8,11,680,37,110501,6,6,0,61,0,3,0,2,0,7,6,4,53
30,7,33,9,25,37,33,0,0,0,0,0,2076,2076,3,1102,3,10,681,37,110532,3,5,0,52,0,5,0,0,0,10,3,4,43
27,9,25,11,25,25,40,0,0,0,0,0,2076,2076,3,20020,3,8,682,37,110645,3,7,0,50,0,8,0,2,0,9,2,3,40
39,21,31,17,25,44,60,0,0,0,0,0,2076,2076,4,20202,4,7,683,37,110678,4,2,0,35,0,8,0,0,0,12,4,4,50
33,22,31,16,34,36,26,0,0,0,0,0,2076,2076,3,10002,5,6,684,37,110685,3,6,0,43,0,8,0,0,0,10,2,5,26
24,23,31,14,23,41,26,0,0,0,0,0,2076,2076,3,1020,3,9,685,37,110697,3,4,0,46,0,5,0,2,0,12,3,4,36
28,11,26,13,34,27,40,0,0,0,0,0,2076,2076,3,202,3,5,686,37,111239,3,7,0,46,0,8,0,0,0,7,5,5,30
0,2,0,2,0,0,0,0,0,0,0,0,2092,2092,0,0,0,0,687,0,114019,0,0,0,0,0,0,0,0,0,0,0,0,0
0,2,0,7,0,0,0,0,0,0,0,0,2136,2136,0,0,0,0,688,0,113000,0,0,0,1986,0,0,0,0,0,0,0,0,0
0,2,0,4,0,0,0,0,0,0,0,0,2136,2136,0,0,0,0,689,0,113002,0,0,0,2008,0,0,0,0,0,0,0,0,0
0,2,0,11,0,0,0,0,0,0,0,0,2136,2136,0,0,0,0,690,0,113003,0,0,0,1921,0,0,0,0,0,0,0,0,0
0,2,0,3,0,0,0,0,0,0,0,0,2136,2136,0,0,0,0,691,0,113004,0,0,0,2014,0,0,0,0,0,0,0,0,0
0,2,0,15,0,0,0,0,0,0,0,0,2136,2136,0,0,0,0,692,0,113007,0,0,0,1850,0,0,0,0,0,0,0,0,0
0,2,0,6,0,0,0,0,0,0,0,0,2136,2136,0,0,0,0,693,0,113008,0,0,0,1992,0,0,0,0,0,0,0,0,0
0,2,0,1,0,0,0,0,0,0,0,0,2136,2136,0,0,0,0,694,0,113009,0,0,0,2069,0,0,0,0,0,0,0,0,0
0,2,0,29,0,0,0,0,0,0,0,0,2136,2136,0,0,0,0,695,0,113010,0,0,0,1683,0,0,0,0,0,0,0,0,0
0,2,0,10,0,0,0,0,0,0,0,0,2136,2136,0,0,0,0,696,0,113011,0,0,0,1931,0,0,0,0,0,0,0,0,0
0,2,0,2,0,0,0,0,0,0,0,0,2136,2136,0,0,0,0,697,0,113012,0,0,0,2020,0,0,0,0,0,0,0,0,0
0,2,0,24,0,0,0,0,0,0,0,0,2136,2136,0,0,0,0,698,0,113984,0,0,0,1731,0,0,0,0,0,0,0,0,0
0,2,0,33,0,0,0,0,0,0,0,0,2136,2136,0,0,0,0,699,0,113996,0,0,0,1659,0,0,0,0,0,0,0,0,0
0,2,0,12,0,0,0,0,0,0,0,0,2136,2136,0,0,0,0,700,0,115362,0,0,0,1888,0,0,0,0,0,0,0,0,0
0,2,0,22,0,0,0,0,0,0,0,0,2136,2136,0,0,0,0,701,0,115682,0,0,0,1773,0,0,0,0,0,0,0,0,0
0,2,0,13,0,0,0,0,0,0,0,0,2136,2136,0,0,0,0,702,0,116428,0,0,0,1867,0,0,0,0,0,0,0,0,0
0,2,0,25,0,0,0,0,0,0,0,0,2136,2136,0,0,0,0,703,0,131124,0,0,0,1723,0,0,0,0,0,0,0,0,0
0,2,0,27,0,0,0,0,0,0,0,0,2136,2136,0,0,0,0,704,0,131877,0,0,0,1705,0,0,0,0,0,0,0,0,0
0,9,0,9,0,0,0,0,0,0,0,0,2149,2149,0,0,0,0,711,0,111629,0,0,0,0,0,0,0,2,0,0,0,0,0
0,13,0,13,0,0,0,0,0,0,0,0,2149,2149,0,0,0,0,712,0,111633,0,0,0,0,0,0,0,1,0,0,0,0,0
0,7,0,4,0,0,0,0,0,0,0,0,2149,2149,0,0,0,0,713,0,113040,0,0,0,0,0,0,0,0,0,0,0,0,0
0,1,0,1,0,0,0,0,0,0,0,1,2149,2149,0,0,0,0,714,0,113146,0,0,0,0,0,0,0,0,0,0,0,0,0
0,4,0,7,0,0,0,0,0,0,0,0,2149,2149,0,0,0,0,715,0,113257,0,0,0,0,0,0,0,0,0,0,0,0,0
0,6,0,11,0,0,0,0,0,0,0,0,2149,2149,0,0,0,0,716,0,113297,0,0,0,0,0,0,0,0,0,0,0,0,0
0,3,0,2,0,0,0,0,0,0,0,0,2149,2149,0,0,0,0,717,0,113298,0,0,0,0,0,0,0,2,0,0,0,0,0
0,5,0,8,0,0,0,0,0,0,0,0,2149,2149,0,0,0,0,718,0,113299,0,0,0,0,0,0,0,1,0,0,0,0,0
0,2,0,6,0,0,0,0,0,0,0,0,2149,2149,0,0,0,0,719,0,113300,0,0,0,0,0,0,0,0,0,0,0,0,0
0,12,0,13,0,0,0,0,0,0,0,0,2149,2149,0,0,0,0,720,0,113301,0,0,0,0,0,0,0,1,0,0,0,0,0
0,10,0,3,0,0,0,0,0,0,0,0,2149,2149,0,0,0,0,721,0,113302,0,0,0,0,0,0,0,2,0,0,0,0,0
0,11,0,5,0,0,0,0,0,0,0,0,2149,2149,0,0,0,0,722,0,114168,0,0,0,0,0,0,0,2,0,0,0,0,0
0,8,0,10,0,0,0,0,0,0,0,0,2149,2149,0,0,0,0,723,0,115202,0,0,0,0,0,0,0,1,0,0,0,0,0
0,14,0,2,0,0,0,0,0,0,0,0,2149,2149,0,0,0,0,724,0,132681,0,0,0,0,0,0,0,0,0,0,0,0,0
4,1,41,1,48,5,86,0,0,0,1,1,2215,2215,0,22212,0,11,725,25,115995,0,12,0,71,0,0,1,0,1,0,0,2,93
18,5,22,4,23,15,100,0,0,0,0,0,2215,2215,3,22222,8,8,726,25,115996,8,7,0,46,0,4,0,0,0,5,1,0,70
13,3,32,3,29,28,80,0,0,0,0,0,2215,2215,3,22220,10,10,727,25,115997,3,5,0,48,0,1,0,2,0,6,2,1,80
20,2,29,2,40,17,53,0,0,0,0,0,2215,2215,10,11022,10,8,728,25,115998,10,9,0,55,0,2,0,0,0,2,2,2,60
17,4,25,5,23,13,66,0,0,0,0,0,2215,2215,3,2212,8,6,729,25,115999,8,8,0,45,0,4,0,0,0,4,1,2,63
36,7,14,13,7,26,0,0,0,0,0,0,2215,2215,0,0,0,2,730,25,116001,0,1,0,15,0,8,0,2,0,8,4,2,0
21,6,27,8,16,24,20,0,0,0,0,0,2215,2215,5,20,3,7,731,25,116002,3,3,0,33,0,4,0,2,0,8,1,2,33
14,9,16,7,17,23,60,0,0,0,0,0,2215,2215,5,20022,3,6,732,25,116003,3,4,0,34,0,5,0,0,0,6,2,2,33
10,8,26,6,13,25,33,0,0,0,0,0,2215,2215,3,11002,3,8,733,25,116004,10,3,0,40,0,1,0,0,0,6,3,4,43
34,2,11,14,11,35,0,0,0,0,0,0,2215,2215,0,0,0,0,734,25,116005,0,2,0,11,0,9,0,2,0,9,2,3,0
21,11,18,10,21,27,33,0,0,0,0,0,2215,2215,4,21100,5,4,735,25,116021,4,3,0,27,0,6,0,2,0,6,3,3,46
32,12,21,11,11,26,0,0,0,0,0,0,2215,2215,0,0,0,4,736,25,131386,5,2,0,22,0,8,0,0,0,7,3,1,0
29,3,12,12,14,27,0,0,0,0,0,0,2215,2215,0,0,0,1,737,25,132533,4,3,0,18,0,8,0,2,0,7,3,3,0
22,1,22,9,18,25,46,0,0,0,0,0,2215,2215,4,21020,5,4,738,25,132589,5,4,0,30,0,6,0,2,0,5,3,3,50
6,3,27,3,22,7,86,0,0,0,0,0,2216,2216,0,22212,0,7,739,20,116009,0,6,0,45,0,0,1,0,0,1,3,3,86
8,1,19,2,24,12,86,0,0,0,0,1,2216,2216,0,21222,0,8,740,21,116010,0,6,0,46,0,2,0,0,0,1,4,0,73
12,9,11,5,22,25,26,0,0,0,0,0,2216,2216,0,12,0,6,741,21,116011,0,4,0,33,0,3,0,0,0,5,1,2,43
13,2,18,4,20,8,40,0,0,0,0,0,2216,2216,0,12011,0,5,742,21,116012,0,6,0,40,0,2,0,1,0,1,3,4,63
13,11,16,6,10,13,60,0,0,0,0,0,2216,2216,0,12211,0,4,743,21,116013,0,3,0,26,0,3,0,1,0,6,2,3,40
20,8,12,10,7,21,53,0,0,0,0,0,2216,2216,0,10122,0,2,744,21,116014,0,3,0,19,0,4,0,0,0,8,0,4,46
26,5,14,9,13,20,26,0,0,0,0,0,2216,2216,0,12000,0,2,745,21,116015,0,3,0,20,0,6,0,2,0,5,2,3,23
22,6,10,8,14,14,40,0,0,0,0,0,2216,2216,0,22000,0,2,746,20,116016,0,4,0,20,0,8,0,2,0,4,2,0,40
8,4,38,1,20,10,66,0,0,0,0,0,2216,2216,0,12202,0,11,747,21,116017,0,6,0,52,0,0,1,0,0,3,1,0,73
20,10,8,12,3,31,0,0,0,0,0,0,2216,2216,0,0,0,2,748,21,116020,0,0,0,9,0,8,0,2,0,8,2,1,0
12,7,12,11,8,19,46,0,0,0,0,0,2216,2216,0,21200,0,3,749,21,116343,0,1,0,17,0,4,0,2,0,8,2,3,46
15,12,14,7,12,19,33,0,0,0,0,0,2216,2216,0,1120,0,4,750,21,132176,0,3,0,24,0,5,0,2,0,6,2,1,30
4,1,39,1,37,7,73,0,0,0,1,1,2218,2218,0,21212,0,11,751,22,116033,0,8,0,60,0,0,1,0,1,0,3,0,80
12,2,17,3,31,14,100,0,0,0,0,0,2218,2218,10,22222,10,6,752,22,116034,8,9,0,47,0,3,0,0,0,2,0,2,90
10,3,27,2,19,6,100,0,0,0,0,0,2218,2218,10,22222,10,8,753,22,116035,10,7,0,48,0,2,0,0,0,2,2,1,83
10,4,11,5,16,11,26,0,0,0,0,0,2218,2218,8,201,8,4,754,22,116036,8,5,0,33,0,4,0,1,0,3,3,3,40
21,5,13,10,15,24,40,0,0,0,0,0,2218,2218,5,2020,5,3,755,22,116037,4,1,0,15,0,7,0,2,0,8,2,1,26
19,10,11,6,10,9,60,0,0,0,0,0,2218,2218,8,22002,3,3,756,22,116039,3,6,0,33,0,4,0,0,0,3,2,4,60
22,11,9,12,2,16,26,0,0,0,0,0,2218,2218,4,2001,4,2,757,22,116044,5,1,0,13,0,7,0,1,0,8,2,2,16
27,8,11,8,14,18,33,0,0,0,0,0,2218,2218,3,10021,3,1,758,22,116416,3,4,0,21,0,5,0,1,0,6,1,5,30
13,12,19,4,23,21,53,0,0,0,0,0,2218,2218,8,20211,8,5,759,22,116417,10,7,0,41,0,3,0,1,0,2,2,3,56
21,13,15,7,11,17,6,0,0,0,0,0,2218,2218,3,1000,3,3,760,22,131724,3,4,0,26,0,5,0,2,0,5,2,3,23
24,14,7,9,19,20,26,0,0,0,0,0,2218,2218,5,10020,5,1,761,22,132370,5,4,0,19,0,9,0,2,0,4,3,1,26
24,15,10,11,10,26,20,0,0,0,0,0,2218,2218,5,200,4,3,762,22,132588,4,1,0,15,0,8,0,2,0,7,3,0,23
0,1,0,5,0,0,0,0,0,0,0,1,2221,2221,0,0,0,0,763,0,116300,0,0,0,0,0,0,0,1,0,0,0,0,0
0,2,0,3,0,0,0,0,0,0,0,0,2221,2221,0,0,0,0,764,0,116302,0,0,0,0,0,0,0,0,0,0,0,0,0
0,7,0,9,0,0,0,0,0,0,0,0,2221,2221,0,0,0,0,765,0,116303,0,0,0,0,0,0,0,0,0,0,0,0,0
0,11,0,2,0,0,0,0,0,0,0,0,2221,2221,0,0,0,0,766,0,116304,0,0,0,0,0,0,0,2,0,0,0,0,0
0,6,0,14,0,0,0,0,0,0,0,0,2221,2221,0,0,0,0,767,0,116305,0,0,0,0,0,0,0,0,0,0,0,0,0
0,4,0,10,0,0,0,0,0,0,0,0,2221,2221,0,0,0,0,768,0,116306,0,0,0,0,0,0,0,2,0,0,0,0,0
0,10,0,4,0,0,0,0,0,0,0,0,2221,2221,0,0,0,0,769,0,116307,0,0,0,0,0,0,0,1,0,0,0,0,0
0,9,0,7,0,0,0,0,0,0,0,0,2221,2221,0,0,0,0,770,0,116308,0,0,0,0,0,0,0,0,0,0,0,0,0
0,5,0,1,0,0,0,0,0,0,0,0,2221,2221,0,0,0,0,771,0,116309,0,0,0,0,0,0,0,0,0,0,0,0,0
0,12,0,8,0,0,0,0,0,0,0,0,2221,2221,0,0,0,0,772,0,116310,0,0,0,0,0,0,0,2,0,0,0,0,0
0,8,0,11,0,0,0,0,0,0,0,0,2221,2221,0,0,0,0,773,0,116311,0,0,0,0,0,0,0,2,0,0,0,0,0
0,3,0,6,0,0,0,0,0,0,0,0,2221,2221,0,0,0,0,774,0,116312,0,0,0,0,0,0,0,2,0,0,0,0,0
0,13,0,13,0,0,0,0,0,0,0,0,2221,2221,0,0,0,0,775,0,131477,0,0,0,0,0,0,0,2,0,0,0,0,0
0,14,0,12,0,0,0,0,0,0,0,0,2221,2221,0,0,0,0,776,0,131478,0,0,0,0,0,0,0,0,0,0,0,0,0
3,1,73,1,51,5,100,0,0,0,0,1,2222,2222,0,22222,0,14,777,28,116325,0,13,0,81,0,0,1,0,0,1,0,0,100
6,2,31,2,28,12,66,0,0,0,0,0,2222,2222,10,2122,10,11,778,28,116326,10,10,0,66,0,2,0,0,0,2,2,1,83
17,5,32,4,29,18,80,0,0,0,0,0,2222,2222,8,22220,8,7,779,28,116327,8,7,0,50,0,2,0,2,0,4,3,5,73
22,9,14,8,15,21,40,0,0,0,0,0,2222,2222,3,2020,3,4,780,28,116328,3,6,0,38,0,6,0,2,0,4,4,4,40
20,15,9,13,7,26,46,0,0,0,0,0,2222,2222,3,1202,5,3,781,28,116331,5,4,0,24,0,8,0,0,0,10,0,3,23
11,7,24,5,21,9,53,0,0,0,0,0,2222,2222,8,21210,8,6,782,28,116332,8,7,0,50,0,2,0,2,0,2,5,6,66
25,4,8,16,8,34,0,0,0,0,0,0,2222,2222,4,0,4,1,783,28,116333,4,1,0,8,0,12,0,2,0,12,1,1,0
18,6,16,9,21,34,20,0,0,0,0,0,2222,2222,3,2,3,5,784,28,116334,3,5,0,34,0,6,0,0,0,8,1,3,26
10,3,27,3,31,15,86,0,0,0,0,0,2222,2222,10,12222,10,10,785,28,116336,10,9,0,63,0,2,0,0,0,1,4,2,83
27,8,19,7,14,19,0,0,0,0,0,0,2222,2222,8,0,3,7,786,28,116337,8,5,0,39,0,7,0,2,0,6,3,0,40
30,17,10,15,10,42,26,0,0,0,0,0,2222,2222,4,120,4,2,787,28,131123,4,1,0,13,0,10,0,2,0,11,2,2,13
23,10,12,10,15,19,26,0,0,0,0,0,2222,2222,3,20001,3,4,788,28,131125,3,5,0,33,0,6,0,1,0,4,5,4,33
22,16,14,6,19,14,66,0,0,0,0,0,2222,2222,8,22210,8,6,789,28,131391,3,7,0,45,0,6,0,2,0,3,4,2,73
21,18,16,11,16,29,46,0,0,0,0,0,2222,2222,3,20102,3,4,790,28,131720,3,4,0,30,0,5,0,0,0,9,1,5,43
24,19,15,12,11,18,26,0,0,0,0,0,2222,2222,3,20001,3,3,791,28,131733,3,4,0,29,0,6,0,1,0,7,3,5,30
31,20,14,14,14,19,73,0,0,0,0,0,2222,2222,5,12122,5,2,792,28,132629,5,2,0,21,0,10,0,0,0,5,7,2,40
0,2,0,2,0,0,0,0,0,0,0,0,2226,2226,0,0,0,0,793,0,116280,0,0,0,0,0,0,0,0,0,0,0,0,0
0,3,0,1,0,0,0,0,0,0,0,0,2226,2226,0,0,0,0,794,0,116282,0,0,0,0,0,0,0,0,0,0,0,0,0
0,1,0,2,0,0,0,0,0,0,0,0,2226,2226,0,0,0,0,795,0,131358,0,0,0,0,0,0,0,0,0,0,0,0,0
0,1,0,2,0,0,0,0,0,0,0,0,2226,2226,0,0,0,0,796,0,131359,0,0,0,0,0,0,0,0,0,0,0,0,0
0,1,0,2,0,0,0,0,0,0,0,0,2226,2226,0,0,0,0,797,0,131360,0,0,0,0,0,0,0,0,0,0,0,0,0
0,1,0,2,0,0,0,0,0,0,0,0,2226,2226,0,0,0,0,798,0,131361,0,0,0,0,0,0,0,0,0,0,0,0,0
0,1,0,2,0,0,0,0,0,0,0,0,2226,2226,0,0,0,0,799,0,131362,0,0,0,0,0,0,0,0,0,0,0,0,0
0,1,0,2,0,0,0,0,0,0,0,0,2226,2226,0,0,0,0,800,0,131363,0,0,0,0,0,0,0,0,0,0,0,0,0
0,2,0,2,0,0,0,0,0,0,0,0,2240,2240,0,0,0,0,819,0,114046,0,0,0,0,0,0,0,0,0,0,0,0,0
0,2,0,2,0,0,0,0,0,0,0,0,2240,2240,0,0,0,0,820,0,131524,0,0,0,0,0,0,0,0,0,0,0,0,0
0,2,0,2,0,0,0,0,0,0,0,0,2240,2240,0,0,0,0,821,0,131527,0,0,0,0,0,0,0,0,0,0,0,0,0
0,2,0,1,0,0,0,0,0,0,0,0,2255,76,0,0,0,0,822,0,111205,0,0,0,0,0,0,0,0,0,0,0,0,0
0,1,0,2,0,0,0,0,0,0,0,0,2255,76,0,0,0,0,823,0,114815,0,0,0,0,0,0,0,0,0,0,0,0,0
0,3,0,2,0,0,0,0,0,0,0,0,2255,2255,0,0,0,0,824,0,132630,0,0,0,0,0,0,0,0,0,0,0,0,0
0,4,0,2,0,0,0,0,0,0,0,0,2255,2255,0,0,0,0,825,0,132670,0,0,0,0,0,0,0,0,0,0,0,0,0
0,5,0,2,0,0,0,0,0,0,0,0,2255,2255,0,0,0,0,826,0,132671,0,0,0,0,0,0,0,0,0,0,0,0,0
0,6,0,2,0,0,0,0,0,0,0,0,2255,2255,0,0,0,0,827,0,132672,0,0,0,0,0,0,0,0,0,0,0,0,0
0,7,0,2,0,0,0,0,0,0,0,0,2255,2255,0,0,0,0,828,0,132673,0,0,0,0,0,0,0,0,0,0,0,0,0
0,8,0,2,0,0,0,0,0,0,0,0,2255,2255,0,0,0,0,829,0,132674,0,0,0,0,0,0,0,0,0,0,0,0,0
0,9,0,2,0,0,0,0,0,0,0,0,2255,2255,0,0,0,0,830,0,132702,0,0,0,0,0,0,0,0,0,0,0,0,0
0,10,0,2,0,0,0,0,0,0,0,0,2255,2255,0,0,0,0,831,0,132703,0,0,0,0,0,0,0,0,0,0,0,0,0
0,11,0,2,0,0,0,0,0,0,0,0,2255,2255,0,0,0,0,832,0,132704,0,0,0,0,0,0,0,0,0,0,0,0,0
0,12,0,2,0,0,0,0,0,0,0,0,2255,2255,0,0,0,0,833,0,132705,0,0,0,0,0,0,0,0,0,0,0,0,0
0,13,0,2,0,0,0,0,0,0,0,0,2255,2255,0,0,0,0,834,0,132706,0,0,0,0,0,0,0,0,0,0,0,0,0
