secformvar2,secformvar27,secformvar1,skinsurfacepackweight7,secformvar18,secformvar24,secformvar11,skinsurfacepack5,secformweight3,secformweight4,secformweight2,skinsurfacepackweight0,secformvar23,secformvar16,secformweight13,skinsurfacepackweight6,secformvar6,secformvar10,secformvar8,secformweight20,skinsurfacepack3,skinsurfacepackweight1,secformvar17,secformweight27,secformweight6,assetid,skinsurfacepackweight2,secformvar14,secformvar0,secformweight5,secformvar25,skinsurfacepack4,secformvar9,skinsurfacepack7,secformweight8,secformvar19,secformweight10,secformvar22,secformvar7,secformvar13,skinsurfacepackweight5,secformweight21,secformweight1,skinsurfacepack6,skinsurfacepack0,secformweight9,secformweight25,secformvar15,skinsurfacepackweight3,secformweight26,secformweight7,secformweight17,skinsurfacepack1,secformweight19,secformweight0,skinsurfacepackweight4,secformvar12,secformweight24,secformweight18,secformweight11,secformvar21,secformvar4,secformweight22,secformweight16,secformweight23,secformvar20,secformvar3,secformvar26,secformvar5,secformweight15,secformweight12,skinsurfacepack2,secformweight14
0,0,0,100,0,0,0,250101,0,0,0,100,0,0,0,100,0,0,0,0,250101,100,0,0,0,6007,100,0,0,0,0,250101,0,250101,0,0,0,0,0,0,100,0,0,250101,250101,0,0,0,100,0,0,0,250101,0,0,100,0,0,0,0,0,0,0,0,0,0,0,0,0,0,0,250101,0
0,0,0,100,0,0,0,242101,0,0,0,100,0,0,0,100,0,0,0,0,242101,100,0,0,0,6869,100,0,0,0,0,242101,0,242101,0,0,0,0,0,0,100,0,0,242101,242101,0,0,0,100,0,0,0,242101,0,0,100,0,0,0,0,0,0,0,0,0,0,0,0,0,0,0,242101,0
0,0,0,100,0,0,0,223101,0,0,0,100,0,0,0,100,0,0,0,0,223101,100,0,0,0,70068,100,0,0,0,0,223101,0,223101,0,0,0,0,0,0,100,0,0,223101,223101,0,0,0,100,0,0,0,223101,0,0,100,0,0,0,0,0,0,0,0,0,0,0,0,0,0,0,223101,0
0,0,0,100,0,0,0,220001,0,0,0,100,0,0,0,100,0,0,0,0,220001,100,0,0,0,70716,100,0,0,0,0,220001,0,220001,0,0,0,0,0,0,100,0,0,220001,220001,0,0,0,100,0,0,0,220001,0,0,100,0,0,0,0,0,0,0,0,0,0,0,0,0,0,0,220001,0
0,0,0,100,0,0,0,223101,0,0,0,100,0,0,0,100,0,0,0,0,223101,100,0,0,0,70896,100,0,0,0,0,223101,0,223101,0,0,0,0,0,0,100,0,0,223101,223101,0,0,0,100,0,0,0,223101,0,0,100,0,0,0,0,0,0,0,0,0,0,0,0,0,0,0,223101,0
0,0,0,100,0,0,0,221102,0,0,0,100,0,0,0,100,0,0,0,0,221102,100,0,0,0,70913,100,0,0,0,0,221102,0,221102,0,0,0,0,0,0,100,0,0,221102,221102,0,0,0,100,0,0,0,221102,0,0,100,0,0,0,0,0,0,0,0,0,0,0,0,0,0,0,221102,0
0,0,0,100,0,0,0,233101,0,0,0,100,0,0,0,100,0,0,0,0,233101,100,0,0,0,70971,100,0,0,0,0,233101,0,233101,0,0,0,0,0,0,100,0,0,233101,233101,0,0,0,100,0,0,0,233101,0,0,100,0,0,0,0,0,0,0,0,0,0,0,0,0,0,0,233101,0
0,0,0,100,0,0,0,223101,0,0,0,100,0,0,0,100,0,0,0,0,223101,100,0,0,0,71139,100,0,0,0,0,223101,0,223101,0,0,0,0,0,0,100,0,0,223101,223101,0,0,0,100,0,0,0,223101,0,0,100,0,0,0,0,0,0,0,0,0,0,0,0,0,0,0,223101,0
0,0,0,100,0,0,0,220101,0,0,0,100,0,0,0,100,0,0,0,0,220101,100,0,0,0,71232,100,0,0,0,0,220101,0,220101,0,0,0,0,0,0,100,0,0,220101,220101,0,0,0,100,0,0,0,220101,0,0,100,0,0,0,0,0,0,0,0,0,0,0,0,0,0,0,220101,0
0,0,0,100,0,0,0,224001,0,0,0,100,0,0,0,100,0,0,0,0,224001,100,0,0,0,71740,100,0,0,0,0,224001,0,224001,0,0,0,0,0,0,100,0,0,224001,224001,0,0,0,100,0,0,0,224001,0,0,100,0,0,0,0,0,0,0,0,0,0,0,0,0,0,0,224001,0
0,0,0,100,0,0,0,221001,0,0,0,100,0,0,0,100,0,0,0,0,221001,100,0,0,0,72737,100,0,0,0,0,221001,0,221001,0,0,0,0,0,0,100,0,0,221001,221001,0,0,0,100,0,0,0,221001,0,0,100,0,0,0,0,0,0,0,0,0,0,0,0,0,0,0,221001,0
0,0,0,100,0,0,0,123101,0,0,0,100,0,0,0,100,0,0,0,0,123101,100,0,0,0,73031,100,0,0,0,0,123101,0,123101,0,0,0,0,0,0,100,0,0,123101,123101,0,0,0,100,0,0,0,123101,0,0,100,0,0,0,0,0,0,0,0,0,0,0,0,0,0,0,123101,0
0,0,0,100,0,0,0,242102,0,0,0,100,0,0,0,100,0,0,0,0,242102,100,0,0,0,73384,100,0,0,0,0,242102,0,242102,0,0,0,0,0,0,100,0,0,242102,242102,0,0,0,100,0,0,0,242102,0,0,100,0,0,0,0,0,0,0,0,0,0,0,0,0,0,0,242102,0
0,0,0,100,0,0,0,220101,0,0,0,100,0,0,0,100,0,0,0,0,220101,100,0,0,0,73638,100,0,0,0,0,220101,0,220101,0,0,0,0,0,0,100,0,0,220101,220101,0,0,0,100,0,0,0,220101,0,0,100,0,0,0,0,0,0,0,0,0,0,0,0,0,0,0,220101,0
0,0,0,100,0,0,0,223101,0,0,0,100,0,0,0,100,0,0,0,0,223101,100,0,0,0,73956,100,0,0,0,0,223101,0,223101,0,0,0,0,0,0,100,0,0,223101,223101,0,0,0,100,0,0,0,223101,0,0,100,0,0,0,0,0,0,0,0,0,0,0,0,0,0,0,223101,0
0,0,0,100,0,0,0,223101,0,0,0,100,0,0,0,100,0,0,0,0,223101,100,0,0,0,73972,100,0,0,0,0,223101,0,223101,0,0,0,0,0,0,100,0,0,223101,223101,0,0,0,100,0,0,0,223101,0,0,100,0,0,0,0,0,0,0,0,0,0,0,0,0,0,0,223101,0
0,0,0,100,0,0,0,220101,0,0,0,100,0,0,0,100,0,0,0,0,220101,100,0,0,0,74449,100,0,0,0,0,220101,0,220101,0,0,0,0,0,0,100,0,0,220101,220101,0,0,0,100,0,0,0,220101,0,0,100,0,0,0,0,0,0,0,0,0,0,0,0,0,0,0,220101,0
0,0,0,100,0,0,0,221101,0,0,0,100,0,0,0,100,0,0,0,0,221101,100,0,0,0,75162,100,0,0,0,0,221101,0,221101,0,0,0,0,0,0,100,0,0,221101,221101,0,0,0,100,0,0,0,221101,0,0,100,0,0,0,0,0,0,0,0,0,0,0,0,0,0,0,221101,0
0,0,0,100,0,0,0,223101,0,0,0,100,0,0,0,100,0,0,0,0,223101,100,0,0,0,75239,100,0,0,0,0,223101,0,223101,0,0,0,0,0,0,100,0,0,223101,223101,0,0,0,100,0,0,0,223101,0,0,100,0,0,0,0,0,0,0,0,0,0,0,0,0,0,0,223101,0
0,0,0,100,0,0,0,220101,0,0,0,100,0,0,0,100,0,0,0,0,220101,100,0,0,0,75770,100,0,0,0,0,220101,0,220101,0,0,0,0,0,0,100,0,0,220101,220101,0,0,0,100,0,0,0,220101,0,0,100,0,0,0,0,0,0,0,0,0,0,0,0,0,0,0,220101,0
0,0,0,100,0,0,0,223101,0,0,0,100,0,0,0,100,0,0,0,0,223101,100,0,0,0,75917,100,0,0,0,0,223101,0,223101,0,0,0,0,0,0,100,0,0,223101,223101,0,0,0,100,0,0,0,223101,0,0,100,0,0,0,0,0,0,0,0,0,0,0,0,0,0,0,223101,0
0,0,0,100,0,0,0,223101,0,0,0,100,0,0,0,100,0,0,0,0,223101,100,0,0,0,76042,100,0,0,0,0,223101,0,223101,0,0,0,0,0,0,100,0,0,223101,223101,0,0,0,100,0,0,0,223101,0,0,100,0,0,0,0,0,0,0,0,0,0,0,0,0,0,0,223101,0
0,0,0,100,0,0,0,223101,0,0,0,100,0,0,0,100,0,0,0,0,223101,100,0,0,0,76123,100,0,0,0,0,223101,0,223101,0,0,0,0,0,0,100,0,0,223101,223101,0,0,0,100,0,0,0,223101,0,0,100,0,0,0,0,0,0,0,0,0,0,0,0,0,0,0,223101,0
0,0,0,100,0,0,0,223101,0,0,0,100,0,0,0,100,0,0,0,0,223101,100,0,0,0,76232,100,0,0,0,0,223101,0,223101,0,0,0,0,0,0,100,0,0,223101,223101,0,0,0,100,0,0,0,223101,0,0,100,0,0,0,0,0,0,0,0,0,0,0,0,0,0,0,223101,0
0,0,0,100,0,0,0,223101,0,0,0,100,0,0,0,100,0,0,0,0,223101,100,0,0,0,76415,100,0,0,0,0,223101,0,223101,0,0,0,0,0,0,100,0,0,223101,223101,0,0,0,100,0,0,0,223101,0,0,100,0,0,0,0,0,0,0,0,0,0,0,0,0,0,0,223101,0
0,0,0,100,0,0,0,252001,0,0,0,100,0,0,0,100,0,0,0,0,252001,100,0,0,0,76529,100,0,0,0,0,252001,0,252001,0,0,0,0,0,0,100,0,0,252001,252001,0,0,0,100,0,0,0,252001,0,0,100,0,0,0,0,0,0,0,0,0,0,0,0,0,0,0,252001,0
0,0,0,100,0,0,0,224001,0,0,0,100,0,0,0,100,0,0,0,0,224001,100,0,0,0,76577,100,0,0,0,0,224001,0,224001,0,0,0,0,0,0,100,0,0,224001,224001,0,0,0,100,0,0,0,224001,0,0,100,0,0,0,0,0,0,0,0,0,0,0,0,0,0,0,224001,0
0,0,0,100,0,0,0,232001,0,0,0,100,0,0,0,100,0,0,0,0,232001,100,0,0,0,76602,100,0,0,0,0,232001,0,232001,0,0,0,0,0,0,100,0,0,232001,232001,0,0,0,100,0,0,0,232001,0,0,100,0,0,0,0,0,0,0,0,0,0,0,0,0,0,0,232001,0
0,0,0,100,0,0,0,224001,0,0,0,100,0,0,0,100,0,0,0,0,224001,100,0,0,0,77497,100,0,0,0,0,224001,0,224001,0,0,0,0,0,0,100,0,0,224001,224001,0,0,0,100,0,0,0,224001,0,0,100,0,0,0,0,0,0,0,0,0,0,0,0,0,0,0,224001,0
0,0,0,100,0,0,0,223101,0,0,0,100,0,0,0,100,0,0,0,0,223101,100,0,0,0,77851,100,0,0,0,0,223101,0,223101,0,0,0,0,0,0,100,0,0,223101,223101,0,0,0,100,0,0,0,223101,0,0,100,0,0,0,0,0,0,0,0,0,0,0,0,0,0,0,223101,0
0,0,0,100,0,0,0,223101,0,0,0,100,0,0,0,100,0,0,0,0,223101,100,0,0,0,78159,100,0,0,0,0,223101,0,223101,0,0,0,0,0,0,100,0,0,223101,223101,0,0,0,100,0,0,0,223101,0,0,100,0,0,0,0,0,0,0,0,0,0,0,0,0,0,0,223101,0
0,0,0,100,0,0,0,122101,0,0,0,100,0,0,0,100,0,0,0,0,122101,100,0,0,0,78389,100,0,0,0,0,122101,0,122101,0,0,0,0,0,0,100,0,0,122101,122101,0,0,0,100,0,0,0,122101,0,0,100,0,0,0,0,0,0,0,0,0,0,0,0,0,0,0,122101,0
0,0,0,100,0,0,0,223101,0,0,0,100,0,0,0,100,0,0,0,0,223101,100,0,0,0,78421,100,0,0,0,0,223101,0,223101,0,0,0,0,0,0,100,0,0,223101,223101,0,0,0,100,0,0,0,223101,0,0,100,0,0,0,0,0,0,0,0,0,0,0,0,0,0,0,223101,0
0,0,0,100,0,0,0,223101,0,0,0,100,0,0,0,100,0,0,0,0,223101,100,0,0,0,78474,100,0,0,0,0,223101,0,223101,0,0,0,0,0,0,100,0,0,223101,223101,0,0,0,100,0,0,0,223101,0,0,100,0,0,0,0,0,0,0,0,0,0,0,0,0,0,0,223101,0
0,0,0,100,0,0,0,223101,0,0,0,100,0,0,0,100,0,0,0,0,223101,100,0,0,0,78933,100,0,0,0,0,223101,0,223101,0,0,0,0,0,0,100,0,0,223101,223101,0,0,0,100,0,0,0,223101,0,0,100,0,0,0,0,0,0,0,0,0,0,0,0,0,0,0,223101,0
0,0,0,100,0,0,0,223101,0,0,0,100,0,0,0,100,0,0,0,0,223101,100,0,0,0,79161,100,0,0,0,0,223101,0,223101,0,0,0,0,0,0,100,0,0,223101,223101,0,0,0,100,0,0,0,223101,0,0,100,0,0,0,0,0,0,0,0,0,0,0,0,0,0,0,223101,0
0,0,0,100,0,0,0,223101,0,0,0,100,0,0,0,100,0,0,0,0,223101,100,0,0,0,79487,100,0,0,0,0,223101,0,223101,0,0,0,0,0,0,100,0,0,223101,223101,0,0,0,100,0,0,0,223101,0,0,100,0,0,0,0,0,0,0,0,0,0,0,0,0,0,0,223101,0
0,0,0,100,0,0,0,223101,0,0,0,100,0,0,0,100,0,0,0,0,223101,100,0,0,0,80084,100,0,0,0,0,223101,0,223101,0,0,0,0,0,0,100,0,0,223101,223101,0,0,0,100,0,0,0,223101,0,0,100,0,0,0,0,0,0,0,0,0,0,0,0,0,0,0,223101,0
0,0,0,100,0,0,0,220101,0,0,0,100,0,0,0,100,0,0,0,0,220101,100,0,0,0,80141,100,0,0,0,0,220101,0,220101,0,0,0,0,0,0,100,0,0,220101,220101,0,0,0,100,0,0,0,220101,0,0,100,0,0,0,0,0,0,0,0,0,0,0,0,0,0,0,220101,0
0,0,0,100,0,0,0,122101,0,0,0,100,0,0,0,100,0,0,0,0,122101,100,0,0,0,80337,100,0,0,0,0,122101,0,122101,0,0,0,0,0,0,100,0,0,122101,122101,0,0,0,100,0,0,0,122101,0,0,100,0,0,0,0,0,0,0,0,0,0,0,0,0,0,0,122101,0
0,0,0,100,0,0,0,220101,0,0,0,100,0,0,0,100,0,0,0,0,220101,100,0,0,0,80687,100,0,0,0,0,220101,0,220101,0,0,0,0,0,0,100,0,0,220101,220101,0,0,0,100,0,0,0,220101,0,0,100,0,0,0,0,0,0,0,0,0,0,0,0,0,0,0,220101,0
0,0,0,100,0,0,0,122101,0,0,0,100,0,0,0,100,0,0,0,0,122101,100,0,0,0,81293,100,0,0,0,0,122101,0,122101,0,0,0,0,0,0,100,0,0,122101,122101,0,0,0,100,0,0,0,122101,0,0,100,0,0,0,0,0,0,0,0,0,0,0,0,0,0,0,122101,0
0,0,0,100,0,0,0,223101,0,0,0,100,0,0,0,100,0,0,0,0,223101,100,0,0,0,81606,100,0,0,0,0,223101,0,223101,0,0,0,0,0,0,100,0,0,223101,223101,0,0,0,100,0,0,0,223101,0,0,100,0,0,0,0,0,0,0,0,0,0,0,0,0,0,0,223101,0
0,0,0,100,0,0,0,223101,0,0,0,100,0,0,0,100,0,0,0,0,223101,100,0,0,0,81634,100,0,0,0,0,223101,0,223101,0,0,0,0,0,0,100,0,0,223101,223101,0,0,0,100,0,0,0,223101,0,0,100,0,0,0,0,0,0,0,0,0,0,0,0,0,0,0,223101,0
0,0,0,100,0,0,0,223101,0,0,0,100,0,0,0,100,0,0,0,0,223101,100,0,0,0,81635,100,0,0,0,0,223101,0,223101,0,0,0,0,0,0,100,0,0,223101,223101,0,0,0,100,0,0,0,223101,0,0,100,0,0,0,0,0,0,0,0,0,0,0,0,0,0,0,223101,0
0,0,0,100,0,0,0,220101,0,0,0,100,0,0,0,100,0,0,0,0,220101,100,0,0,0,81660,100,0,0,0,0,220101,0,220101,0,0,0,0,0,0,100,0,0,220101,220101,0,0,0,100,0,0,0,220101,0,0,100,0,0,0,0,0,0,0,0,0,0,0,0,0,0,0,220101,0
0,0,0,100,0,0,0,223101,0,0,0,100,0,0,0,100,0,0,0,0,223101,100,0,0,0,81670,100,0,0,0,0,223101,0,223101,0,0,0,0,0,0,100,0,0,223101,223101,0,0,0,100,0,0,0,223101,0,0,100,0,0,0,0,0,0,0,0,0,0,0,0,0,0,0,223101,0
0,0,0,100,0,0,0,223101,0,0,0,100,0,0,0,100,0,0,0,0,223101,100,0,0,0,81711,100,0,0,0,0,223101,0,223101,0,0,0,0,0,0,100,0,0,223101,223101,0,0,0,100,0,0,0,223101,0,0,100,0,0,0,0,0,0,0,0,0,0,0,0,0,0,0,223101,0
0,0,0,100,0,0,0,223101,0,0,0,100,0,0,0,100,0,0,0,0,223101,100,0,0,0,81732,100,0,0,0,0,223101,0,223101,0,0,0,0,0,0,100,0,0,223101,223101,0,0,0,100,0,0,0,223101,0,0,100,0,0,0,0,0,0,0,0,0,0,0,0,0,0,0,223101,0
0,0,0,100,0,0,0,221002,0,0,0,100,0,0,0,100,0,0,0,0,221002,100,0,0,0,81835,100,0,0,0,0,221002,0,221002,0,0,0,0,0,0,100,0,0,221002,221002,0,0,0,100,0,0,0,221002,0,0,100,0,0,0,0,0,0,0,0,0,0,0,0,0,0,0,221002,0
0,0,0,100,0,0,0,223101,0,0,0,100,0,0,0,100,0,0,0,0,223101,100,0,0,0,81863,100,0,0,0,0,223101,0,223101,0,0,0,0,0,0,100,0,0,223101,223101,0,0,0,100,0,0,0,223101,0,0,100,0,0,0,0,0,0,0,0,0,0,0,0,0,0,0,223101,0
0,0,0,100,0,0,0,234101,0,0,0,100,0,0,0,100,0,0,0,0,234101,100,0,0,0,81930,100,0,0,0,0,234101,0,234101,0,0,0,0,0,0,100,0,0,234101,234101,0,0,0,100,0,0,0,234101,0,0,100,0,0,0,0,0,0,0,0,0,0,0,0,0,0,0,234101,0
0,0,0,100,0,0,0,231102,0,0,0,100,0,0,0,100,0,0,0,0,231102,100,0,0,0,81933,100,0,0,0,0,231102,0,231102,0,0,0,0,0,0,100,0,0,231102,231102,0,0,0,100,0,0,0,231102,0,0,100,0,0,0,0,0,0,0,0,0,0,0,0,0,0,0,231102,0
0,0,0,100,0,0,0,224001,0,0,0,100,0,0,0,100,0,0,0,0,224001,100,0,0,0,81935,100,0,0,0,0,224001,0,224001,0,0,0,0,0,0,100,0,0,224001,224001,0,0,0,100,0,0,0,224001,0,0,100,0,0,0,0,0,0,0,0,0,0,0,0,0,0,0,224001,0
0,0,0,100,0,0,0,221102,0,0,0,100,0,0,0,100,0,0,0,0,221102,100,0,0,0,81956,100,0,0,0,0,221102,0,221102,0,0,0,0,0,0,100,0,0,221102,221102,0,0,0,100,0,0,0,221102,0,0,100,0,0,0,0,0,0,0,0,0,0,0,0,0,0,0,221102,0
0,0,0,100,0,0,0,122101,0,0,0,100,0,0,0,100,0,0,0,0,122101,100,0,0,0,82122,100,0,0,0,0,122101,0,122101,0,0,0,0,0,0,100,0,0,122101,122101,0,0,0,100,0,0,0,122101,0,0,100,0,0,0,0,0,0,0,0,0,0,0,0,0,0,0,122101,0
0,0,0,100,0,0,0,220101,0,0,0,100,0,0,0,100,0,0,0,0,220101,100,0,0,0,82172,100,0,0,0,0,220101,0,220101,0,0,0,0,0,0,100,0,0,220101,220101,0,0,0,100,0,0,0,220101,0,0,100,0,0,0,0,0,0,0,0,0,0,0,0,0,0,0,220101,0
0,0,0,100,0,0,0,223101,0,0,0,100,0,0,0,100,0,0,0,0,223101,100,0,0,0,82187,100,0,0,0,0,223101,0,223101,0,0,0,0,0,0,100,0,0,223101,223101,0,0,0,100,0,0,0,223101,0,0,100,0,0,0,0,0,0,0,0,0,0,0,0,0,0,0,223101,0
0,0,0,100,0,0,0,224001,0,0,0,100,0,0,0,100,0,0,0,0,224001,100,0,0,0,82318,100,0,0,0,0,224001,0,224001,0,0,0,0,0,0,100,0,0,224001,224001,0,0,0,100,0,0,0,224001,0,0,100,0,0,0,0,0,0,0,0,0,0,0,0,0,0,0,224001,0
0,0,0,100,0,0,0,223101,0,0,0,100,0,0,0,100,0,0,0,0,223101,100,0,0,0,82432,100,0,0,0,0,223101,0,223101,0,0,0,0,0,0,100,0,0,223101,223101,0,0,0,100,0,0,0,223101,0,0,100,0,0,0,0,0,0,0,0,0,0,0,0,0,0,0,223101,0
0,0,0,100,0,0,0,232101,0,0,0,100,0,0,0,100,0,0,0,0,232101,100,0,0,0,82458,100,0,0,0,0,232101,0,232101,0,0,0,0,0,0,100,0,0,232101,232101,0,0,0,100,0,0,0,232101,0,0,100,0,0,0,0,0,0,0,0,0,0,0,0,0,0,0,232101,0
0,0,0,100,0,0,0,220001,0,0,0,100,0,0,0,100,0,0,0,0,220001,100,0,0,0,82493,100,0,0,0,0,220001,0,220001,0,0,0,0,0,0,100,0,0,220001,220001,0,0,0,100,0,0,0,220001,0,0,100,0,0,0,0,0,0,0,0,0,0,0,0,0,0,0,220001,0
0,0,0,100,0,0,0,220101,0,0,0,100,0,0,0,100,0,0,0,0,220101,100,0,0,0,82496,100,0,0,0,0,220101,0,220101,0,0,0,0,0,0,100,0,0,220101,220101,0,0,0,100,0,0,0,220101,0,0,100,0,0,0,0,0,0,0,0,0,0,0,0,0,0,0,220101,0
0,0,0,100,0,0,0,220001,0,0,0,100,0,0,0,100,0,0,0,0,220001,100,0,0,0,82497,100,0,0,0,0,220001,0,220001,0,0,0,0,0,0,100,0,0,220001,220001,0,0,0,100,0,0,0,220001,0,0,100,0,0,0,0,0,0,0,0,0,0,0,0,0,0,0,220001,0
0,0,0,100,0,0,0,220001,0,0,0,100,0,0,0,100,0,0,0,0,220001,100,0,0,0,82509,100,0,0,0,0,220001,0,220001,0,0,0,0,0,0,100,0,0,220001,220001,0,0,0,100,0,0,0,220001,0,0,100,0,0,0,0,0,0,0,0,0,0,0,0,0,0,0,220001,0
0,0,0,100,0,0,0,230101,0,0,0,100,0,0,0,100,0,0,0,0,230101,100,0,0,0,82523,100,0,0,0,0,230101,0,230101,0,0,0,0,0,0,100,0,0,230101,230101,0,0,0,100,0,0,0,230101,0,0,100,0,0,0,0,0,0,0,0,0,0,0,0,0,0,0,230101,0
0,0,0,100,0,0,0,223101,0,0,0,100,0,0,0,100,0,0,0,0,223101,100,0,0,0,82744,100,0,0,0,0,223101,0,223101,0,0,0,0,0,0,100,0,0,223101,223101,0,0,0,100,0,0,0,223101,0,0,100,0,0,0,0,0,0,0,0,0,0,0,0,0,0,0,223101,0
0,0,0,100,0,0,0,223101,0,0,0,100,0,0,0,100,0,0,0,0,223101,100,0,0,0,82756,100,0,0,0,0,223101,0,223101,0,0,0,0,0,0,100,0,0,223101,223101,0,0,0,100,0,0,0,223101,0,0,100,0,0,0,0,0,0,0,0,0,0,0,0,0,0,0,223101,0
0,0,0,100,0,0,0,220101,0,0,0,100,0,0,0,100,0,0,0,0,220101,100,0,0,0,82883,100,0,0,0,0,220101,0,220101,0,0,0,0,0,0,100,0,0,220101,220101,0,0,0,100,0,0,0,220101,0,0,100,0,0,0,0,0,0,0,0,0,0,0,0,0,0,0,220101,0
0,0,0,100,0,0,0,223101,0,0,0,100,0,0,0,100,0,0,0,0,223101,100,0,0,0,83088,100,0,0,0,0,223101,0,223101,0,0,0,0,0,0,100,0,0,223101,223101,0,0,0,100,0,0,0,223101,0,0,100,0,0,0,0,0,0,0,0,0,0,0,0,0,0,0,223101,0
0,0,0,100,0,0,0,224001,0,0,0,100,0,0,0,100,0,0,0,0,224001,100,0,0,0,83183,100,0,0,0,0,224001,0,224001,0,0,0,0,0,0,100,0,0,224001,224001,0,0,0,100,0,0,0,224001,0,0,100,0,0,0,0,0,0,0,0,0,0,0,0,0,0,0,224001,0
0,0,0,100,0,0,0,223101,0,0,0,100,0,0,0,100,0,0,0,0,223101,100,0,0,0,83296,100,0,0,0,0,223101,0,223101,0,0,0,0,0,0,100,0,0,223101,223101,0,0,0,100,0,0,0,223101,0,0,100,0,0,0,0,0,0,0,0,0,0,0,0,0,0,0,223101,0
0,0,0,100,0,0,0,223101,0,0,0,100,0,0,0,100,0,0,0,0,223101,100,0,0,0,83328,100,0,0,0,0,223101,0,223101,0,0,0,0,0,0,100,0,0,223101,223101,0,0,0,100,0,0,0,223101,0,0,100,0,0,0,0,0,0,0,0,0,0,0,0,0,0,0,223101,0
0,0,0,100,0,0,0,224001,0,0,0,100,0,0,0,100,0,0,0,0,224001,100,0,0,0,83465,100,0,0,0,0,224001,0,224001,0,0,0,0,0,0,100,0,0,224001,224001,0,0,0,100,0,0,0,224001,0,0,100,0,0,0,0,0,0,0,0,0,0,0,0,0,0,0,224001,0
0,0,0,100,0,0,0,223101,0,0,0,100,0,0,0,100,0,0,0,0,223101,100,0,0,0,83494,100,0,0,0,0,223101,0,223101,0,0,0,0,0,0,100,0,0,223101,223101,0,0,0,100,0,0,0,223101,0,0,100,0,0,0,0,0,0,0,0,0,0,0,0,0,0,0,223101,0
0,0,0,100,0,0,0,223101,0,0,0,100,0,0,0,100,0,0,0,0,223101,100,0,0,0,83707,100,0,0,0,0,223101,0,223101,0,0,0,0,0,0,100,0,0,223101,223101,0,0,0,100,0,0,0,223101,0,0,100,0,0,0,0,0,0,0,0,0,0,0,0,0,0,0,223101,0
0,0,0,100,0,0,0,223101,0,0,0,100,0,0,0,100,0,0,0,0,223101,100,0,0,0,83759,100,0,0,0,0,223101,0,223101,0,0,0,0,0,0,100,0,0,223101,223101,0,0,0,100,0,0,0,223101,0,0,100,0,0,0,0,0,0,0,0,0,0,0,0,0,0,0,223101,0
0,0,0,100,0,0,0,223101,0,0,0,100,0,0,0,100,0,0,0,0,223101,100,0,0,0,83781,100,0,0,0,0,223101,0,223101,0,0,0,0,0,0,100,0,0,223101,223101,0,0,0,100,0,0,0,223101,0,0,100,0,0,0,0,0,0,0,0,0,0,0,0,0,0,0,223101,0
0,0,0,100,0,0,0,223101,0,0,0,100,0,0,0,100,0,0,0,0,223101,100,0,0,0,83813,100,0,0,0,0,223101,0,223101,0,0,0,0,0,0,100,0,0,223101,223101,0,0,0,100,0,0,0,223101,0,0,100,0,0,0,0,0,0,0,0,0,0,0,0,0,0,0,223101,0
0,0,0,100,0,0,0,252001,0,0,0,100,0,0,0,100,0,0,0,0,252001,100,0,0,0,84064,100,0,0,0,0,252001,0,252001,0,0,0,0,0,0,100,0,0,252001,252001,0,0,0,100,0,0,0,252001,0,0,100,0,0,0,0,0,0,0,0,0,0,0,0,0,0,0,252001,0
0,0,0,100,0,0,0,120001,0,0,0,100,0,0,0,100,0,0,0,0,120001,100,0,0,0,84103,100,0,0,0,0,120001,0,120001,0,0,0,0,0,0,100,0,0,120001,120001,0,0,0,100,0,0,0,120001,0,0,100,0,0,0,0,0,0,0,0,0,0,0,0,0,0,0,120001,0
0,0,0,100,0,0,0,223101,0,0,0,100,0,0,0,100,0,0,0,0,223101,100,0,0,0,84105,100,0,0,0,0,223101,0,223101,0,0,0,0,0,0,100,0,0,223101,223101,0,0,0,100,0,0,0,223101,0,0,100,0,0,0,0,0,0,0,0,0,0,0,0,0,0,0,223101,0
0,0,0,100,0,0,0,223101,0,0,0,100,0,0,0,100,0,0,0,0,223101,100,0,0,0,84135,100,0,0,0,0,223101,0,223101,0,0,0,0,0,0,100,0,0,223101,223101,0,0,0,100,0,0,0,223101,0,0,100,0,0,0,0,0,0,0,0,0,0,0,0,0,0,0,223101,0
0,0,0,100,0,0,0,223101,0,0,0,100,0,0,0,100,0,0,0,0,223101,100,0,0,0,84136,100,0,0,0,0,223101,0,223101,0,0,0,0,0,0,100,0,0,223101,223101,0,0,0,100,0,0,0,223101,0,0,100,0,0,0,0,0,0,0,0,0,0,0,0,0,0,0,223101,0
0,0,0,100,0,0,0,220101,0,0,0,100,0,0,0,100,0,0,0,0,220101,100,0,0,0,84138,100,0,0,0,0,220101,0,220101,0,0,0,0,0,0,100,0,0,220101,220101,0,0,0,100,0,0,0,220101,0,0,100,0,0,0,0,0,0,0,0,0,0,0,0,0,0,0,220101,0
0,0,0,100,0,0,0,234101,0,0,0,100,0,0,0,100,0,0,0,0,234101,100,0,0,0,84272,100,0,0,0,0,234101,0,234101,0,0,0,0,0,0,100,0,0,234101,234101,0,0,0,100,0,0,0,234101,0,0,100,0,0,0,0,0,0,0,0,0,0,0,0,0,0,0,234101,0
0,0,0,100,0,0,0,220101,0,0,0,100,0,0,0,100,0,0,0,0,220101,100,0,0,0,84357,100,0,0,0,0,220101,0,220101,0,0,0,0,0,0,100,0,0,220101,220101,0,0,0,100,0,0,0,220101,0,0,100,0,0,0,0,0,0,0,0,0,0,0,0,0,0,0,220101,0
0,0,0,100,0,0,0,223101,0,0,0,100,0,0,0,100,0,0,0,0,223101,100,0,0,0,84397,100,0,0,0,0,223101,0,223101,0,0,0,0,0,0,100,0,0,223101,223101,0,0,0,100,0,0,0,223101,0,0,100,0,0,0,0,0,0,0,0,0,0,0,0,0,0,0,223101,0
0,0,0,100,0,0,0,220101,0,0,0,100,0,0,0,100,0,0,0,0,220101,100,0,0,0,84412,100,0,0,0,0,220101,0,220101,0,0,0,0,0,0,100,0,0,220101,220101,0,0,0,100,0,0,0,220101,0,0,100,0,0,0,0,0,0,0,0,0,0,0,0,0,0,0,220101,0
0,0,0,100,0,0,0,223101,0,0,0,100,0,0,0,100,0,0,0,0,223101,100,0,0,0,84573,100,0,0,0,0,223101,0,223101,0,0,0,0,0,0,100,0,0,223101,223101,0,0,0,100,0,0,0,223101,0,0,100,0,0,0,0,0,0,0,0,0,0,0,0,0,0,0,223101,0
0,0,0,100,0,0,0,223101,0,0,0,100,0,0,0,100,0,0,0,0,223101,100,0,0,0,84596,100,0,0,0,0,223101,0,223101,0,0,0,0,0,0,100,0,0,223101,223101,0,0,0,100,0,0,0,223101,0,0,100,0,0,0,0,0,0,0,0,0,0,0,0,0,0,0,223101,0
0,0,0,100,0,0,0,223101,0,0,0,100,0,0,0,100,0,0,0,0,223101,100,0,0,0,84600,100,0,0,0,0,223101,0,223101,0,0,0,0,0,0,100,0,0,223101,223101,0,0,0,100,0,0,0,223101,0,0,100,0,0,0,0,0,0,0,0,0,0,0,0,0,0,0,223101,0
0,0,0,100,0,0,0,220001,0,0,0,100,0,0,0,100,0,0,0,0,220001,100,0,0,0,84621,100,0,0,0,0,220001,0,220001,0,0,0,0,0,0,100,0,0,220001,220001,0,0,0,100,0,0,0,220001,0,0,100,0,0,0,0,0,0,0,0,0,0,0,0,0,0,0,220001,0
0,0,0,100,0,0,0,220101,0,0,0,100,0,0,0,100,0,0,0,0,220101,100,0,0,0,84682,100,0,0,0,0,220101,0,220101,0,0,0,0,0,0,100,0,0,220101,220101,0,0,0,100,0,0,0,220101,0,0,100,0,0,0,0,0,0,0,0,0,0,0,0,0,0,0,220101,0
0,0,0,100,0,0,0,220001,0,0,0,100,0,0,0,100,0,0,0,0,220001,100,0,0,0,84684,100,0,0,0,0,220001,0,220001,0,0,0,0,0,0,100,0,0,220001,220001,0,0,0,100,0,0,0,220001,0,0,100,0,0,0,0,0,0,0,0,0,0,0,0,0,0,0,220001,0
0,0,0,100,0,0,0,220001,0,0,0,100,0,0,0,100,0,0,0,0,220001,100,0,0,0,84685,100,0,0,0,0,220001,0,220001,0,0,0,0,0,0,100,0,0,220001,220001,0,0,0,100,0,0,0,220001,0,0,100,0,0,0,0,0,0,0,0,0,0,0,0,0,0,0,220001,0
0,0,0,100,0,0,0,223101,0,0,0,100,0,0,0,100,0,0,0,0,223101,100,0,0,0,85120,100,0,0,0,0,223101,0,223101,0,0,0,0,0,0,100,0,0,223101,223101,0,0,0,100,0,0,0,223101,0,0,100,0,0,0,0,0,0,0,0,0,0,0,0,0,0,0,223101,0
0,0,0,100,0,0,0,223101,0,0,0,100,0,0,0,100,0,0,0,0,223101,100,0,0,0,85147,100,0,0,0,0,223101,0,223101,0,0,0,0,0,0,100,0,0,223101,223101,0,0,0,100,0,0,0,223101,0,0,100,0,0,0,0,0,0,0,0,0,0,0,0,0,0,0,223101,0
0,0,0,100,0,0,0,221001,0,0,0,100,0,0,0,100,0,0,0,0,221001,100,0,0,0,85160,100,0,0,0,0,221001,0,221001,0,0,0,0,0,0,100,0,0,221001,221001,0,0,0,100,0,0,0,221001,0,0,100,0,0,0,0,0,0,0,0,0,0,0,0,0,0,0,221001,0
0,0,0,100,0,0,0,121001,0,0,0,100,0,0,0,100,0,0,0,0,121001,100,0,0,0,85220,100,0,0,0,0,121001,0,121001,0,0,0,0,0,0,100,0,0,121001,121001,0,0,0,100,0,0,0,121001,0,0,100,0,0,0,0,0,0,0,0,0,0,0,0,0,0,0,121001,0
0,0,0,100,0,0,0,221002,0,0,0,100,0,0,0,100,0,0,0,0,221002,100,0,0,0,85228,100,0,0,0,0,221002,0,221002,0,0,0,0,0,0,100,0,0,221002,221002,0,0,0,100,0,0,0,221002,0,0,100,0,0,0,0,0,0,0,0,0,0,0,0,0,0,0,221002,0
0,0,0,100,0,0,0,221001,0,0,0,100,0,0,0,100,0,0,0,0,221001,100,0,0,0,85308,100,0,0,0,0,221001,0,221001,0,0,0,0,0,0,100,0,0,221001,221001,0,0,0,100,0,0,0,221001,0,0,100,0,0,0,0,0,0,0,0,0,0,0,0,0,0,0,221001,0
0,0,0,100,0,0,0,234101,0,0,0,100,0,0,0,100,0,0,0,0,234101,100,0,0,0,85344,100,0,0,0,0,234101,0,234101,0,0,0,0,0,0,100,0,0,234101,234101,0,0,0,100,0,0,0,234101,0,0,100,0,0,0,0,0,0,0,0,0,0,0,0,0,0,0,234101,0
0,0,0,100,0,0,0,224001,0,0,0,100,0,0,0,100,0,0,0,0,224001,100,0,0,0,85345,100,0,0,0,0,224001,0,224001,0,0,0,0,0,0,100,0,0,224001,224001,0,0,0,100,0,0,0,224001,0,0,100,0,0,0,0,0,0,0,0,0,0,0,0,0,0,0,224001,0
0,0,0,100,0,0,0,224001,0,0,0,100,0,0,0,100,0,0,0,0,224001,100,0,0,0,85346,100,0,0,0,0,224001,0,224001,0,0,0,0,0,0,100,0,0,224001,224001,0,0,0,100,0,0,0,224001,0,0,100,0,0,0,0,0,0,0,0,0,0,0,0,0,0,0,224001,0
0,0,0,100,0,0,0,220101,0,0,0,100,0,0,0,100,0,0,0,0,220101,100,0,0,0,85347,100,0,0,0,0,220101,0,220101,0,0,0,0,0,0,100,0,0,220101,220101,0,0,0,100,0,0,0,220101,0,0,100,0,0,0,0,0,0,0,0,0,0,0,0,0,0,0,220101,0
0,0,0,100,0,0,0,234101,0,0,0,100,0,0,0,100,0,0,0,0,234101,100,0,0,0,85348,100,0,0,0,0,234101,0,234101,0,0,0,0,0,0,100,0,0,234101,234101,0,0,0,100,0,0,0,234101,0,0,100,0,0,0,0,0,0,0,0,0,0,0,0,0,0,0,234101,0
0,0,0,100,0,0,0,234102,0,0,0,100,0,0,0,100,0,0,0,0,234102,100,0,0,0,85349,100,0,0,0,0,234102,0,234102,0,0,0,0,0,0,100,0,0,234102,234102,0,0,0,100,0,0,0,234102,0,0,100,0,0,0,0,0,0,0,0,0,0,0,0,0,0,0,234102,0
0,0,0,100,0,0,0,234101,0,0,0,100,0,0,0,100,0,0,0,0,234101,100,0,0,0,85350,100,0,0,0,0,234101,0,234101,0,0,0,0,0,0,100,0,0,234101,234101,0,0,0,100,0,0,0,234101,0,0,100,0,0,0,0,0,0,0,0,0,0,0,0,0,0,0,234101,0
0,0,0,100,0,0,0,224001,0,0,0,100,0,0,0,100,0,0,0,0,224001,100,0,0,0,85351,100,0,0,0,0,224001,0,224001,0,0,0,0,0,0,100,0,0,224001,224001,0,0,0,100,0,0,0,224001,0,0,100,0,0,0,0,0,0,0,0,0,0,0,0,0,0,0,224001,0
0,0,0,100,0,0,0,224001,0,0,0,100,0,0,0,100,0,0,0,0,224001,100,0,0,0,85352,100,0,0,0,0,224001,0,224001,0,0,0,0,0,0,100,0,0,224001,224001,0,0,0,100,0,0,0,224001,0,0,100,0,0,0,0,0,0,0,0,0,0,0,0,0,0,0,224001,0
0,0,0,100,0,0,0,223101,0,0,0,100,0,0,0,100,0,0,0,0,223101,100,0,0,0,85353,100,0,0,0,0,223101,0,223101,0,0,0,0,0,0,100,0,0,223101,223101,0,0,0,100,0,0,0,223101,0,0,100,0,0,0,0,0,0,0,0,0,0,0,0,0,0,0,223101,0
0,0,0,100,0,0,0,234101,0,0,0,100,0,0,0,100,0,0,0,0,234101,100,0,0,0,85355,100,0,0,0,0,234101,0,234101,0,0,0,0,0,0,100,0,0,234101,234101,0,0,0,100,0,0,0,234101,0,0,100,0,0,0,0,0,0,0,0,0,0,0,0,0,0,0,234101,0
0,0,0,100,0,0,0,220101,0,0,0,100,0,0,0,100,0,0,0,0,220101,100,0,0,0,85361,100,0,0,0,0,220101,0,220101,0,0,0,0,0,0,100,0,0,220101,220101,0,0,0,100,0,0,0,220101,0,0,100,0,0,0,0,0,0,0,0,0,0,0,0,0,0,0,220101,0
0,0,0,100,0,0,0,220101,0,0,0,100,0,0,0,100,0,0,0,0,220101,100,0,0,0,85362,100,0,0,0,0,220101,0,220101,0,0,0,0,0,0,100,0,0,220101,220101,0,0,0,100,0,0,0,220101,0,0,100,0,0,0,0,0,0,0,0,0,0,0,0,0,0,0,220101,0
0,0,0,100,0,0,0,224001,0,0,0,100,0,0,0,100,0,0,0,0,224001,100,0,0,0,85364,100,0,0,0,0,224001,0,224001,0,0,0,0,0,0,100,0,0,224001,224001,0,0,0,100,0,0,0,224001,0,0,100,0,0,0,0,0,0,0,0,0,0,0,0,0,0,0,224001,0
0,0,0,100,0,0,0,220101,0,0,0,100,0,0,0,100,0,0,0,0,220101,100,0,0,0,85365,100,0,0,0,0,220101,0,220101,0,0,0,0,0,0,100,0,0,220101,220101,0,0,0,100,0,0,0,220101,0,0,100,0,0,0,0,0,0,0,0,0,0,0,0,0,0,0,220101,0
0,0,0,100,0,0,0,223101,0,0,0,100,0,0,0,100,0,0,0,0,223101,100,0,0,0,85366,100,0,0,0,0,223101,0,223101,0,0,0,0,0,0,100,0,0,223101,223101,0,0,0,100,0,0,0,223101,0,0,100,0,0,0,0,0,0,0,0,0,0,0,0,0,0,0,223101,0
0,0,0,100,0,0,0,220101,0,0,0,100,0,0,0,100,0,0,0,0,220101,100,0,0,0,85367,100,0,0,0,0,220101,0,220101,0,0,0,0,0,0,100,0,0,220101,220101,0,0,0,100,0,0,0,220101,0,0,100,0,0,0,0,0,0,0,0,0,0,0,0,0,0,0,220101,0
0,0,0,100,0,0,0,230101,0,0,0,100,0,0,0,100,0,0,0,0,230101,100,0,0,0,85368,100,0,0,0,0,230101,0,230101,0,0,0,0,0,0,100,0,0,230101,230101,0,0,0,100,0,0,0,230101,0,0,100,0,0,0,0,0,0,0,0,0,0,0,0,0,0,0,230101,0
0,0,0,100,0,0,0,220101,0,0,0,100,0,0,0,100,0,0,0,0,220101,100,0,0,0,85369,100,0,0,0,0,220101,0,220101,0,0,0,0,0,0,100,0,0,220101,220101,0,0,0,100,0,0,0,220101,0,0,100,0,0,0,0,0,0,0,0,0,0,0,0,0,0,0,220101,0
0,0,0,100,0,0,0,220001,0,0,0,100,0,0,0,100,0,0,0,0,220001,100,0,0,0,85370,100,0,0,0,0,220001,0,220001,0,0,0,0,0,0,100,0,0,220001,220001,0,0,0,100,0,0,0,220001,0,0,100,0,0,0,0,0,0,0,0,0,0,0,0,0,0,0,220001,0
0,0,0,100,0,0,0,220101,0,0,0,100,0,0,0,100,0,0,0,0,220101,100,0,0,0,85371,100,0,0,0,0,220101,0,220101,0,0,0,0,0,0,100,0,0,220101,220101,0,0,0,100,0,0,0,220101,0,0,100,0,0,0,0,0,0,0,0,0,0,0,0,0,0,0,220101,0
0,0,0,100,0,0,0,230101,0,0,0,100,0,0,0,100,0,0,0,0,230101,100,0,0,0,85372,100,0,0,0,0,230101,0,230101,0,0,0,0,0,0,100,0,0,230101,230101,0,0,0,100,0,0,0,230101,0,0,100,0,0,0,0,0,0,0,0,0,0,0,0,0,0,0,230101,0
0,0,0,100,0,0,0,223101,0,0,0,100,0,0,0,100,0,0,0,0,223101,100,0,0,0,85373,100,0,0,0,0,223101,0,223101,0,0,0,0,0,0,100,0,0,223101,223101,0,0,0,100,0,0,0,223101,0,0,100,0,0,0,0,0,0,0,0,0,0,0,0,0,0,0,223101,0
0,0,0,100,0,0,0,220101,0,0,0,100,0,0,0,100,0,0,0,0,220101,100,0,0,0,85374,100,0,0,0,0,220101,0,220101,0,0,0,0,0,0,100,0,0,220101,220101,0,0,0,100,0,0,0,220101,0,0,100,0,0,0,0,0,0,0,0,0,0,0,0,0,0,0,220101,0
0,0,0,100,0,0,0,224001,0,0,0,100,0,0,0,100,0,0,0,0,224001,100,0,0,0,85375,100,0,0,0,0,224001,0,224001,0,0,0,0,0,0,100,0,0,224001,224001,0,0,0,100,0,0,0,224001,0,0,100,0,0,0,0,0,0,0,0,0,0,0,0,0,0,0,224001,0
0,0,0,100,0,0,0,232101,0,0,0,100,0,0,0,100,0,0,0,0,232101,100,0,0,0,85376,100,0,0,0,0,232101,0,232101,0,0,0,0,0,0,100,0,0,232101,232101,0,0,0,100,0,0,0,232101,0,0,100,0,0,0,0,0,0,0,0,0,0,0,0,0,0,0,232101,0
0,0,0,100,0,0,0,263201,0,0,0,100,0,0,0,100,0,0,0,0,263201,100,0,0,0,85377,100,0,0,0,0,263201,0,263201,0,0,0,0,0,0,100,0,0,263201,263201,0,0,0,100,0,0,0,263201,0,0,100,0,0,0,0,0,0,0,0,0,0,0,0,0,0,0,263201,0
0,0,0,100,0,0,0,223101,0,0,0,100,0,0,0,100,0,0,0,0,223101,100,0,0,0,85505,100,0,0,0,0,223101,0,223101,0,0,0,0,0,0,100,0,0,223101,223101,0,0,0,100,0,0,0,223101,0,0,100,0,0,0,0,0,0,0,0,0,0,0,0,0,0,0,223101,0
0,0,0,100,0,0,0,223101,0,0,0,100,0,0,0,100,0,0,0,0,223101,100,0,0,0,85515,100,0,0,0,0,223101,0,223101,0,0,0,0,0,0,100,0,0,223101,223101,0,0,0,100,0,0,0,223101,0,0,100,0,0,0,0,0,0,0,0,0,0,0,0,0,0,0,223101,0
0,0,0,100,0,0,0,221101,0,0,0,100,0,0,0,100,0,0,0,0,221101,100,0,0,0,85618,100,0,0,0,0,221101,0,221101,0,0,0,0,0,0,100,0,0,221101,221101,0,0,0,100,0,0,0,221101,0,0,100,0,0,0,0,0,0,0,0,0,0,0,0,0,0,0,221101,0
0,0,0,100,0,0,0,224001,0,0,0,100,0,0,0,100,0,0,0,0,224001,100,0,0,0,85641,100,0,0,0,0,224001,0,224001,0,0,0,0,0,0,100,0,0,224001,224001,0,0,0,100,0,0,0,224001,0,0,100,0,0,0,0,0,0,0,0,0,0,0,0,0,0,0,224001,0
0,0,0,100,0,0,0,234101,0,0,0,100,0,0,0,100,0,0,0,0,234101,100,0,0,0,85642,100,0,0,0,0,234101,0,234101,0,0,0,0,0,0,100,0,0,234101,234101,0,0,0,100,0,0,0,234101,0,0,100,0,0,0,0,0,0,0,0,0,0,0,0,0,0,0,234101,0
0,0,0,100,0,0,0,224001,0,0,0,100,0,0,0,100,0,0,0,0,224001,100,0,0,0,85643,100,0,0,0,0,224001,0,224001,0,0,0,0,0,0,100,0,0,224001,224001,0,0,0,100,0,0,0,224001,0,0,100,0,0,0,0,0,0,0,0,0,0,0,0,0,0,0,224001,0
0,0,0,100,0,0,0,220001,0,0,0,100,0,0,0,100,0,0,0,0,220001,100,0,0,0,85652,100,0,0,0,0,220001,0,220001,0,0,0,0,0,0,100,0,0,220001,220001,0,0,0,100,0,0,0,220001,0,0,100,0,0,0,0,0,0,0,0,0,0,0,0,0,0,0,220001,0
0,0,0,100,0,0,0,224001,0,0,0,100,0,0,0,100,0,0,0,0,224001,100,0,0,0,85688,100,0,0,0,0,224001,0,224001,0,0,0,0,0,0,100,0,0,224001,224001,0,0,0,100,0,0,0,224001,0,0,100,0,0,0,0,0,0,0,0,0,0,0,0,0,0,0,224001,0
0,0,0,100,0,0,0,233101,0,0,0,100,0,0,0,100,0,0,0,0,233101,100,0,0,0,85697,100,0,0,0,0,233101,0,233101,0,0,0,0,0,0,100,0,0,233101,233101,0,0,0,100,0,0,0,233101,0,0,100,0,0,0,0,0,0,0,0,0,0,0,0,0,0,0,233101,0
0,0,0,100,0,0,0,223101,0,0,0,100,0,0,0,100,0,0,0,0,223101,100,0,0,0,85701,100,0,0,0,0,223101,0,223101,0,0,0,0,0,0,100,0,0,223101,223101,0,0,0,100,0,0,0,223101,0,0,100,0,0,0,0,0,0,0,0,0,0,0,0,0,0,0,223101,0
0,0,0,100,0,0,0,223101,0,0,0,100,0,0,0,100,0,0,0,0,223101,100,0,0,0,85894,100,0,0,0,0,223101,0,223101,0,0,0,0,0,0,100,0,0,223101,223101,0,0,0,100,0,0,0,223101,0,0,100,0,0,0,0,0,0,0,0,0,0,0,0,0,0,0,223101,0
0,0,0,100,0,0,0,223101,0,0,0,100,0,0,0,100,0,0,0,0,223101,100,0,0,0,85895,100,0,0,0,0,223101,0,223101,0,0,0,0,0,0,100,0,0,223101,223101,0,0,0,100,0,0,0,223101,0,0,100,0,0,0,0,0,0,0,0,0,0,0,0,0,0,0,223101,0
0,0,0,100,0,0,0,230101,0,0,0,100,0,0,0,100,0,0,0,0,230101,100,0,0,0,85971,100,0,0,0,0,230101,0,230101,0,0,0,0,0,0,100,0,0,230101,230101,0,0,0,100,0,0,0,230101,0,0,100,0,0,0,0,0,0,0,0,0,0,0,0,0,0,0,230101,0
0,0,0,100,0,0,0,220001,0,0,0,100,0,0,0,100,0,0,0,0,220001,100,0,0,0,85973,100,0,0,0,0,220001,0,220001,0,0,0,0,0,0,100,0,0,220001,220001,0,0,0,100,0,0,0,220001,0,0,100,0,0,0,0,0,0,0,0,0,0,0,0,0,0,0,220001,0
0,0,0,100,0,0,0,224001,0,0,0,100,0,0,0,100,0,0,0,0,224001,100,0,0,0,86104,100,0,0,0,0,224001,0,224001,0,0,0,0,0,0,100,0,0,224001,224001,0,0,0,100,0,0,0,224001,0,0,100,0,0,0,0,0,0,0,0,0,0,0,0,0,0,0,224001,0
0,0,0,100,0,0,0,234102,0,0,0,100,0,0,0,100,0,0,0,0,234102,100,0,0,0,86105,100,0,0,0,0,234102,0,234102,0,0,0,0,0,0,100,0,0,234102,234102,0,0,0,100,0,0,0,234102,0,0,100,0,0,0,0,0,0,0,0,0,0,0,0,0,0,0,234102,0
0,0,0,100,0,0,0,224001,0,0,0,100,0,0,0,100,0,0,0,0,224001,100,0,0,0,86106,100,0,0,0,0,224001,0,224001,0,0,0,0,0,0,100,0,0,224001,224001,0,0,0,100,0,0,0,224001,0,0,100,0,0,0,0,0,0,0,0,0,0,0,0,0,0,0,224001,0
0,0,0,100,0,0,0,220101,0,0,0,100,0,0,0,100,0,0,0,0,220101,100,0,0,0,86128,100,0,0,0,0,220101,0,220101,0,0,0,0,0,0,100,0,0,220101,220101,0,0,0,100,0,0,0,220101,0,0,100,0,0,0,0,0,0,0,0,0,0,0,0,0,0,0,220101,0
0,0,0,100,0,0,0,223101,0,0,0,100,0,0,0,100,0,0,0,0,223101,100,0,0,0,86210,100,0,0,0,0,223101,0,223101,0,0,0,0,0,0,100,0,0,223101,223101,0,0,0,100,0,0,0,223101,0,0,100,0,0,0,0,0,0,0,0,0,0,0,0,0,0,0,223101,0
0,0,0,100,0,0,0,223101,0,0,0,100,0,0,0,100,0,0,0,0,223101,100,0,0,0,86239,100,0,0,0,0,223101,0,223101,0,0,0,0,0,0,100,0,0,223101,223101,0,0,0,100,0,0,0,223101,0,0,100,0,0,0,0,0,0,0,0,0,0,0,0,0,0,0,223101,0
0,0,0,100,0,0,0,223101,0,0,0,100,0,0,0,100,0,0,0,0,223101,100,0,0,0,86240,100,0,0,0,0,223101,0,223101,0,0,0,0,0,0,100,0,0,223101,223101,0,0,0,100,0,0,0,223101,0,0,100,0,0,0,0,0,0,0,0,0,0,0,0,0,0,0,223101,0
0,0,0,100,0,0,0,221002,0,0,0,100,0,0,0,100,0,0,0,0,221002,100,0,0,0,86241,100,0,0,0,0,221002,0,221002,0,0,0,0,0,0,100,0,0,221002,221002,0,0,0,100,0,0,0,221002,0,0,100,0,0,0,0,0,0,0,0,0,0,0,0,0,0,0,221002,0
0,0,0,100,0,0,0,223101,0,0,0,100,0,0,0,100,0,0,0,0,223101,100,0,0,0,86243,100,0,0,0,0,223101,0,223101,0,0,0,0,0,0,100,0,0,223101,223101,0,0,0,100,0,0,0,223101,0,0,100,0,0,0,0,0,0,0,0,0,0,0,0,0,0,0,223101,0
0,0,0,100,0,0,0,240201,0,0,0,100,0,0,0,100,0,0,0,0,240201,100,0,0,0,186555,100,0,0,0,0,240201,0,240201,0,0,0,0,0,0,100,0,0,240201,240201,0,0,0,100,0,0,0,240201,0,0,100,0,0,0,0,0,0,0,0,0,0,0,0,0,0,0,240201,0
0,0,0,100,0,0,0,233101,0,0,0,100,0,0,0,100,0,0,0,0,233101,100,0,0,0,198198,100,0,0,0,0,233101,0,233101,0,0,0,0,0,0,100,0,0,233101,233101,0,0,0,100,0,0,0,233101,0,0,100,0,0,0,0,0,0,0,0,0,0,0,0,0,0,0,233101,0
0,0,0,100,0,0,0,233101,0,0,0,100,0,0,0,100,0,0,0,0,233101,100,0,0,0,204219,100,0,0,0,0,233101,0,233101,0,0,0,0,0,0,100,0,0,233101,233101,0,0,0,100,0,0,0,233101,0,0,100,0,0,0,0,0,0,0,0,0,0,0,0,0,0,0,233101,0
0,0,0,100,0,0,0,232101,0,0,0,100,0,0,0,100,0,0,0,0,232101,100,0,0,0,204280,100,0,0,0,0,232101,0,232101,0,0,0,0,0,0,100,0,0,232101,232101,0,0,0,100,0,0,0,232101,0,0,100,0,0,0,0,0,0,0,0,0,0,0,0,0,0,0,232101,0
0,0,0,100,0,0,0,233101,0,0,0,100,0,0,0,100,0,0,0,0,233101,100,0,0,0,205383,100,0,0,0,0,233101,0,233101,0,0,0,0,0,0,100,0,0,233101,233101,0,0,0,100,0,0,0,233101,0,0,100,0,0,0,0,0,0,0,0,0,0,0,0,0,0,0,233101,0
0,0,0,100,0,0,0,232001,0,0,0,100,0,0,0,100,0,0,0,0,232001,100,0,0,0,209232,100,0,0,0,0,232001,0,232001,0,0,0,0,0,0,100,0,0,232001,232001,0,0,0,100,0,0,0,232001,0,0,100,0,0,0,0,0,0,0,0,0,0,0,0,0,0,0,232001,0
0,0,0,100,0,0,0,242101,0,0,0,100,0,0,0,100,0,0,0,0,242101,100,0,0,0,209361,100,0,0,0,0,242101,0,242101,0,0,0,0,0,0,100,0,0,242101,242101,0,0,0,100,0,0,0,242101,0,0,100,0,0,0,0,0,0,0,0,0,0,0,0,0,0,0,242101,0
0,0,0,100,0,0,0,234101,0,0,0,100,0,0,0,100,0,0,0,0,234101,100,0,0,0,209701,100,0,0,0,0,234101,0,234101,0,0,0,0,0,0,100,0,0,234101,234101,0,0,0,100,0,0,0,234101,0,0,100,0,0,0,0,0,0,0,0,0,0,0,0,0,0,0,234101,0
0,0,0,100,0,0,0,232001,0,0,0,100,0,0,0,100,0,0,0,0,232001,100,0,0,0,210212,100,0,0,0,0,232001,0,232001,0,0,0,0,0,0,100,0,0,232001,232001,0,0,0,100,0,0,0,232001,0,0,100,0,0,0,0,0,0,0,0,0,0,0,0,0,0,0,232001,0
0,0,0,100,0,0,0,230101,0,0,0,100,0,0,0,100,0,0,0,0,230101,100,0,0,0,210287,100,0,0,0,0,230101,0,230101,0,0,0,0,0,0,100,0,0,230101,230101,0,0,0,100,0,0,0,230101,0,0,100,0,0,0,0,0,0,0,0,0,0,0,0,0,0,0,230101,0
0,0,0,100,0,0,0,240101,0,0,0,100,0,0,0,100,0,0,0,0,240101,100,0,0,0,210822,100,0,0,0,0,240101,0,240101,0,0,0,0,0,0,100,0,0,240101,240101,0,0,0,100,0,0,0,240101,0,0,100,0,0,0,0,0,0,0,0,0,0,0,0,0,0,0,240101,0
0,0,0,100,0,0,0,232001,0,0,0,100,0,0,0,100,0,0,0,0,232001,100,0,0,0,210923,100,0,0,0,0,232001,0,232001,0,0,0,0,0,0,100,0,0,232001,232001,0,0,0,100,0,0,0,232001,0,0,100,0,0,0,0,0,0,0,0,0,0,0,0,0,0,0,232001,0
0,0,0,100,0,0,0,232001,0,0,0,100,0,0,0,100,0,0,0,0,232001,100,0,0,0,212546,100,0,0,0,0,232001,0,232001,0,0,0,0,0,0,100,0,0,232001,232001,0,0,0,100,0,0,0,232001,0,0,100,0,0,0,0,0,0,0,0,0,0,0,0,0,0,0,232001,0
0,0,0,100,0,0,0,220001,0,0,0,100,0,0,0,100,0,0,0,0,220001,100,0,0,0,213615,100,0,0,0,0,220001,0,220001,0,0,0,0,0,0,100,0,0,220001,220001,0,0,0,100,0,0,0,220001,0,0,100,0,0,0,0,0,0,0,0,0,0,0,0,0,0,0,220001,0
0,0,0,100,0,0,0,232101,0,0,0,100,0,0,0,100,0,0,0,0,232101,100,0,0,0,213948,100,0,0,0,0,232101,0,232101,0,0,0,0,0,0,100,0,0,232101,232101,0,0,0,100,0,0,0,232101,0,0,100,0,0,0,0,0,0,0,0,0,0,0,0,0,0,0,232101,0
0,0,0,100,0,0,0,242201,0,0,0,100,0,0,0,100,0,0,0,0,242201,100,0,0,0,214332,100,0,0,0,0,242201,0,242201,0,0,0,0,0,0,100,0,0,242201,242201,0,0,0,100,0,0,0,242201,0,0,100,0,0,0,0,0,0,0,0,0,0,0,0,0,0,0,242201,0
0,0,0,100,0,0,0,233101,0,0,0,100,0,0,0,100,0,0,0,0,233101,100,0,0,0,217045,100,0,0,0,0,233101,0,233101,0,0,0,0,0,0,100,0,0,233101,233101,0,0,0,100,0,0,0,233101,0,0,100,0,0,0,0,0,0,0,0,0,0,0,0,0,0,0,233101,0
0,0,0,100,0,0,0,230101,0,0,0,100,0,0,0,100,0,0,0,0,230101,100,0,0,0,217050,100,0,0,0,0,230101,0,230101,0,0,0,0,0,0,100,0,0,230101,230101,0,0,0,100,0,0,0,230101,0,0,100,0,0,0,0,0,0,0,0,0,0,0,0,0,0,0,230101,0
0,0,0,100,0,0,0,230101,0,0,0,100,0,0,0,100,0,0,0,0,230101,100,0,0,0,217877,100,0,0,0,0,230101,0,230101,0,0,0,0,0,0,100,0,0,230101,230101,0,0,0,100,0,0,0,230101,0,0,100,0,0,0,0,0,0,0,0,0,0,0,0,0,0,0,230101,0
0,0,0,100,0,0,0,233101,0,0,0,100,0,0,0,100,0,0,0,0,233101,100,0,0,0,218191,100,0,0,0,0,233101,0,233101,0,0,0,0,0,0,100,0,0,233101,233101,0,0,0,100,0,0,0,233101,0,0,100,0,0,0,0,0,0,0,0,0,0,0,0,0,0,0,233101,0
0,0,0,100,0,0,0,234102,0,0,0,100,0,0,0,100,0,0,0,0,234102,100,0,0,0,218215,100,0,0,0,0,234102,0,234102,0,0,0,0,0,0,100,0,0,234102,234102,0,0,0,100,0,0,0,234102,0,0,100,0,0,0,0,0,0,0,0,0,0,0,0,0,0,0,234102,0
0,0,0,100,0,0,0,223101,0,0,0,100,0,0,0,100,0,0,0,0,223101,100,0,0,0,219914,100,0,0,0,0,223101,0,223101,0,0,0,0,0,0,100,0,0,223101,223101,0,0,0,100,0,0,0,223101,0,0,100,0,0,0,0,0,0,0,0,0,0,0,0,0,0,0,223101,0
0,0,0,100,0,0,0,234102,0,0,0,100,0,0,0,100,0,0,0,0,234102,100,0,0,0,220129,100,0,0,0,0,234102,0,234102,0,0,0,0,0,0,100,0,0,234102,234102,0,0,0,100,0,0,0,234102,0,0,100,0,0,0,0,0,0,0,0,0,0,0,0,0,0,0,234102,0
0,0,0,100,0,0,0,233101,0,0,0,100,0,0,0,100,0,0,0,0,233101,100,0,0,0,220346,100,0,0,0,0,233101,0,233101,0,0,0,0,0,0,100,0,0,233101,233101,0,0,0,100,0,0,0,233101,0,0,100,0,0,0,0,0,0,0,0,0,0,0,0,0,0,0,233101,0
0,0,0,100,0,0,0,232101,0,0,0,100,0,0,0,100,0,0,0,0,232101,100,0,0,0,220376,100,0,0,0,0,232101,0,232101,0,0,0,0,0,0,100,0,0,232101,232101,0,0,0,100,0,0,0,232101,0,0,100,0,0,0,0,0,0,0,0,0,0,0,0,0,0,0,232101,0
0,0,0,100,0,0,0,232001,0,0,0,100,0,0,0,100,0,0,0,0,232001,100,0,0,0,221989,100,0,0,0,0,232001,0,232001,0,0,0,0,0,0,100,0,0,232001,232001,0,0,0,100,0,0,0,232001,0,0,100,0,0,0,0,0,0,0,0,0,0,0,0,0,0,0,232001,0
0,0,0,100,0,0,0,232201,0,0,0,100,0,0,0,100,0,0,0,0,232201,100,0,0,0,222369,100,0,0,0,0,232201,0,232201,0,0,0,0,0,0,100,0,0,232201,232201,0,0,0,100,0,0,0,232201,0,0,100,0,0,0,0,0,0,0,0,0,0,0,0,0,0,0,232201,0
0,0,0,100,0,0,0,230101,0,0,0,100,0,0,0,100,0,0,0,0,230101,100,0,0,0,222560,100,0,0,0,0,230101,0,230101,0,0,0,0,0,0,100,0,0,230101,230101,0,0,0,100,0,0,0,230101,0,0,100,0,0,0,0,0,0,0,0,0,0,0,0,0,0,0,230101,0
0,0,0,100,0,0,0,232201,0,0,0,100,0,0,0,100,0,0,0,0,232201,100,0,0,0,223571,100,0,0,0,0,232201,0,232201,0,0,0,0,0,0,100,0,0,232201,232201,0,0,0,100,0,0,0,232201,0,0,100,0,0,0,0,0,0,0,0,0,0,0,0,0,0,0,232201,0
0,0,0,100,0,0,0,233101,0,0,0,100,0,0,0,100,0,0,0,0,233101,100,0,0,0,223690,100,0,0,0,0,233101,0,233101,0,0,0,0,0,0,100,0,0,233101,233101,0,0,0,100,0,0,0,233101,0,0,100,0,0,0,0,0,0,0,0,0,0,0,0,0,0,0,233101,0
0,0,0,100,0,0,0,224001,0,0,0,100,0,0,0,100,0,0,0,0,224001,100,0,0,0,224013,100,0,0,0,0,224001,0,224001,0,0,0,0,0,0,100,0,0,224001,224001,0,0,0,100,0,0,0,224001,0,0,100,0,0,0,0,0,0,0,0,0,0,0,0,0,0,0,224001,0
0,0,0,100,0,0,0,224001,0,0,0,100,0,0,0,100,0,0,0,0,224001,100,0,0,0,224198,100,0,0,0,0,224001,0,224001,0,0,0,0,0,0,100,0,0,224001,224001,0,0,0,100,0,0,0,224001,0,0,100,0,0,0,0,0,0,0,0,0,0,0,0,0,0,0,224001,0
0,0,0,100,0,0,0,233101,0,0,0,100,0,0,0,100,0,0,0,0,233101,100,0,0,0,224201,100,0,0,0,0,233101,0,233101,0,0,0,0,0,0,100,0,0,233101,233101,0,0,0,100,0,0,0,233101,0,0,100,0,0,0,0,0,0,0,0,0,0,0,0,0,0,0,233101,0
0,0,0,100,0,0,0,230101,0,0,0,100,0,0,0,100,0,0,0,0,230101,100,0,0,0,224242,100,0,0,0,0,230101,0,230101,0,0,0,0,0,0,100,0,0,230101,230101,0,0,0,100,0,0,0,230101,0,0,100,0,0,0,0,0,0,0,0,0,0,0,0,0,0,0,230101,0
0,0,0,100,0,0,0,231102,0,0,0,100,0,0,0,100,0,0,0,0,231102,100,0,0,0,224599,100,0,0,0,0,231102,0,231102,0,0,0,0,0,0,100,0,0,231102,231102,0,0,0,100,0,0,0,231102,0,0,100,0,0,0,0,0,0,0,0,0,0,0,0,0,0,0,231102,0
0,0,0,100,0,0,0,232001,0,0,0,100,0,0,0,100,0,0,0,0,232001,100,0,0,0,224981,100,0,0,0,0,232001,0,232001,0,0,0,0,0,0,100,0,0,232001,232001,0,0,0,100,0,0,0,232001,0,0,100,0,0,0,0,0,0,0,0,0,0,0,0,0,0,0,232001,0
0,0,0,100,0,0,0,233101,0,0,0,100,0,0,0,100,0,0,0,0,233101,100,0,0,0,225236,100,0,0,0,0,233101,0,233101,0,0,0,0,0,0,100,0,0,233101,233101,0,0,0,100,0,0,0,233101,0,0,100,0,0,0,0,0,0,0,0,0,0,0,0,0,0,0,233101,0
0,0,0,100,0,0,0,223101,0,0,0,100,0,0,0,100,0,0,0,0,223101,100,0,0,0,225645,100,0,0,0,0,223101,0,223101,0,0,0,0,0,0,100,0,0,223101,223101,0,0,0,100,0,0,0,223101,0,0,100,0,0,0,0,0,0,0,0,0,0,0,0,0,0,0,223101,0
0,0,0,100,0,0,0,223101,0,0,0,100,0,0,0,100,0,0,0,0,223101,100,0,0,0,225964,100,0,0,0,0,223101,0,223101,0,0,0,0,0,0,100,0,0,223101,223101,0,0,0,100,0,0,0,223101,0,0,100,0,0,0,0,0,0,0,0,0,0,0,0,0,0,0,223101,0
0,0,0,100,0,0,0,243101,0,0,0,100,0,0,0,100,0,0,0,0,243101,100,0,0,0,226045,100,0,0,0,0,243101,0,243101,0,0,0,0,0,0,100,0,0,243101,243101,0,0,0,100,0,0,0,243101,0,0,100,0,0,0,0,0,0,0,0,0,0,0,0,0,0,0,243101,0
0,0,0,100,0,0,0,232001,0,0,0,100,0,0,0,100,0,0,0,0,232001,100,0,0,0,227153,100,0,0,0,0,232001,0,232001,0,0,0,0,0,0,100,0,0,232001,232001,0,0,0,100,0,0,0,232001,0,0,100,0,0,0,0,0,0,0,0,0,0,0,0,0,0,0,232001,0
0,0,0,100,0,0,0,232001,0,0,0,100,0,0,0,100,0,0,0,0,232001,100,0,0,0,228120,100,0,0,0,0,232001,0,232001,0,0,0,0,0,0,100,0,0,232001,232001,0,0,0,100,0,0,0,232001,0,0,100,0,0,0,0,0,0,0,0,0,0,0,0,0,0,0,232001,0
0,0,0,100,0,0,0,230101,0,0,0,100,0,0,0,100,0,0,0,0,230101,100,0,0,0,228206,100,0,0,0,0,230101,0,230101,0,0,0,0,0,0,100,0,0,230101,230101,0,0,0,100,0,0,0,230101,0,0,100,0,0,0,0,0,0,0,0,0,0,0,0,0,0,0,230101,0
0,0,0,100,0,0,0,232001,0,0,0,100,0,0,0,100,0,0,0,0,232001,100,0,0,0,231601,100,0,0,0,0,232001,0,232001,0,0,0,0,0,0,100,0,0,232001,232001,0,0,0,100,0,0,0,232001,0,0,100,0,0,0,0,0,0,0,0,0,0,0,0,0,0,0,232001,0
0,0,0,100,0,0,0,230101,0,0,0,100,0,0,0,100,0,0,0,0,230101,100,0,0,0,231652,100,0,0,0,0,230101,0,230101,0,0,0,0,0,0,100,0,0,230101,230101,0,0,0,100,0,0,0,230101,0,0,100,0,0,0,0,0,0,0,0,0,0,0,0,0,0,0,230101,0
0,0,0,100,0,0,0,233101,0,0,0,100,0,0,0,100,0,0,0,0,233101,100,0,0,0,231867,100,0,0,0,0,233101,0,233101,0,0,0,0,0,0,100,0,0,233101,233101,0,0,0,100,0,0,0,233101,0,0,100,0,0,0,0,0,0,0,0,0,0,0,0,0,0,0,233101,0
0,0,0,100,0,0,0,232001,0,0,0,100,0,0,0,100,0,0,0,0,232001,100,0,0,0,232413,100,0,0,0,0,232001,0,232001,0,0,0,0,0,0,100,0,0,232001,232001,0,0,0,100,0,0,0,232001,0,0,100,0,0,0,0,0,0,0,0,0,0,0,0,0,0,0,232001,0
0,0,0,100,0,0,0,220101,0,0,0,100,0,0,0,100,0,0,0,0,220101,100,0,0,0,232500,100,0,0,0,0,220101,0,220101,0,0,0,0,0,0,100,0,0,220101,220101,0,0,0,100,0,0,0,220101,0,0,100,0,0,0,0,0,0,0,0,0,0,0,0,0,0,0,220101,0
0,0,0,100,0,0,0,232001,0,0,0,100,0,0,0,100,0,0,0,0,232001,100,0,0,0,233139,100,0,0,0,0,232001,0,232001,0,0,0,0,0,0,100,0,0,232001,232001,0,0,0,100,0,0,0,232001,0,0,100,0,0,0,0,0,0,0,0,0,0,0,0,0,0,0,232001,0
0,0,0,100,0,0,0,232001,0,0,0,100,0,0,0,100,0,0,0,0,232001,100,0,0,0,234051,100,0,0,0,0,232001,0,232001,0,0,0,0,0,0,100,0,0,232001,232001,0,0,0,100,0,0,0,232001,0,0,100,0,0,0,0,0,0,0,0,0,0,0,0,0,0,0,232001,0
0,0,0,100,0,0,0,223101,0,0,0,100,0,0,0,100,0,0,0,0,223101,100,0,0,0,234587,100,0,0,0,0,223101,0,223101,0,0,0,0,0,0,100,0,0,223101,223101,0,0,0,100,0,0,0,223101,0,0,100,0,0,0,0,0,0,0,0,0,0,0,0,0,0,0,223101,0
0,0,0,100,0,0,0,232001,0,0,0,100,0,0,0,100,0,0,0,0,232001,100,0,0,0,234726,100,0,0,0,0,232001,0,232001,0,0,0,0,0,0,100,0,0,232001,232001,0,0,0,100,0,0,0,232001,0,0,100,0,0,0,0,0,0,0,0,0,0,0,0,0,0,0,232001,0
0,0,0,100,0,0,0,232001,0,0,0,100,0,0,0,100,0,0,0,0,232001,100,0,0,0,234913,100,0,0,0,0,232001,0,232001,0,0,0,0,0,0,100,0,0,232001,232001,0,0,0,100,0,0,0,232001,0,0,100,0,0,0,0,0,0,0,0,0,0,0,0,0,0,0,232001,0
0,0,0,100,0,0,0,232001,0,0,0,100,0,0,0,100,0,0,0,0,232001,100,0,0,0,234983,100,0,0,0,0,232001,0,232001,0,0,0,0,0,0,100,0,0,232001,232001,0,0,0,100,0,0,0,232001,0,0,100,0,0,0,0,0,0,0,0,0,0,0,0,0,0,0,232001,0
0,0,0,100,0,0,0,220101,0,0,0,100,0,0,0,100,0,0,0,0,220101,100,0,0,0,235662,100,0,0,0,0,220101,0,220101,0,0,0,0,0,0,100,0,0,220101,220101,0,0,0,100,0,0,0,220101,0,0,100,0,0,0,0,0,0,0,0,0,0,0,0,0,0,0,220101,0
0,0,0,100,0,0,0,232001,0,0,0,100,0,0,0,100,0,0,0,0,232001,100,0,0,0,237055,100,0,0,0,0,232001,0,232001,0,0,0,0,0,0,100,0,0,232001,232001,0,0,0,100,0,0,0,232001,0,0,100,0,0,0,0,0,0,0,0,0,0,0,0,0,0,0,232001,0
0,0,0,100,0,0,0,232001,0,0,0,100,0,0,0,100,0,0,0,0,232001,100,0,0,0,237647,100,0,0,0,0,232001,0,232001,0,0,0,0,0,0,100,0,0,232001,232001,0,0,0,100,0,0,0,232001,0,0,100,0,0,0,0,0,0,0,0,0,0,0,0,0,0,0,232001,0
0,0,0,100,0,0,0,223101,0,0,0,100,0,0,0,100,0,0,0,0,223101,100,0,0,0,238196,100,0,0,0,0,223101,0,223101,0,0,0,0,0,0,100,0,0,223101,223101,0,0,0,100,0,0,0,223101,0,0,100,0,0,0,0,0,0,0,0,0,0,0,0,0,0,0,223101,0
0,0,0,100,0,0,0,232001,0,0,0,100,0,0,0,100,0,0,0,0,232001,100,0,0,0,238391,100,0,0,0,0,232001,0,232001,0,0,0,0,0,0,100,0,0,232001,232001,0,0,0,100,0,0,0,232001,0,0,100,0,0,0,0,0,0,0,0,0,0,0,0,0,0,0,232001,0
0,0,0,100,0,0,0,232001,0,0,0,100,0,0,0,100,0,0,0,0,232001,100,0,0,0,240351,100,0,0,0,0,232001,0,232001,0,0,0,0,0,0,100,0,0,232001,232001,0,0,0,100,0,0,0,232001,0,0,100,0,0,0,0,0,0,0,0,0,0,0,0,0,0,0,232001,0
0,0,0,100,0,0,0,232001,0,0,0,100,0,0,0,100,0,0,0,0,232001,100,0,0,0,240463,100,0,0,0,0,232001,0,232001,0,0,0,0,0,0,100,0,0,232001,232001,0,0,0,100,0,0,0,232001,0,0,100,0,0,0,0,0,0,0,0,0,0,0,0,0,0,0,232001,0
0,0,0,100,0,0,0,232001,0,0,0,100,0,0,0,100,0,0,0,0,232001,100,0,0,0,240628,100,0,0,0,0,232001,0,232001,0,0,0,0,0,0,100,0,0,232001,232001,0,0,0,100,0,0,0,232001,0,0,100,0,0,0,0,0,0,0,0,0,0,0,0,0,0,0,232001,0
0,0,0,100,0,0,0,223101,0,0,0,100,0,0,0,100,0,0,0,0,223101,100,0,0,0,241731,100,0,0,0,0,223101,0,223101,0,0,0,0,0,0,100,0,0,223101,223101,0,0,0,100,0,0,0,223101,0,0,100,0,0,0,0,0,0,0,0,0,0,0,0,0,0,0,223101,0
0,0,0,100,0,0,0,234101,0,0,0,100,0,0,0,100,0,0,0,0,234101,100,0,0,0,241777,100,0,0,0,0,234101,0,234101,0,0,0,0,0,0,100,0,0,234101,234101,0,0,0,100,0,0,0,234101,0,0,100,0,0,0,0,0,0,0,0,0,0,0,0,0,0,0,234101,0
0,0,0,100,0,0,0,220001,0,0,0,100,0,0,0,100,0,0,0,0,220001,100,0,0,0,241943,100,0,0,0,0,220001,0,220001,0,0,0,0,0,0,100,0,0,220001,220001,0,0,0,100,0,0,0,220001,0,0,100,0,0,0,0,0,0,0,0,0,0,0,0,0,0,0,220001,0
0,0,0,100,0,0,0,223101,0,0,0,100,0,0,0,100,0,0,0,0,223101,100,0,0,0,242249,100,0,0,0,0,223101,0,223101,0,0,0,0,0,0,100,0,0,223101,223101,0,0,0,100,0,0,0,223101,0,0,100,0,0,0,0,0,0,0,0,0,0,0,0,0,0,0,223101,0
0,0,0,100,0,0,0,231102,0,0,0,100,0,0,0,100,0,0,0,0,231102,100,0,0,0,242351,100,0,0,0,0,231102,0,231102,0,0,0,0,0,0,100,0,0,231102,231102,0,0,0,100,0,0,0,231102,0,0,100,0,0,0,0,0,0,0,0,0,0,0,0,0,0,0,231102,0
0,0,0,100,0,0,0,230101,0,0,0,100,0,0,0,100,0,0,0,0,230101,100,0,0,0,242395,100,0,0,0,0,230101,0,230101,0,0,0,0,0,0,100,0,0,230101,230101,0,0,0,100,0,0,0,230101,0,0,100,0,0,0,0,0,0,0,0,0,0,0,0,0,0,0,230101,0
0,0,0,100,0,0,0,220101,0,0,0,100,0,0,0,100,0,0,0,0,220101,100,0,0,0,242935,100,0,0,0,0,220101,0,220101,0,0,0,0,0,0,100,0,0,220101,220101,0,0,0,100,0,0,0,220101,0,0,100,0,0,0,0,0,0,0,0,0,0,0,0,0,0,0,220101,0
0,0,0,100,0,0,0,220001,0,0,0,100,0,0,0,100,0,0,0,0,220001,100,0,0,0,242936,100,0,0,0,0,220001,0,220001,0,0,0,0,0,0,100,0,0,220001,220001,0,0,0,100,0,0,0,220001,0,0,100,0,0,0,0,0,0,0,0,0,0,0,0,0,0,0,220001,0
0,0,0,100,0,0,0,232101,0,0,0,100,0,0,0,100,0,0,0,0,232101,100,0,0,0,244266,100,0,0,0,0,232101,0,232101,0,0,0,0,0,0,100,0,0,232101,232101,0,0,0,100,0,0,0,232101,0,0,100,0,0,0,0,0,0,0,0,0,0,0,0,0,0,0,232101,0
0,0,0,100,0,0,0,232001,0,0,0,100,0,0,0,100,0,0,0,0,232001,100,0,0,0,244271,100,0,0,0,0,232001,0,232001,0,0,0,0,0,0,100,0,0,232001,232001,0,0,0,100,0,0,0,232001,0,0,100,0,0,0,0,0,0,0,0,0,0,0,0,0,0,0,232001,0
0,0,0,100,0,0,0,223101,0,0,0,100,0,0,0,100,0,0,0,0,223101,100,0,0,0,244623,100,0,0,0,0,223101,0,223101,0,0,0,0,0,0,100,0,0,223101,223101,0,0,0,100,0,0,0,223101,0,0,100,0,0,0,0,0,0,0,0,0,0,0,0,0,0,0,223101,0
0,0,0,100,0,0,0,221002,0,0,0,100,0,0,0,100,0,0,0,0,221002,100,0,0,0,245054,100,0,0,0,0,221002,0,221002,0,0,0,0,0,0,100,0,0,221002,221002,0,0,0,100,0,0,0,221002,0,0,100,0,0,0,0,0,0,0,0,0,0,0,0,0,0,0,221002,0
0,0,0,100,0,0,0,223101,0,0,0,100,0,0,0,100,0,0,0,0,223101,100,0,0,0,245710,100,0,0,0,0,223101,0,223101,0,0,0,0,0,0,100,0,0,223101,223101,0,0,0,100,0,0,0,223101,0,0,100,0,0,0,0,0,0,0,0,0,0,0,0,0,0,0,223101,0
0,0,0,100,0,0,0,223101,0,0,0,100,0,0,0,100,0,0,0,0,223101,100,0,0,0,246058,100,0,0,0,0,223101,0,223101,0,0,0,0,0,0,100,0,0,223101,223101,0,0,0,100,0,0,0,223101,0,0,100,0,0,0,0,0,0,0,0,0,0,0,0,0,0,0,223101,0
0,0,0,100,0,0,0,223101,0,0,0,100,0,0,0,100,0,0,0,0,223101,100,0,0,0,246097,100,0,0,0,0,223101,0,223101,0,0,0,0,0,0,100,0,0,223101,223101,0,0,0,100,0,0,0,223101,0,0,100,0,0,0,0,0,0,0,0,0,0,0,0,0,0,0,223101,0
0,0,0,100,0,0,0,232001,0,0,0,100,0,0,0,100,0,0,0,0,232001,100,0,0,0,246562,100,0,0,0,0,232001,0,232001,0,0,0,0,0,0,100,0,0,232001,232001,0,0,0,100,0,0,0,232001,0,0,100,0,0,0,0,0,0,0,0,0,0,0,0,0,0,0,232001,0
0,0,0,100,0,0,0,223101,0,0,0,100,0,0,0,100,0,0,0,0,223101,100,0,0,0,246608,100,0,0,0,0,223101,0,223101,0,0,0,0,0,0,100,0,0,223101,223101,0,0,0,100,0,0,0,223101,0,0,100,0,0,0,0,0,0,0,0,0,0,0,0,0,0,0,223101,0
0,0,0,100,0,0,0,224001,0,0,0,100,0,0,0,100,0,0,0,0,224001,100,0,0,0,246666,100,0,0,0,0,224001,0,224001,0,0,0,0,0,0,100,0,0,224001,224001,0,0,0,100,0,0,0,224001,0,0,100,0,0,0,0,0,0,0,0,0,0,0,0,0,0,0,224001,0
0,0,0,100,0,0,0,244101,0,0,0,100,0,0,0,100,0,0,0,0,244101,100,0,0,0,249364,100,0,0,0,0,244101,0,244101,0,0,0,0,0,0,100,0,0,244101,244101,0,0,0,100,0,0,0,244101,0,0,100,0,0,0,0,0,0,0,0,0,0,0,0,0,0,0,244101,0
0,0,0,100,0,0,0,250101,0,0,0,100,0,0,0,100,0,0,0,0,250101,100,0,0,0,249481,100,0,0,0,0,250101,0,250101,0,0,0,0,0,0,100,0,0,250101,250101,0,0,0,100,0,0,0,250101,0,0,100,0,0,0,0,0,0,0,0,0,0,0,0,0,0,0,250101,0
0,0,0,100,0,0,0,263201,0,0,0,100,0,0,0,100,0,0,0,0,263201,100,0,0,0,249575,100,0,0,0,0,263201,0,263201,0,0,0,0,0,0,100,0,0,263201,263201,0,0,0,100,0,0,0,263201,0,0,100,0,0,0,0,0,0,0,0,0,0,0,0,0,0,0,263201,0
0,0,0,100,0,0,0,252001,0,0,0,100,0,0,0,100,0,0,0,0,252001,100,0,0,0,249620,100,0,0,0,0,252001,0,252001,0,0,0,0,0,0,100,0,0,252001,252001,0,0,0,100,0,0,0,252001,0,0,100,0,0,0,0,0,0,0,0,0,0,0,0,0,0,0,252001,0
0,0,0,100,0,0,0,242201,0,0,0,100,0,0,0,100,0,0,0,0,242201,100,0,0,0,249939,100,0,0,0,0,242201,0,242201,0,0,0,0,0,0,100,0,0,242201,242201,0,0,0,100,0,0,0,242201,0,0,100,0,0,0,0,0,0,0,0,0,0,0,0,0,0,0,242201,0
0,0,0,100,0,0,0,242101,0,0,0,100,0,0,0,100,0,0,0,0,242101,100,0,0,0,249953,100,0,0,0,0,242101,0,242101,0,0,0,0,0,0,100,0,0,242101,242101,0,0,0,100,0,0,0,242101,0,0,100,0,0,0,0,0,0,0,0,0,0,0,0,0,0,0,242101,0
0,0,0,100,0,0,0,253101,0,0,0,100,0,0,0,100,0,0,0,0,253101,100,0,0,0,250085,100,0,0,0,0,253101,0,253101,0,0,0,0,0,0,100,0,0,253101,253101,0,0,0,100,0,0,0,253101,0,0,100,0,0,0,0,0,0,0,0,0,0,0,0,0,0,0,253101,0
0,0,0,100,0,0,0,263205,0,0,0,100,0,0,0,100,0,0,0,0,263205,100,0,0,0,250340,100,0,0,0,0,263205,0,263205,0,0,0,0,0,0,100,0,0,263205,263205,0,0,0,100,0,0,0,263205,0,0,100,0,0,0,0,0,0,0,0,0,0,0,0,0,0,0,263205,0
0,0,0,100,0,0,0,242101,0,0,0,100,0,0,0,100,0,0,0,0,242101,100,0,0,0,250516,100,0,0,0,0,242101,0,242101,0,0,0,0,0,0,100,0,0,242101,242101,0,0,0,100,0,0,0,242101,0,0,100,0,0,0,0,0,0,0,0,0,0,0,0,0,0,0,242101,0
0,0,0,100,0,0,0,232001,0,0,0,100,0,0,0,100,0,0,0,0,232001,100,0,0,0,250779,100,0,0,0,0,232001,0,232001,0,0,0,0,0,0,100,0,0,232001,232001,0,0,0,100,0,0,0,232001,0,0,100,0,0,0,0,0,0,0,0,0,0,0,0,0,0,0,232001,0
0,0,0,100,0,0,0,223101,0,0,0,100,0,0,0,100,0,0,0,0,223101,100,0,0,0,251076,100,0,0,0,0,223101,0,223101,0,0,0,0,0,0,100,0,0,223101,223101,0,0,0,100,0,0,0,223101,0,0,100,0,0,0,0,0,0,0,0,0,0,0,0,0,0,0,223101,0
0,0,0,100,0,0,0,224001,0,0,0,100,0,0,0,100,0,0,0,0,224001,100,0,0,0,251223,100,0,0,0,0,224001,0,224001,0,0,0,0,0,0,100,0,0,224001,224001,0,0,0,100,0,0,0,224001,0,0,100,0,0,0,0,0,0,0,0,0,0,0,0,0,0,0,224001,0
0,0,0,100,0,0,0,223101,0,0,0,100,0,0,0,100,0,0,0,0,223101,100,0,0,0,251663,100,0,0,0,0,223101,0,223101,0,0,0,0,0,0,100,0,0,223101,223101,0,0,0,100,0,0,0,223101,0,0,100,0,0,0,0,0,0,0,0,0,0,0,0,0,0,0,223101,0
0,0,0,100,0,0,0,223101,0,0,0,100,0,0,0,100,0,0,0,0,223101,100,0,0,0,251835,100,0,0,0,0,223101,0,223101,0,0,0,0,0,0,100,0,0,223101,223101,0,0,0,100,0,0,0,223101,0,0,100,0,0,0,0,0,0,0,0,0,0,0,0,0,0,0,223101,0
0,0,0,100,0,0,0,223101,0,0,0,100,0,0,0,100,0,0,0,0,223101,100,0,0,0,252508,100,0,0,0,0,223101,0,223101,0,0,0,0,0,0,100,0,0,223101,223101,0,0,0,100,0,0,0,223101,0,0,100,0,0,0,0,0,0,0,0,0,0,0,0,0,0,0,223101,0
0,0,0,100,0,0,0,232101,0,0,0,100,0,0,0,100,0,0,0,0,232101,100,0,0,0,253061,100,0,0,0,0,232101,0,232101,0,0,0,0,0,0,100,0,0,232101,232101,0,0,0,100,0,0,0,232101,0,0,100,0,0,0,0,0,0,0,0,0,0,0,0,0,0,0,232101,0
0,0,0,100,0,0,0,232001,0,0,0,100,0,0,0,100,0,0,0,0,232001,100,0,0,0,253281,100,0,0,0,0,232001,0,232001,0,0,0,0,0,0,100,0,0,232001,232001,0,0,0,100,0,0,0,232001,0,0,100,0,0,0,0,0,0,0,0,0,0,0,0,0,0,0,232001,0
0,0,0,100,0,0,0,220101,0,0,0,100,0,0,0,100,0,0,0,0,220101,100,0,0,0,253440,100,0,0,0,0,220101,0,220101,0,0,0,0,0,0,100,0,0,220101,220101,0,0,0,100,0,0,0,220101,0,0,100,0,0,0,0,0,0,0,0,0,0,0,0,0,0,0,220101,0
0,0,0,100,0,0,0,232001,0,0,0,100,0,0,0,100,0,0,0,0,232001,100,0,0,0,253617,100,0,0,0,0,232001,0,232001,0,0,0,0,0,0,100,0,0,232001,232001,0,0,0,100,0,0,0,232001,0,0,100,0,0,0,0,0,0,0,0,0,0,0,0,0,0,0,232001,0
0,0,0,100,0,0,0,230101,0,0,0,100,0,0,0,100,0,0,0,0,230101,100,0,0,0,253949,100,0,0,0,0,230101,0,230101,0,0,0,0,0,0,100,0,0,230101,230101,0,0,0,100,0,0,0,230101,0,0,100,0,0,0,0,0,0,0,0,0,0,0,0,0,0,0,230101,0
0,0,0,100,0,0,0,233101,0,0,0,100,0,0,0,100,0,0,0,0,233101,100,0,0,0,254005,100,0,0,0,0,233101,0,233101,0,0,0,0,0,0,100,0,0,233101,233101,0,0,0,100,0,0,0,233101,0,0,100,0,0,0,0,0,0,0,0,0,0,0,0,0,0,0,233101,0
0,0,0,100,0,0,0,230101,0,0,0,100,0,0,0,100,0,0,0,0,230101,100,0,0,0,254391,100,0,0,0,0,230101,0,230101,0,0,0,0,0,0,100,0,0,230101,230101,0,0,0,100,0,0,0,230101,0,0,100,0,0,0,0,0,0,0,0,0,0,0,0,0,0,0,230101,0
0,0,0,100,0,0,0,232001,0,0,0,100,0,0,0,100,0,0,0,0,232001,100,0,0,0,254623,100,0,0,0,0,232001,0,232001,0,0,0,0,0,0,100,0,0,232001,232001,0,0,0,100,0,0,0,232001,0,0,100,0,0,0,0,0,0,0,0,0,0,0,0,0,0,0,232001,0
0,0,0,100,0,0,0,233101,0,0,0,100,0,0,0,100,0,0,0,0,233101,100,0,0,0,254952,100,0,0,0,0,233101,0,233101,0,0,0,0,0,0,100,0,0,233101,233101,0,0,0,100,0,0,0,233101,0,0,100,0,0,0,0,0,0,0,0,0,0,0,0,0,0,0,233101,0
0,0,0,100,0,0,0,233101,0,0,0,100,0,0,0,100,0,0,0,0,233101,100,0,0,0,255123,100,0,0,0,0,233101,0,233101,0,0,0,0,0,0,100,0,0,233101,233101,0,0,0,100,0,0,0,233101,0,0,100,0,0,0,0,0,0,0,0,0,0,0,0,0,0,0,233101,0
0,0,0,100,0,0,0,223101,0,0,0,100,0,0,0,100,0,0,0,0,223101,100,0,0,0,255340,100,0,0,0,0,223101,0,223101,0,0,0,0,0,0,100,0,0,223101,223101,0,0,0,100,0,0,0,223101,0,0,100,0,0,0,0,0,0,0,0,0,0,0,0,0,0,0,223101,0
0,0,0,100,0,0,0,223101,0,0,0,100,0,0,0,100,0,0,0,0,223101,100,0,0,0,256036,100,0,0,0,0,223101,0,223101,0,0,0,0,0,0,100,0,0,223101,223101,0,0,0,100,0,0,0,223101,0,0,100,0,0,0,0,0,0,0,0,0,0,0,0,0,0,0,223101,0
0,0,0,100,0,0,0,223101,0,0,0,100,0,0,0,100,0,0,0,0,223101,100,0,0,0,256145,100,0,0,0,0,223101,0,223101,0,0,0,0,0,0,100,0,0,223101,223101,0,0,0,100,0,0,0,223101,0,0,100,0,0,0,0,0,0,0,0,0,0,0,0,0,0,0,223101,0
0,0,0,100,0,0,0,220101,0,0,0,100,0,0,0,100,0,0,0,0,220101,100,0,0,0,256420,100,0,0,0,0,220101,0,220101,0,0,0,0,0,0,100,0,0,220101,220101,0,0,0,100,0,0,0,220101,0,0,100,0,0,0,0,0,0,0,0,0,0,0,0,0,0,0,220101,0
0,0,0,100,0,0,0,223101,0,0,0,100,0,0,0,100,0,0,0,0,223101,100,0,0,0,256435,100,0,0,0,0,223101,0,223101,0,0,0,0,0,0,100,0,0,223101,223101,0,0,0,100,0,0,0,223101,0,0,100,0,0,0,0,0,0,0,0,0,0,0,0,0,0,0,223101,0
0,0,0,100,0,0,0,242101,0,0,0,100,0,0,0,100,0,0,0,0,242101,100,0,0,0,256901,100,0,0,0,0,242101,0,242101,0,0,0,0,0,0,100,0,0,242101,242101,0,0,0,100,0,0,0,242101,0,0,100,0,0,0,0,0,0,0,0,0,0,0,0,0,0,0,242101,0
0,0,0,100,0,0,0,220101,0,0,0,100,0,0,0,100,0,0,0,0,220101,100,0,0,0,257025,100,0,0,0,0,220101,0,220101,0,0,0,0,0,0,100,0,0,220101,220101,0,0,0,100,0,0,0,220101,0,0,100,0,0,0,0,0,0,0,0,0,0,0,0,0,0,0,220101,0
0,0,0,100,0,0,0,223101,0,0,0,100,0,0,0,100,0,0,0,0,223101,100,0,0,0,257289,100,0,0,0,0,223101,0,223101,0,0,0,0,0,0,100,0,0,223101,223101,0,0,0,100,0,0,0,223101,0,0,100,0,0,0,0,0,0,0,0,0,0,0,0,0,0,0,223101,0
0,0,0,100,0,0,0,232001,0,0,0,100,0,0,0,100,0,0,0,0,232001,100,0,0,0,257536,100,0,0,0,0,232001,0,232001,0,0,0,0,0,0,100,0,0,232001,232001,0,0,0,100,0,0,0,232001,0,0,100,0,0,0,0,0,0,0,0,0,0,0,0,0,0,0,232001,0
0,0,0,100,0,0,0,232001,0,0,0,100,0,0,0,100,0,0,0,0,232001,100,0,0,0,258040,100,0,0,0,0,232001,0,232001,0,0,0,0,0,0,100,0,0,232001,232001,0,0,0,100,0,0,0,232001,0,0,100,0,0,0,0,0,0,0,0,0,0,0,0,0,0,0,232001,0
0,0,0,100,0,0,0,223101,0,0,0,100,0,0,0,100,0,0,0,0,223101,100,0,0,0,258210,100,0,0,0,0,223101,0,223101,0,0,0,0,0,0,100,0,0,223101,223101,0,0,0,100,0,0,0,223101,0,0,100,0,0,0,0,0,0,0,0,0,0,0,0,0,0,0,223101,0
0,0,0,100,0,0,0,224001,0,0,0,100,0,0,0,100,0,0,0,0,224001,100,0,0,0,258602,100,0,0,0,0,224001,0,224001,0,0,0,0,0,0,100,0,0,224001,224001,0,0,0,100,0,0,0,224001,0,0,100,0,0,0,0,0,0,0,0,0,0,0,0,0,0,0,224001,0
0,0,0,100,0,0,0,223101,0,0,0,100,0,0,0,100,0,0,0,0,223101,100,0,0,0,259293,100,0,0,0,0,223101,0,223101,0,0,0,0,0,0,100,0,0,223101,223101,0,0,0,100,0,0,0,223101,0,0,100,0,0,0,0,0,0,0,0,0,0,0,0,0,0,0,223101,0
0,0,0,100,0,0,0,223101,0,0,0,100,0,0,0,100,0,0,0,0,223101,100,0,0,0,259849,100,0,0,0,0,223101,0,223101,0,0,0,0,0,0,100,0,0,223101,223101,0,0,0,100,0,0,0,223101,0,0,100,0,0,0,0,0,0,0,0,0,0,0,0,0,0,0,223101,0
0,0,0,100,0,0,0,233101,0,0,0,100,0,0,0,100,0,0,0,0,233101,100,0,0,0,259850,100,0,0,0,0,233101,0,233101,0,0,0,0,0,0,100,0,0,233101,233101,0,0,0,100,0,0,0,233101,0,0,100,0,0,0,0,0,0,0,0,0,0,0,0,0,0,0,233101,0
0,0,0,100,0,0,0,223101,0,0,0,100,0,0,0,100,0,0,0,0,223101,100,0,0,0,259858,100,0,0,0,0,223101,0,223101,0,0,0,0,0,0,100,0,0,223101,223101,0,0,0,100,0,0,0,223101,0,0,100,0,0,0,0,0,0,0,0,0,0,0,0,0,0,0,223101,0
0,0,0,100,0,0,0,253101,0,0,0,100,0,0,0,100,0,0,0,0,253101,100,0,0,0,260198,100,0,0,0,0,253101,0,253101,0,0,0,0,0,0,100,0,0,253101,253101,0,0,0,100,0,0,0,253101,0,0,100,0,0,0,0,0,0,0,0,0,0,0,0,0,0,0,253101,0
0,0,0,100,0,0,0,220101,0,0,0,100,0,0,0,100,0,0,0,0,220101,100,0,0,0,260386,100,0,0,0,0,220101,0,220101,0,0,0,0,0,0,100,0,0,220101,220101,0,0,0,100,0,0,0,220101,0,0,100,0,0,0,0,0,0,0,0,0,0,0,0,0,0,0,220101,0
0,0,0,100,0,0,0,220001,0,0,0,100,0,0,0,100,0,0,0,0,220001,100,0,0,0,260740,100,0,0,0,0,220001,0,220001,0,0,0,0,0,0,100,0,0,220001,220001,0,0,0,100,0,0,0,220001,0,0,100,0,0,0,0,0,0,0,0,0,0,0,0,0,0,0,220001,0
0,0,0,100,0,0,0,224001,0,0,0,100,0,0,0,100,0,0,0,0,224001,100,0,0,0,261176,100,0,0,0,0,224001,0,224001,0,0,0,0,0,0,100,0,0,224001,224001,0,0,0,100,0,0,0,224001,0,0,100,0,0,0,0,0,0,0,0,0,0,0,0,0,0,0,224001,0
0,0,0,100,0,0,0,221001,0,0,0,100,0,0,0,100,0,0,0,0,221001,100,0,0,0,262039,100,0,0,0,0,221001,0,221001,0,0,0,0,0,0,100,0,0,221001,221001,0,0,0,100,0,0,0,221001,0,0,100,0,0,0,0,0,0,0,0,0,0,0,0,0,0,0,221001,0
0,0,0,100,0,0,0,220101,0,0,0,100,0,0,0,100,0,0,0,0,220101,100,0,0,0,262071,100,0,0,0,0,220101,0,220101,0,0,0,0,0,0,100,0,0,220101,220101,0,0,0,100,0,0,0,220101,0,0,100,0,0,0,0,0,0,0,0,0,0,0,0,0,0,0,220101,0
0,0,0,100,0,0,0,223101,0,0,0,100,0,0,0,100,0,0,0,0,223101,100,0,0,0,262151,100,0,0,0,0,223101,0,223101,0,0,0,0,0,0,100,0,0,223101,223101,0,0,0,100,0,0,0,223101,0,0,100,0,0,0,0,0,0,0,0,0,0,0,0,0,0,0,223101,0
0,0,0,100,0,0,0,242201,0,0,0,100,0,0,0,100,0,0,0,0,242201,100,0,0,0,262187,100,0,0,0,0,242201,0,242201,0,0,0,0,0,0,100,0,0,242201,242201,0,0,0,100,0,0,0,242201,0,0,100,0,0,0,0,0,0,0,0,0,0,0,0,0,0,0,242201,0
0,0,0,100,0,0,0,253101,0,0,0,100,0,0,0,100,0,0,0,0,253101,100,0,0,0,262188,100,0,0,0,0,253101,0,253101,0,0,0,0,0,0,100,0,0,253101,253101,0,0,0,100,0,0,0,253101,0,0,100,0,0,0,0,0,0,0,0,0,0,0,0,0,0,0,253101,0
0,0,0,100,0,0,0,220101,0,0,0,100,0,0,0,100,0,0,0,0,220101,100,0,0,0,262638,100,0,0,0,0,220101,0,220101,0,0,0,0,0,0,100,0,0,220101,220101,0,0,0,100,0,0,0,220101,0,0,100,0,0,0,0,0,0,0,0,0,0,0,0,0,0,0,220101,0
0,0,0,100,0,0,0,223101,0,0,0,100,0,0,0,100,0,0,0,0,223101,100,0,0,0,262968,100,0,0,0,0,223101,0,223101,0,0,0,0,0,0,100,0,0,223101,223101,0,0,0,100,0,0,0,223101,0,0,100,0,0,0,0,0,0,0,0,0,0,0,0,0,0,0,223101,0
0,0,0,100,0,0,0,232001,0,0,0,100,0,0,0,100,0,0,0,0,232001,100,0,0,0,263432,100,0,0,0,0,232001,0,232001,0,0,0,0,0,0,100,0,0,232001,232001,0,0,0,100,0,0,0,232001,0,0,100,0,0,0,0,0,0,0,0,0,0,0,0,0,0,0,232001,0
0,0,0,100,0,0,0,242101,0,0,0,100,0,0,0,100,0,0,0,0,242101,100,0,0,0,263527,100,0,0,0,0,242101,0,242101,0,0,0,0,0,0,100,0,0,242101,242101,0,0,0,100,0,0,0,242101,0,0,100,0,0,0,0,0,0,0,0,0,0,0,0,0,0,0,242101,0
0,0,0,100,0,0,0,220101,0,0,0,100,0,0,0,100,0,0,0,0,220101,100,0,0,0,263645,100,0,0,0,0,220101,0,220101,0,0,0,0,0,0,100,0,0,220101,220101,0,0,0,100,0,0,0,220101,0,0,100,0,0,0,0,0,0,0,0,0,0,0,0,0,0,0,220101,0
0,0,0,100,0,0,0,223101,0,0,0,100,0,0,0,100,0,0,0,0,223101,100,0,0,0,263740,100,0,0,0,0,223101,0,223101,0,0,0,0,0,0,100,0,0,223101,223101,0,0,0,100,0,0,0,223101,0,0,100,0,0,0,0,0,0,0,0,0,0,0,0,0,0,0,223101,0
0,0,0,100,0,0,0,220101,0,0,0,100,0,0,0,100,0,0,0,0,220101,100,0,0,0,264156,100,0,0,0,0,220101,0,220101,0,0,0,0,0,0,100,0,0,220101,220101,0,0,0,100,0,0,0,220101,0,0,100,0,0,0,0,0,0,0,0,0,0,0,0,0,0,0,220101,0
0,0,0,100,0,0,0,223101,0,0,0,100,0,0,0,100,0,0,0,0,223101,100,0,0,0,266895,100,0,0,0,0,223101,0,223101,0,0,0,0,0,0,100,0,0,223101,223101,0,0,0,100,0,0,0,223101,0,0,100,0,0,0,0,0,0,0,0,0,0,0,0,0,0,0,223101,0
0,0,0,100,0,0,0,220101,0,0,0,100,0,0,0,100,0,0,0,0,220101,100,0,0,0,268082,100,0,0,0,0,220101,0,220101,0,0,0,0,0,0,100,0,0,220101,220101,0,0,0,100,0,0,0,220101,0,0,100,0,0,0,0,0,0,0,0,0,0,0,0,0,0,0,220101,0
0,0,0,100,0,0,0,221101,0,0,0,100,0,0,0,100,0,0,0,0,221101,100,0,0,0,268428,100,0,0,0,0,221101,0,221101,0,0,0,0,0,0,100,0,0,221101,221101,0,0,0,100,0,0,0,221101,0,0,100,0,0,0,0,0,0,0,0,0,0,0,0,0,0,0,221101,0
0,0,0,100,0,0,0,223101,0,0,0,100,0,0,0,100,0,0,0,0,223101,100,0,0,0,268506,100,0,0,0,0,223101,0,223101,0,0,0,0,0,0,100,0,0,223101,223101,0,0,0,100,0,0,0,223101,0,0,100,0,0,0,0,0,0,0,0,0,0,0,0,0,0,0,223101,0
0,0,0,100,0,0,0,220101,0,0,0,100,0,0,0,100,0,0,0,0,220101,100,0,0,0,268823,100,0,0,0,0,220101,0,220101,0,0,0,0,0,0,100,0,0,220101,220101,0,0,0,100,0,0,0,220101,0,0,100,0,0,0,0,0,0,0,0,0,0,0,0,0,0,0,220101,0
0,0,0,100,0,0,0,220001,0,0,0,100,0,0,0,100,0,0,0,0,220001,100,0,0,0,268877,100,0,0,0,0,220001,0,220001,0,0,0,0,0,0,100,0,0,220001,220001,0,0,0,100,0,0,0,220001,0,0,100,0,0,0,0,0,0,0,0,0,0,0,0,0,0,0,220001,0
0,0,0,100,0,0,0,224001,0,0,0,100,0,0,0,100,0,0,0,0,224001,100,0,0,0,268982,100,0,0,0,0,224001,0,224001,0,0,0,0,0,0,100,0,0,224001,224001,0,0,0,100,0,0,0,224001,0,0,100,0,0,0,0,0,0,0,0,0,0,0,0,0,0,0,224001,0
0,0,0,100,0,0,0,123101,0,0,0,100,0,0,0,100,0,0,0,0,123101,100,0,0,0,269379,100,0,0,0,0,123101,0,123101,0,0,0,0,0,0,100,0,0,123101,123101,0,0,0,100,0,0,0,123101,0,0,100,0,0,0,0,0,0,0,0,0,0,0,0,0,0,0,123101,0
0,0,0,100,0,0,0,252102,0,0,0,100,0,0,0,100,0,0,0,0,252102,100,0,0,0,269629,100,0,0,0,0,252102,0,252102,0,0,0,0,0,0,100,0,0,252102,252102,0,0,0,100,0,0,0,252102,0,0,100,0,0,0,0,0,0,0,0,0,0,0,0,0,0,0,252102,0
0,0,0,100,0,0,0,122101,0,0,0,100,0,0,0,100,0,0,0,0,122101,100,0,0,0,270468,100,0,0,0,0,122101,0,122101,0,0,0,0,0,0,100,0,0,122101,122101,0,0,0,100,0,0,0,122101,0,0,100,0,0,0,0,0,0,0,0,0,0,0,0,0,0,0,122101,0
0,0,0,100,0,0,0,223101,0,0,0,100,0,0,0,100,0,0,0,0,223101,100,0,0,0,270529,100,0,0,0,0,223101,0,223101,0,0,0,0,0,0,100,0,0,223101,223101,0,0,0,100,0,0,0,223101,0,0,100,0,0,0,0,0,0,0,0,0,0,0,0,0,0,0,223101,0
0,0,0,100,0,0,0,223101,0,0,0,100,0,0,0,100,0,0,0,0,223101,100,0,0,0,272472,100,0,0,0,0,223101,0,223101,0,0,0,0,0,0,100,0,0,223101,223101,0,0,0,100,0,0,0,223101,0,0,100,0,0,0,0,0,0,0,0,0,0,0,0,0,0,0,223101,0
0,0,0,100,0,0,0,242101,0,0,0,100,0,0,0,100,0,0,0,0,242101,100,0,0,0,272666,100,0,0,0,0,242101,0,242101,0,0,0,0,0,0,100,0,0,242101,242101,0,0,0,100,0,0,0,242101,0,0,100,0,0,0,0,0,0,0,0,0,0,0,0,0,0,0,242101,0
0,0,0,100,0,0,0,223101,0,0,0,100,0,0,0,100,0,0,0,0,223101,100,0,0,0,273660,100,0,0,0,0,223101,0,223101,0,0,0,0,0,0,100,0,0,223101,223101,0,0,0,100,0,0,0,223101,0,0,100,0,0,0,0,0,0,0,0,0,0,0,0,0,0,0,223101,0
0,0,0,100,0,0,0,223101,0,0,0,100,0,0,0,100,0,0,0,0,223101,100,0,0,0,273934,100,0,0,0,0,223101,0,223101,0,0,0,0,0,0,100,0,0,223101,223101,0,0,0,100,0,0,0,223101,0,0,100,0,0,0,0,0,0,0,0,0,0,0,0,0,0,0,223101,0
0,0,0,100,0,0,0,223101,0,0,0,100,0,0,0,100,0,0,0,0,223101,100,0,0,0,275497,100,0,0,0,0,223101,0,223101,0,0,0,0,0,0,100,0,0,223101,223101,0,0,0,100,0,0,0,223101,0,0,100,0,0,0,0,0,0,0,0,0,0,0,0,0,0,0,223101,0
0,0,0,100,0,0,0,223101,0,0,0,100,0,0,0,100,0,0,0,0,223101,100,0,0,0,276048,100,0,0,0,0,223101,0,223101,0,0,0,0,0,0,100,0,0,223101,223101,0,0,0,100,0,0,0,223101,0,0,100,0,0,0,0,0,0,0,0,0,0,0,0,0,0,0,223101,0
0,0,0,100,0,0,0,223101,0,0,0,100,0,0,0,100,0,0,0,0,223101,100,0,0,0,276070,100,0,0,0,0,223101,0,223101,0,0,0,0,0,0,100,0,0,223101,223101,0,0,0,100,0,0,0,223101,0,0,100,0,0,0,0,0,0,0,0,0,0,0,0,0,0,0,223101,0
0,0,0,100,0,0,0,220101,0,0,0,100,0,0,0,100,0,0,0,0,220101,100,0,0,0,276180,100,0,0,0,0,220101,0,220101,0,0,0,0,0,0,100,0,0,220101,220101,0,0,0,100,0,0,0,220101,0,0,100,0,0,0,0,0,0,0,0,0,0,0,0,0,0,0,220101,0
0,0,0,100,0,0,0,232001,0,0,0,100,0,0,0,100,0,0,0,0,232001,100,0,0,0,276189,100,0,0,0,0,232001,0,232001,0,0,0,0,0,0,100,0,0,232001,232001,0,0,0,100,0,0,0,232001,0,0,100,0,0,0,0,0,0,0,0,0,0,0,0,0,0,0,232001,0
0,0,0,100,0,0,0,223101,0,0,0,100,0,0,0,100,0,0,0,0,223101,100,0,0,0,276544,100,0,0,0,0,223101,0,223101,0,0,0,0,0,0,100,0,0,223101,223101,0,0,0,100,0,0,0,223101,0,0,100,0,0,0,0,0,0,0,0,0,0,0,0,0,0,0,223101,0
0,0,0,100,0,0,0,123101,0,0,0,100,0,0,0,100,0,0,0,0,123101,100,0,0,0,277508,100,0,0,0,0,123101,0,123101,0,0,0,0,0,0,100,0,0,123101,123101,0,0,0,100,0,0,0,123101,0,0,100,0,0,0,0,0,0,0,0,0,0,0,0,0,0,0,123101,0
0,0,0,100,0,0,0,263205,0,0,0,100,0,0,0,100,0,0,0,0,263205,100,0,0,0,277803,100,0,0,0,0,263205,0,263205,0,0,0,0,0,0,100,0,0,263205,263205,0,0,0,100,0,0,0,263205,0,0,100,0,0,0,0,0,0,0,0,0,0,0,0,0,0,0,263205,0
0,0,0,100,0,0,0,220101,0,0,0,100,0,0,0,100,0,0,0,0,220101,100,0,0,0,277869,100,0,0,0,0,220101,0,220101,0,0,0,0,0,0,100,0,0,220101,220101,0,0,0,100,0,0,0,220101,0,0,100,0,0,0,0,0,0,0,0,0,0,0,0,0,0,0,220101,0
0,0,0,100,0,0,0,223101,0,0,0,100,0,0,0,100,0,0,0,0,223101,100,0,0,0,277902,100,0,0,0,0,223101,0,223101,0,0,0,0,0,0,100,0,0,223101,223101,0,0,0,100,0,0,0,223101,0,0,100,0,0,0,0,0,0,0,0,0,0,0,0,0,0,0,223101,0
0,0,0,100,0,0,0,223101,0,0,0,100,0,0,0,100,0,0,0,0,223101,100,0,0,0,278061,100,0,0,0,0,223101,0,223101,0,0,0,0,0,0,100,0,0,223101,223101,0,0,0,100,0,0,0,223101,0,0,100,0,0,0,0,0,0,0,0,0,0,0,0,0,0,0,223101,0
0,0,0,100,0,0,0,234102,0,0,0,100,0,0,0,100,0,0,0,0,234102,100,0,0,0,278159,100,0,0,0,0,234102,0,234102,0,0,0,0,0,0,100,0,0,234102,234102,0,0,0,100,0,0,0,234102,0,0,100,0,0,0,0,0,0,0,0,0,0,0,0,0,0,0,234102,0
0,0,0,100,0,0,0,220101,0,0,0,100,0,0,0,100,0,0,0,0,220101,100,0,0,0,278569,100,0,0,0,0,220101,0,220101,0,0,0,0,0,0,100,0,0,220101,220101,0,0,0,100,0,0,0,220101,0,0,100,0,0,0,0,0,0,0,0,0,0,0,0,0,0,0,220101,0
0,0,0,100,0,0,0,224001,0,0,0,100,0,0,0,100,0,0,0,0,224001,100,0,0,0,278874,100,0,0,0,0,224001,0,224001,0,0,0,0,0,0,100,0,0,224001,224001,0,0,0,100,0,0,0,224001,0,0,100,0,0,0,0,0,0,0,0,0,0,0,0,0,0,0,224001,0
